0 -63.9232 0.0999926 800.079 -0.100026 -0.00309894 -0.1159 0 0 -7.5863e-06 0.748616 0.115179 -0.0670098 -0.815641 -0.0756443 0.640059 0.00689911 -0.051971 0.0512719 -0.738199 -0.0797579 0.00231574 0.00119743 0 -0.051971 -0.0797579 0.00119743 0.100557 0.100045 8.03724 799.999
1 -64.23 0.0992775 807.602 -0.101037 -0.00303384 -0.115642 0 0 -7.66339e-06 0.736713 0.115733 -0.0670186 -0.816969 -0.0742424 0.635719 0.00656843 -0.0833377 0.0492833 -0.739813 -0.0794407 0.00228503 0.00137497 0 -0.0833377 -0.0794407 0.00137497 0.183015 0.113911 8.03724 799.997
2 -64.4969 0.0986086 814.344 -0.10196 -0.00296889 -0.115343 0 0 -7.71659e-06 0.726337 0.116194 -0.0667402 -0.818227 -0.0723993 0.631956 0.00626932 -0.098451 0.047489 -0.741217 -0.0792682 0.00225833 0.0015162 0 -0.098451 -0.0792682 0.0015162 0.208706 0.128665 8.03724 800.165
3 -64.7412 0.0979766 820.396 -0.102837 -0.00291625 -0.115327 0 0 -7.75542e-06 0.716819 0.116599 -0.0662734 -0.819526 -0.0708759 0.628523 0.00599526 -0.100777 0.0458436 -0.742503 -0.0792575 0.00223389 0.0015696 0 -0.100777 -0.0792575 0.0015696 0.212466 0.134274 8.03724 800.562
4 -64.9727 0.0973644 825.843 -0.103693 -0.00286988 -0.115458 0 0 -7.78525e-06 0.707785 0.116965 -0.065679 -0.820862 -0.0695349 0.625279 0.00574202 -0.0973757 0.0443185 -0.74372 -0.0793533 0.00221074 0.00155838 0 -0.0973757 -0.0793533 0.00155838 0.166055 0.124655 8.03724 801.218
5 -65.1497 0.0967778 830.759 -0.10442 -0.00284742 -0.116147 0 0 -7.7859e-06 0.700513 0.117235 -0.0649781 -0.821861 -0.0686631 0.622803 0.00551888 -0.102095 0.0429891 -0.744651 -0.0794026 0.00219302 0.00157297 0 -0.102095 -0.0794026 0.00157297 0.192554 0.129782 8.03724 802.042
6 -65.1787 0.096246 835.207 -0.10477 -0.00289355 -0.118439 0 0 -7.71286e-06 0.697853 0.117279 -0.0642958 -0.821907 -0.0694818 0.622397 0.00535013 -0.114234 0.042045 -0.744804 -0.0792931 0.00219012 0.00166555 0 -0.114234 -0.0792931 0.00166555 0.248056 0.144523 8.03724 802.938
7 -65.3066 0.0957245 839.239 -0.10538 -0.00289127 -0.119593 0 0 -7.68801e-06 0.692025 0.117466 -0.0637079 -0.822688 -0.0691632 0.620612 0.00517049 -0.107518 0.0409846 -0.745477 -0.0793888 0.00217732 0.0016349 0 -0.107518 -0.0793888 0.0016349 0.182683 0.136491 8.03724 803.974
8 -65.4197 0.0952082 842.907 -0.105958 -0.00289506 -0.120896 0 0 -7.65529e-06 0.68666 0.117628 -0.0631276 -0.823389 -0.0690136 0.619037 0.00500709 -0.101782 0.0400233 -0.746072 -0.0794832 0.00216602 0.00160293 0 -0.101782 -0.0794832 0.00160293 0.162982 0.129966 8.03724 805.175
9 -65.5984 0.094694 846.255 -0.106713 -0.00286661 -0.121418 0 0 -7.65302e-06 0.679232 0.117875 -0.0625854 -0.824497 -0.0682859 0.616551 0.00483984 -0.100684 0.039004 -0.747012 -0.0796337 0.00214814 0.00154089 0 -0.100684 -0.0796337 0.00154089 0.190852 0.128264 8.03724 806.476
10 -65.764 0.0942026 849.317 -0.107442 -0.00284257 -0.122045 0 0 -7.64321e-06 0.672259 0.118094 -0.0619853 -0.825468 -0.0675253 0.614251 0.00468536 -0.10331 0.0380629 -0.747883 -0.0797166 0.00213157 0.0015474 0 -0.10331 -0.0797166 0.0015474 0.220209 0.131566 8.03724 807.796
11 -65.9132 0.0937338 852.122 -0.108137 -0.00282494 -0.122829 0 0 -7.62452e-06 0.665826 0.118284 -0.0613519 -0.826299 -0.0669128 0.612183 0.00454367 -0.110034 0.0372024 -0.748668 -0.0797473 0.00211664 0.00157135 0 -0.110034 -0.0797473 0.00157135 0.239763 0.141821 8.03724 809.115
12 -66.0563 0.0932728 854.703 -0.108824 -0.00280984 -0.123677 0 0 -7.60199e-06 0.659597 0.118459 -0.0607124 -0.827218 -0.0663893 0.610205 0.00441185 -0.0985062 0.0364009 -0.74942 -0.0798997 0.00210233 0.00151972 0 -0.0985062 -0.0798997 0.00151972 0.188321 0.125858 8.03724 810.589
13 -66.1991 0.0928176 857.091 -0.109518 -0.0027936 -0.124491 0 0 -7.57846e-06 0.653382 0.118627 -0.0600719 -0.82815 -0.0658518 0.608233 0.00428784 -0.0907409 0.0356433 -0.750172 -0.0800668 0.00208805 0.0014487 0 -0.0907409 -0.0800668 0.0014487 0.160091 0.117607 8.03724 812.161
14 -66.3318 0.0923785 859.306 -0.110193 -0.00278031 -0.125376 0 0 -7.54954e-06 0.64749 0.118776 -0.0594282 -0.828925 -0.0653728 0.606403 0.00417303 -0.0961988 0.0349431 -0.75087 -0.0801305 0.00207477 0.00145509 0 -0.0961988 -0.0801305 0.00145509 0.192509 0.125411 8.03724 813.702
15 -66.4498 0.0919564 861.366 -0.110836 -0.00277258 -0.126401 0 0 -7.5134e-06 0.642055 0.118904 -0.0587933 -0.829587 -0.0650228 0.604778 0.00406788 -0.10218 0.0343057 -0.75149 -0.0801592 0.00206297 0.00147912 0 -0.10218 -0.0801592 0.00147912 0.230324 0.132933 8.03724 815.242
16 -66.5511 0.091559 863.284 -0.111442 -0.00277111 -0.127586 0 0 -7.46947e-06 0.637132 0.11901 -0.0581802 -0.830089 -0.0648141 0.603386 0.00397232 -0.111151 0.0337322 -0.752023 -0.0801183 0.00205283 0.00154943 0 -0.111151 -0.0801183 0.00154943 0.254747 0.146774 8.03724 816.703
17 -66.6395 0.0911777 865.073 -0.112018 -0.00277496 -0.128908 0 0 -7.4197e-06 0.632595 0.119099 -0.0576043 -0.830599 -0.0647403 0.602172 0.00388523 -0.108124 0.0332145 -0.752488 -0.0801549 0.00204399 0.00155532 0 -0.108124 -0.0801549 0.00155532 0.227403 0.140432 8.03724 818.19
18 -66.7296 0.0907939 866.754 -0.112603 -0.00277709 -0.130176 0 0 -7.37059e-06 0.627996 0.119186 -0.0570707 -0.831218 -0.0646516 0.600936 0.00380327 -0.0992653 0.0327258 -0.752962 -0.0802903 0.00203497 0.00148327 0 -0.0992653 -0.0802903 0.00148327 0.191805 0.124607 8.03724 819.811
19 -66.718 0.0904293 868.34 -0.11292 -0.00282437 -0.132672 0 0 -7.27869e-06 0.626491 0.119175 -0.0565669 -0.831114 -0.0654383 0.601094 0.00374606 -0.104184 0.0324355 -0.752902 -0.0802483 0.00203613 0.00151821 0 -0.104184 -0.0802483 0.00151821 0.203527 0.128939 8.03724 821.415
20 -66.7911 0.0900717 869.84 -0.113464 -0.00283164 -0.134047 0 0 -7.22315e-06 0.622353 0.119245 -0.0561967 -0.831552 -0.0655508 0.600092 0.00367848 -0.102975 0.0320421 -0.753286 -0.0802943 0.00202881 0.00150488 0 -0.102975 -0.0802943 0.00150488 0.217 0.134514 8.03724 822.954
21 -66.8359 0.089722 871.262 -0.113934 -0.00285096 -0.135744 0 0 -7.15612e-06 0.619084 0.119286 -0.0558479 -0.831808 -0.0658237 0.599479 0.00362056 -0.104226 0.0317207 -0.753522 -0.0803109 0.00202434 0.00151155 0 -0.104226 -0.0803109 0.00151155 0.200887 0.126049 8.03724 824.515
22 -66.8931 0.0893807 872.613 -0.114441 -0.00286305 -0.137229 0 0 -7.09463e-06 0.615441 0.119338 -0.0555222 -0.832093 -0.0659382 0.598695 0.00356418 -0.114082 0.031402 -0.753823 -0.0802882 0.0020186 0.00153194 0 -0.114082 -0.0802882 0.00153194 0.282589 0.144911 8.03724 826.012
23 -66.9344 0.0890665 873.894 -0.114908 -0.00288178 -0.138889 0 0 -7.02708e-06 0.612286 0.119375 -0.055214 -0.832269 -0.0661902 0.598129 0.00351431 -0.123 0.0311301 -0.754041 -0.0802432 0.00201447 0.00158349 0 -0.123 -0.0802432 0.00158349 0.311648 0.15491 8.03724 827.408
24 -66.9667 0.0887607 875.114 -0.115351 -0.00290439 -0.140649 0 0 -6.95648e-06 0.609401 0.119403 -0.0549377 -0.832474 -0.0665388 0.597688 0.00346958 -0.116189 0.0308938 -0.75421 -0.0802751 0.00201124 0.00158127 0 -0.116189 -0.0802751 0.00158127 0.244211 0.142054 8.03724 828.846
25 -66.9983 0.0884502 876.283 -0.115794 -0.00292659 -0.142384 0 0 -6.88628e-06 0.606531 0.11943 -0.0546951 -0.832713 -0.0668881 0.597255 0.00342821 -0.107924 0.0306784 -0.754377 -0.0803437 0.00200808 0.00154097 0 -0.107924 -0.0803437 0.00154097 0.225577 0.135269 8.03724 830.352
26 -67.0342 0.0881442 877.41 -0.11625 -0.00294585 -0.144021 0 0 -6.81834e-06 0.603537 0.119461 -0.054478 -0.833011 -0.0671784 0.596766 0.00338905 -0.100601 0.0304742 -0.754565 -0.08045 0.00200449 0.00148265 0 -0.100601 -0.08045 0.00148265 0.184459 0.124363 8.03724 831.907
27 -67.0702 0.087833 878.501 -0.116708 -0.00296406 -0.145616 0 0 -6.75104e-06 0.600546 0.119491 -0.0542759 -0.833291 -0.0674398 0.596275 0.00335246 -0.0961166 0.0302851 -0.754755 -0.0805373 0.00200089 0.00143177 0 -0.0961166 -0.0805373 0.00143177 0.170413 0.117374 8.03724 833.498
28 -67.1038 0.0875311 879.559 -0.11716 -0.00298259 -0.147207 0 0 -6.68345e-06 0.59763 0.119518 -0.0540853 -0.833541 -0.067705 0.595815 0.00331862 -0.0914688 0.0301135 -0.754932 -0.0806066 0.00199752 0.00140017 0 -0.0914688 -0.0806066 0.00140017 0.155217 0.115115 8.03724 835.063
29 -67.1345 0.0872317 880.589 -0.117606 -0.00300157 -0.148798 0 0 -6.61536e-06 0.59481 0.119543 -0.0539052 -0.833753 -0.067976 0.595397 0.00328745 -0.090808 0.0299592 -0.755093 -0.0806543 0.00199445 0.00138278 0 -0.090808 -0.0806543 0.00138278 0.150303 0.11425 8.03724 836.636
30 -67.1619 0.0869367 881.594 -0.118044 -0.00302157 -0.150408 0 0 -6.54669e-06 0.592094 0.119565 -0.0537379 -0.833963 -0.0682728 0.595023 0.00325887 -0.0876754 0.0298219 -0.755237 -0.0807172 0.00199172 0.00135081 0 -0.0876754 -0.0807172 0.00135081 0.138328 0.109891 8.03724 838.218
31 -67.1842 0.0866481 882.576 -0.118469 -0.003043 -0.152044 0 0 -6.47685e-06 0.58953 0.119583 -0.0535825 -0.834087 -0.0685916 0.594719 0.00323299 -0.0924105 0.0297033 -0.755355 -0.0807214 0.00198948 0.00135808 0 -0.0924105 -0.0807214 0.00135808 0.186318 0.11606 8.03724 839.75
32 -67.1962 0.0863712 883.533 -0.118866 -0.00306903 -0.153803 0 0 -6.40403e-06 0.587271 0.119592 -0.0534435 -0.834138 -0.0690044 0.594555 0.00321067 -0.0936503 0.0296112 -0.755418 -0.0807081 0.00198828 0.00138086 0 -0.0936503 -0.0807081 0.00138086 0.160819 0.115387 8.03724 841.237
33 -67.1772 0.0861053 884.465 -0.119181 -0.00310127 -0.155702 0 -0.307009 -6.32161e-06 0.58587 0.119579 -0.0533162 -0.833931 -0.0695269 0.594791 0.00319492 -0.107342 0.0295742 -0.755327 -0.0805937 0.00199001 0.00144589 -0.307009 -0.107342 -0.0805937 0.00144589 0.419274 0.139419 8.03724 842.622
34 -67.1222 0.0858701 885.369 -0.119382 -0.0031691 -0.158678 0 0 -6.2267e-06 0.585572 0.119534 -0.0532771 -0.833456 -0.0708125 0.595561 0.00318844 -0.12066 0.0296166 -0.75503 -0.0804221 0.00199566 0.00155439 0 -0.12066 -0.0804221 0.00155439 0.285396 0.147766 8.03724 843.871
35 -67.0995 0.0856382 886.245 -0.119674 -0.00321231 -0.160877 0 0 -6.14501e-06 0.584274 0.119515 -0.0532954 -0.833352 -0.0715988 0.595871 0.0031785 -0.110319 0.0296217 -0.75491 -0.0804398 0.00199793 0.00153488 0 -0.110319 -0.0804398 0.00153488 0.232332 0.134962 8.03724 845.161
36 -67.0858 0.0853932 887.103 -0.11999 -0.00325033 -0.162902 0 0 -6.06757e-06 0.582714 0.119504 -0.053338 -0.83336 -0.0722738 0.596058 0.00316878 -0.102573 0.029624 -0.754838 -0.0805211 0.0019993 0.00146116 0 -0.102573 -0.0805211 0.00146116 0.212301 0.127805 8.03724 846.56
37 -67.0489 0.085163 887.942 -0.120238 -0.00329974 -0.165239 0 0 -5.98336e-06 0.581824 0.119473 -0.0533945 -0.833076 -0.0731473 0.596561 0.00316442 -0.113258 0.0296718 -0.754644 -0.0804347 0.00200299 0.00150399 0 -0.113258 -0.0804347 0.00150399 0.250074 0.135981 8.03724 847.815
38 -67.0184 0.0849389 888.76 -0.120502 -0.00334585 -0.167456 0 0 -5.90261e-06 0.58074 0.119448 -0.0534785 -0.832881 -0.0739658 0.596977 0.00316059 -0.113471 0.0297201 -0.754484 -0.0804028 0.00200603 0.00152147 0 -0.113471 -0.0804028 0.00152147 0.280422 0.142879 8.03724 849.055
39 -66.9266 0.0847282 889.558 -0.120593 -0.00341138 -0.170172 0 -0.305792 -5.80324e-06 0.581376 0.11937 -0.0535536 -0.832294 -0.0750195 0.598209 0.00316775 -0.121094 0.0298677 -0.75401 -0.0802997 0.00201506 0.00156484 -0.305792 -0.121094 -0.0802997 0.00156484 0.45935 0.184034 8.03724 850.244
40 -66.8255 0.0845374 890.337 -0.12064 -0.00351265 -0.173976 0 0 -5.70175e-06 0.582293 0.119277 -0.0537725 -0.831632 -0.0771003 0.599613 0.00318033 -0.124345 0.0300606 -0.75347 -0.0801873 0.00202532 0.00161692 0 -0.124345 -0.0801873 0.00161692 0.310962 0.15457 8.03724 851.353
41 -66.7161 0.0843403 891.099 -0.120666 -0.00358975 -0.176932 0 -0.304831 -5.60035e-06 0.583355 0.119176 -0.0539987 -0.831048 -0.0783564 0.601091 0.00319523 -0.116642 0.0302718 -0.752903 -0.0801808 0.0020361 0.00158215 -0.304831 -0.116642 -0.0801808 0.00158215 0.437872 0.181442 8.03724 852.551
42 -66.636 0.0841601 891.848 -0.120759 -0.00368217 -0.18038 0 0 -5.50934e-06 0.583616 0.119096 -0.054344 -0.830525 -0.0802844 0.602209 0.00320894 -0.125141 0.0304667 -0.752474 -0.0800955 0.00204426 0.00161358 0 -0.125141 -0.0800955 0.00161358 0.348735 0.159294 8.03724 853.647
43 -66.5772 0.0839753 892.577 -0.120913 -0.00374596 -0.182915 0 0 -5.42708e-06 0.583244 0.119037 -0.0546844 -0.830126 -0.0814143 0.603016 0.00322016 -0.127739 0.0306346 -0.752165 -0.0800109 0.00205014 0.00164323 0 -0.127739 -0.0800109 0.00164323 0.378198 0.164793 8.03724 854.666
44 -66.5146 0.0837974 893.286 -0.121052 -0.00381252 -0.185497 0 0 -5.345e-06 0.582989 0.118973 -0.0550136 -0.829756 -0.0825891 0.603876 0.00323306 -0.129929 0.0308153 -0.751836 -0.0799768 0.0020564 0.00164914 0 -0.129929 -0.0799768 0.00164914 0.348577 0.158376 8.03724 855.685
45 -66.4464 0.0836176 893.981 -0.12117 -0.0038836 -0.188177 0 0 -5.26257e-06 0.582895 0.118901 -0.0553375 -0.829427 -0.083834 0.604814 0.00324792 -0.117128 0.0310116 -0.751477 -0.0800133 0.00206322 0.00160957 0 -0.117128 -0.0800133 0.00160957 0.264911 0.145772 8.03724 856.767
46 -66.3887 0.0834386 894.666 -0.121313 -0.00394804 -0.190634 0 0 -5.18474e-06 0.582508 0.11884 -0.0556642 -0.829132 -0.0849753 0.605607 0.00326209 -0.115133 0.0311982 -0.751174 -0.0800268 0.00206899 0.00158663 0 -0.115133 -0.0800268 0.00158663 0.263957 0.15071 8.03724 857.854
47 -66.3306 0.0832557 895.344 -0.121451 -0.00401308 -0.193079 0 0 -5.10805e-06 0.58214 0.118776 -0.0559819 -0.828827 -0.0860973 0.606407 0.0032771 -0.113825 0.0313901 -0.750868 -0.0800334 0.0020748 0.00155894 0 -0.113825 -0.0800334 0.00155894 0.252086 0.136906 8.03724 858.985
48 -66.1564 0.0830856 896.013 -0.121247 -0.00413666 -0.197052 0 0 -4.99797e-06 0.585005 0.118579 -0.0562439 -0.827725 -0.0879939 0.608809 0.00331169 -0.124367 0.0317666 -0.749952 -0.0798651 0.00209222 0.00161823 0 -0.124367 -0.0798651 0.00161823 0.46545 0.203296 8.03724 860.044
49 -66.0769 0.0829394 896.668 -0.121309 -0.00423681 -0.200432 0 0 -4.91816e-06 0.585154 0.118485 -0.0566837 -0.827163 -0.0901453 0.609905 0.00333419 -0.131556 0.0320227 -0.749534 -0.0797285 0.00210016 0.00169943 0 -0.131556 -0.0797285 0.00169943 0.3764 0.174681 8.03724 860.915
50 -65.9886 0.082795 897.304 -0.12134 -0.00432415 -0.203344 0 0 -4.8372e-06 0.585554 0.118379 -0.0571089 -0.826542 -0.0916583 0.611124 0.00335903 -0.14331 0.0322985 -0.749071 -0.0795805 0.00210898 0.00175961 0 -0.14331 -0.0795805 0.00175961 0.475077 0.194567 8.03724 861.747
51 -65.8869 0.0826612 897.916 -0.121325 -0.00442243 -0.206509 0 0 -4.75376e-06 0.586324 0.118253 -0.0575324 -0.825836 -0.0933582 0.612531 0.00338719 -0.149644 0.0326034 -0.748536 -0.0794193 0.00211915 0.00183714 0 -0.149644 -0.0794193 0.00183714 0.44138 0.188085 8.03724 862.515
52 -65.6937 0.0825494 898.506 -0.121034 -0.00458859 -0.21143 0 0 -4.64577e-06 0.589585 0.118004 -0.0579448 -0.82467 -0.096104 0.615209 0.00343199 -0.14545 0.0330649 -0.74752 -0.079289 0.00213847 0.0018674 0 -0.14545 -0.079289 0.0018674 0.37849 0.190472 8.03724 863.318
53 -65.5416 0.0824247 899.088 -0.120853 -0.00473419 -0.21571 0 0 -4.55167e-06 0.591636 0.117799 -0.0585037 -0.823867 -0.0990142 0.617322 0.00347367 -0.134919 0.0334915 -0.74672 -0.0793004 0.00215369 0.00179985 0 -0.134919 -0.0793004 0.00179985 0.354076 0.163553 8.03724 864.245
54 -65.4449 0.0822754 899.659 -0.120827 -0.00483555 -0.218745 0 0 -4.47485e-06 0.592174 0.117665 -0.0590828 -0.823343 -0.100762 0.618667 0.00350751 -0.131566 0.0338398 -0.746212 -0.0792946 0.00216335 0.00176176 0 -0.131566 -0.0792946 0.00176176 0.300889 0.155815 8.03724 865.145
55 -65.2082 0.0821529 900.222 -0.120381 -0.00504525 -0.224489 0 0 -4.36081e-06 0.596512 0.117324 -0.0595916 -0.821902 -0.104111 0.621965 0.00356603 -0.141859 0.0344226 -0.744967 -0.0791221 0.00218702 0.00180559 0 -0.141859 -0.0791221 0.00180559 0.434763 0.197356 8.03724 865.991
56 -65.1038 0.0820241 900.776 -0.120315 -0.00516405 -0.227831 0 0 -4.28531e-06 0.597192 0.117169 -0.0602631 -0.821279 -0.106548 0.623422 0.00360589 -0.144264 0.0348209 -0.744418 -0.0790577 0.00219746 0.00182786 0 -0.144264 -0.0790577 0.00182786 0.425482 0.178506 8.03724 866.77
57 -64.9594 0.0819103 901.314 -0.120124 -0.00531152 -0.231805 0 0 -4.2004e-06 0.598968 0.116948 -0.0608829 -0.820327 -0.108996 0.62544 0.0036534 -0.155364 0.0352903 -0.743659 -0.07888 0.00221189 0.00191223 0 -0.155364 -0.07888 0.00191223 0.4552 0.195122 8.03724 867.459
58 -64.8334 0.0818001 901.834 -0.119981 -0.00544611 -0.235381 0 0 -4.12205e-06 0.600243 0.11675 -0.0615065 -0.819491 -0.111252 0.627204 0.00369917 -0.164295 0.0357396 -0.742997 -0.0787186 0.00222448 0.00198401 0 -0.164295 -0.0787186 0.00198401 0.483613 0.20878 8.03724 868.077
59 -64.7034 0.0816928 902.335 -0.119818 -0.00558819 -0.239075 0 0 -4.04406e-06 0.60163 0.11654 -0.0621132 -0.818699 -0.113589 0.629028 0.00374673 -0.161483 0.0362033 -0.742313 -0.078623 0.00223749 0.00200403 0 -0.161483 -0.078623 0.00200403 0.498797 0.20773 8.03724 868.711
60 -64.5737 0.0815876 902.819 -0.119649 -0.0057334 -0.242774 0 0 -3.96763e-06 0.603004 0.116326 -0.0627103 -0.817967 -0.115961 0.63085 0.00379535 -0.154091 0.0366742 -0.741631 -0.0785866 0.00225046 0.00198262 0 -0.154091 -0.0785866 0.00198262 0.40075 0.184847 8.03724 869.381
61 -64.4496 0.0814725 903.294 -0.119491 -0.00587655 -0.246354 0 0 -3.89408e-06 0.604225 0.116117 -0.0632989 -0.817328 -0.118267 0.632597 0.003844 -0.139271 0.0371426 -0.740978 -0.0786129 0.00226288 0.00191173 0 -0.139271 -0.0786129 0.00191173 0.389956 0.187486 8.03724 870.091
62 -64.1354 0.0813797 903.766 -0.118761 -0.00617132 -0.253298 0 -0.293342 -3.7736e-06 0.610412 0.115571 -0.0637957 -0.815492 -0.122826 0.637005 0.00392738 -0.148673 0.0379422 -0.739334 -0.0784525 0.00229414 0.00191459 -0.293342 -0.148673 -0.0784525 0.00191459 0.595457 0.239919 8.03724 870.88
63 -63.9252 0.0813012 904.236 -0.118323 -0.00643213 -0.259412 0 -0.292595 -3.68181e-06 0.613726 0.11519 -0.0645421 -0.814163 -0.127756 0.639977 0.00399923 -0.159169 0.0386234 -0.738229 -0.0782489 0.00231516 0.00199735 -0.292595 -0.159169 -0.0782489 0.00199735 0.70008 0.22455 8.03724 871.463
64 -63.674 0.0812402 904.687 -0.117751 -0.00673338 -0.266218 0 -0.29179 -3.58163e-06 0.618068 0.114718 -0.0653087 -0.812464 -0.132755 0.643536 0.00408204 -0.184562 0.0394048 -0.736909 -0.0778952 0.00234027 0.0021791 -0.29179 -0.184562 -0.0778952 0.0021791 0.74292 0.248227 8.03724 871.815
65 -63.3428 0.0811936 905.114 -0.116924 -0.00712518 -0.274749 0 0 -3.46322e-06 0.624491 0.114069 -0.0660593 -0.810453 -0.138885 0.648267 0.0041835 -0.181806 0.04036 -0.735159 -0.0776671 0.00237353 0.00224947 0 -0.181806 -0.0776671 0.00224947 0.473094 0.223976 8.03724 872.272
66 -63.0462 0.0811548 905.528 -0.116191 -0.00752143 -0.283138 0 0 -3.35628e-06 0.629831 0.113467 -0.0669595 -0.808653 -0.145773 0.652499 0.00428557 -0.18512 0.0413128 -0.7336 -0.0774564 0.00240319 0.00228526 0 -0.18512 -0.0774564 0.00228526 0.586828 0.23631 8.03724 872.658
67 -62.8671 0.0810997 905.92 -0.115802 -0.00776725 -0.28807 0 0 -3.28017e-06 0.632112 0.113094 -0.0679068 -0.807438 -0.14962 0.655059 0.00436917 -0.198915 0.0420821 -0.732659 -0.0772006 0.00242109 0.0023924 0 -0.198915 -0.0772006 0.0023924 0.728445 0.27779 8.03724 872.886
68 -62.6798 0.0810523 906.286 -0.115381 -0.00803374 -0.293312 0 0 -3.20352e-06 0.634646 0.112696 -0.0687811 -0.806364 -0.153564 0.657743 0.00445574 -0.193615 0.0428754 -0.731674 -0.0771304 0.00243981 0.00238913 0 -0.193615 -0.0771304 0.00238913 0.58418 0.238383 8.03724 873.232
69 -62.4944 0.0809984 906.638 -0.114959 -0.00830614 -0.298539 0 0 -3.12876e-06 0.637153 0.112294 -0.0696028 -0.80531 -0.157525 0.660407 0.00454349 -0.184932 0.0436754 -0.730698 -0.0770697 0.00245836 0.00235562 0 -0.184932 -0.0770697 0.00235562 0.552211 0.239699 8.03724 873.605
70 -62.285 0.0809283 906.984 -0.114456 -0.00860503 -0.304121 0 0 -3.04975e-06 0.640282 0.111831 -0.0703601 -0.804125 -0.161768 0.663419 0.00463728 -0.186297 0.0445286 -0.729597 -0.0770075 0.0024793 0.00231665 0 -0.186297 -0.0770075 0.00231665 0.53946 0.228202 8.03724 874.116
71 -62.1023 0.0808591 907.322 -0.114028 -0.00890658 -0.309684 0 0 -2.97856e-06 0.642702 0.11142 -0.0711195 -0.803026 -0.166114 0.666052 0.00472826 -0.182929 0.0453494 -0.728637 -0.0768864 0.00249756 0.00233385 0 -0.182929 -0.0768864 0.00233385 0.558804 0.23867 8.03724 874.5
72 -61.874 0.0807909 907.652 -0.113453 -0.00927101 -0.316266 0 0 -2.89809e-06 0.64627 0.110897 -0.0718255 -0.801719 -0.171273 0.669351 0.0048304 -0.178943 0.0462716 -0.727436 -0.0768028 0.0025204 0.0023366 0 -0.178943 -0.0768028 0.0023366 0.507898 0.215438 8.03724 874.986
73 -61.6961 0.0807062 907.981 -0.113025 -0.00957314 -0.321504 0 0 -2.83077e-06 0.648539 0.110482 -0.0725456 -0.800758 -0.175369 0.671926 0.00492473 -0.168101 0.0471136 -0.726501 -0.0767956 0.00253819 0.00226692 0 -0.168101 -0.0767956 0.00226692 0.492999 0.206238 8.03724 875.566
74 -61.5053 0.0806376 908.303 -0.112551 -0.00989423 -0.326937 0 0 -2.76177e-06 0.65114 0.110031 -0.0732142 -0.799448 -0.179561 0.674692 0.00502286 -0.193974 0.0479869 -0.725498 -0.0765078 0.00255726 0.002404 0 -0.193974 -0.0765078 0.002404 0.682361 0.250637 8.03724 875.886
75 -61.2976 0.080593 908.603 -0.112019 -0.0102595 -0.333046 0 0 -2.6902e-06 0.654149 0.109532 -0.0738498 -0.798148 -0.184357 0.677709 0.00512644 -0.199137 0.0489066 -0.724406 -0.0763207 0.00257803 0.00249521 0 -0.199137 -0.0763207 0.00249521 0.658587 0.25914 8.03724 876.135
76 -61.0751 0.0805696 908.882 -0.111436 -0.0106581 -0.339572 0 0 -2.61666e-06 0.657497 0.108989 -0.0744631 -0.796696 -0.189554 0.680947 0.00523554 -0.211586 0.0498728 -0.723236 -0.0760602 0.00260027 0.00260663 0 -0.211586 -0.0760602 0.00260663 0.798131 0.299515 8.03724 876.222
77 -60.8242 0.0805698 909.133 -0.11076 -0.0111279 -0.347166 0 0 -2.5382e-06 0.661501 0.108367 -0.0750584 -0.795017 -0.195699 0.684606 0.00535397 -0.234942 0.0509207 -0.721918 -0.0757248 0.00262534 0.00277338 0 -0.234942 -0.0757248 0.00277338 0.902738 0.320608 8.03724 876.169
78 -60.5262 0.0806043 909.349 -0.109932 -0.0116997 -0.35625 0 0 -2.45082e-06 0.666603 0.107615 -0.0756334 -0.793018 -0.203207 0.688964 0.00548693 -0.259302 0.0520986 -0.720351 -0.0753213 0.00265513 0.00296974 0 -0.259302 -0.0753213 0.00296974 1.00759 0.363608 8.03724 875.892
79 -60.2354 0.0806505 909.531 -0.109118 -0.0123054 -0.365633 0 0 -2.36666e-06 0.671431 0.106868 -0.0762433 -0.791249 -0.21105 0.693228 0.00562427 -0.259676 0.0533086 -0.718823 -0.0751111 0.0026842 0.00303246 0 -0.259676 -0.0751111 0.00303246 1.00309 0.350078 8.03724 875.627
80 -59.941 0.0806791 909.689 -0.108284 -0.0129494 -0.375327 0 0 -2.28325e-06 0.676278 0.106098 -0.0768599 -0.78954 -0.219143 0.697559 0.00576802 -0.248414 0.0545699 -0.717274 -0.0749797 0.00271365 0.0030142 0 -0.248414 -0.0749797 0.0030142 0.925537 0.341325 8.03724 875.459
81 -59.6527 0.0806919 909.835 -0.107462 -0.013618 -0.385095 0 0 -2.20271e-06 0.680912 0.105333 -0.077481 -0.787836 -0.227271 0.70181 0.00591597 -0.253073 0.0558611 -0.715758 -0.0748198 0.00274248 0.00302553 0 -0.253073 -0.0748198 0.00302553 0.9857 0.343135 8.03724 875.382
82 -59.3102 0.0807052 909.966 -0.106467 -0.0143704 -0.39571 0 0 -2.11206e-06 0.686822 0.10441 -0.0780434 -0.785749 -0.236316 0.706873 0.0060816 -0.258054 0.0573087 -0.713958 -0.0745684 0.00277672 0.00310443 0 -0.258054 -0.0745684 0.00310443 0.955212 0.353043 8.03724 875.228
83 -58.8245 0.0807573 910.078 -0.10503 -0.0155746 -0.412709 0 -0.270074 -1.99305e-06 0.69601 0.103082 -0.0785243 -0.782673 -0.251302 0.714057 0.00629004 -0.286808 0.0591446 -0.711412 -0.074086 0.00282513 0.00328863 -0.270074 -0.286808 -0.074086 0.00328863 1.32229 0.407313 8.03724 874.879
84 -58.3293 0.0808512 910.158 -0.10355 -0.0169344 -0.431172 0 -0.267793 -1.8739e-06 0.705206 0.101697 -0.0790579 -0.779432 -0.267701 0.721434 0.00651584 -0.310288 0.0611256 -0.708809 -0.0734982 0.00287464 0.00360077 -0.267793 -0.310288 -0.0734982 0.00360077 1.37058 0.457948 8.03724 874.176
85 -57.8733 0.0809485 910.204 -0.102175 -0.0184729 -0.451359 0 0 -1.76476e-06 0.713256 0.100397 -0.0796627 -0.776565 -0.285365 0.728272 0.00674812 -0.320944 0.0631484 -0.706404 -0.0730809 0.00292036 0.00374488 0 -0.320944 -0.0730809 0.00374488 1.31361 0.452739 8.03724 873.514
86 -57.4502 0.0810281 910.217 -0.100896 -0.0199023 -0.469016 0 0 -1.66456e-06 0.720397 0.0991783 -0.0802707 -0.774031 -0.300617 0.734619 0.00698384 -0.3239 0.0651856 -0.70418 -0.0728128 0.00296265 0.00380531 0 -0.3239 -0.0728128 0.00380531 1.33513 0.429009 8.03724 872.975
87 -56.92 0.0811282 910.198 -0.0992831 -0.0217587 -0.491138 0 0 -1.54396e-06 0.729967 0.0976318 -0.0807514 -0.770655 -0.320436 0.742603 0.00725955 -0.352821 0.0675758 -0.701393 -0.0722777 0.00301565 0.00403839 0 -0.352821 -0.0722777 0.00403839 1.45819 0.475823 8.03724 872.202
88 -56.3991 0.0812633 910.134 -0.0976905 -0.0238545 -0.515017 0 0 -1.42721e-06 0.739109 0.0960948 -0.0812248 -0.767381 -0.341635 0.750475 0.00754969 -0.37674 0.0700774 -0.698656 -0.0717932 0.00306771 0.00422274 0 -0.37674 -0.0717932 0.00422274 1.56479 0.506964 8.03724 871.165
89 -55.8339 0.0814465 910.016 -0.0959548 -0.0263288 -0.541813 0 0 -1.30324e-06 0.749098 0.0944102 -0.0816259 -0.763822 -0.365749 0.75905 0.00786913 -0.391165 0.0728262 -0.695685 -0.0712619 0.00312421 0.0044627 0 -0.391165 -0.0712619 0.0044627 1.64715 0.563261 8.03724 869.833
90 -55.236 0.0816025 909.86 -0.0941116 -0.0292769 -0.57203 0 0 -1.17446e-06 0.75961 0.0926126 -0.0819643 -0.760328 -0.393239 0.768159 0.00821789 -0.387645 0.0758187 -0.692541 -0.0709705 0.00318399 0.00448552 0 -0.387645 -0.0709705 0.00448552 1.56508 0.532192 8.03724 868.855
91 -54.5366 0.0817567 909.676 -0.0919522 -0.0328626 -0.606444 0 0 -1.02711e-06 0.772228 0.0904955 -0.0821559 -0.756004 -0.425379 0.778857 0.00861697 -0.409193 0.0792444 -0.688865 -0.0703928 0.0032539 0.00472029 0 -0.409193 -0.0703928 0.00472029 1.8519 0.597344 8.03724 867.768
92 -53.7432 0.0819826 909.452 -0.0894989 -0.0380533 -0.653026 0 0 -8.6295e-07 0.786481 0.0880823 -0.0822348 -0.750987 -0.470803 0.791044 0.00907584 -0.44057 0.0831818 -0.684695 -0.0696244 0.00333319 0.00508783 0 -0.44057 -0.0696244 0.00508783 1.93717 0.645685 8.03724 866.339
93 -52.866 0.0821916 909.185 -0.0867836 -0.0442491 -0.70327 0 0 -6.84063e-07 0.802181 0.0854077 -0.0821793 -0.745702 -0.521307 0.804584 0.00959483 -0.44521 0.0876282 -0.680085 -0.0690378 0.00342087 0.00529457 0 -0.44521 -0.0690378 0.00529457 1.8341 0.634313 8.03724 865.123
94 -51.9468 0.0824088 908.88 -0.0839349 -0.052236 -0.761257 0 0 -4.98831e-07 0.818172 0.0826088 -0.0820356 -0.740019 -0.582903 0.818836 0.0101705 -0.475772 0.0925447 -0.675254 -0.0682776 0.00351274 0.00559307 0 -0.475772 -0.0682776 0.00559307 2.01506 0.663796 8.03724 863.695
95 -50.9107 0.0826374 908.529 -0.0807294 -0.062593 -0.826828 0 -0.235798 -2.92544e-07 0.836058 0.0794737 -0.0817027 -0.733623 -0.658468 0.834954 0.0108315 -0.508395 0.0981832 -0.669815 -0.0674239 0.00361616 0.00595387 -0.235798 -0.508395 -0.0674239 0.00595387 2.32475 0.723537 8.03724 862.134
96 -49.5501 0.0829682 908.115 -0.0765268 -0.0787982 -0.913193 0 0 -2.36686e-08 0.860148 0.0753957 -0.0809304 -0.724944 -0.771703 0.85626 0.0116612 -0.589186 0.105286 -0.66266 -0.0660356 0.00375223 0.00665433 0 -0.589186 -0.0660356 0.00665433 2.74422 0.861418 8.03724 859.877
97 -47.7964 0.0834193 907.615 -0.0711321 -0.105236 -1.02219 0 0 3.20493e-07 0.891001 0.0702572 -0.0796325 -0.713821 -0.946065 0.883834 0.0127134 -0.689063 0.114316 -0.653447 -0.0643013 0.00392743 0.0075454 0 -0.689063 -0.0643013 0.0075454 3.46614 1.05991 8.03724 856.981
98 -45.7962 0.0840077 907.005 -0.0649942 -0.145153 -1.13115 0 -0.213939 7.1165e-07 0.92415 0.0646028 -0.0779702 -0.701218 -1.20333 0.915402 0.0139795 -0.789213 0.125169 -0.642946 -0.062399 0.00412713 0.00853397 -0.213939 -0.789213 -0.062399 0.00853397 4.27301 1.26805 8.03724 853.282
99 -43.3058 0.0848841 906.223 -0.0573714 -0.205605 -1.20476 0 0 1.19934e-06 0.963797 0.0579229 -0.0756082 -0.684842 -1.60258 0.954838 0.0155791 -1.02242 0.13889 -0.629861 -0.059356 0.00437596 0.0103057 0 -1.02242 -0.059356 0.0103057 5.59232 1.68459 8.03724 847.446
100 -40.0659 0.0862081 905.157 -0.0475002 -0.287986 -1.15234 0 -0.190168 1.8362e-06 1.01242 0.0499268 -0.0722059 -0.66347 -2.28847 1.00606 0.0176712 -1.3662 0.156852 -0.612853 -0.0553166 0.0046994 0.0124556 -0.190168 -1.3662 -0.0553166 0.0124556 8.4222 2.51406 8.03724 838.537
101 -35.4037 0.0884361 903.637 -0.0333625 -0.345647 -0.815173 0 -0.685488 2.76102e-06 1.07694 0.0398729 -0.0668922 -0.632904 -3.66897 1.07911 0.0206554 -1.89472 0.182508 -0.588388 -0.0496807 0.00516465 0.0147374 -0.685488 -1.89472 -0.0496807 0.0147374 13.7184 3.97186 8.03724 824.443
102 -28.4299 0.0924729 901.387 -0.0123109 -0.238611 -0.312589 0 -1.44868 4.16857e-06 1.15781 0.0279348 -0.0584974 -0.588125 -6.52645 1.18531 0.0253837 -2.49334 0.223088 -0.551803 -0.0421824 0.00586038 0.0163504 -1.44868 -2.49334 -0.0421824 0.0163504 22.2096 6.68605 8.03724 801.235
103 -17.7356 0.0992821 898.197 0.0198572 -0.0773922 -0.0737708 0 -1.92803 6.40808e-06 1.23543 0.0156478 -0.0451162 -0.523801 -10.0317 1.33618 0.0355527 -2.57021 0.309477 -0.495652 -0.0350773 0.00692819 0.0167363 -1.92803 -2.57021 -0.0350773 0.0167363 27.9656 9.12613 8.03724 771.406
104 -4.50736 0.107749 894.419 0.0594662 -0.0191724 -0.0169028 0 -5.05138 9.46053e-06 1.2142 0.00734364 -0.02809 -0.44773 -7.5644 1.49491 0.0681333 -2.11307 0.577744 -0.426078 -0.0299029 0.00825125 0.0167322 -5.05138 -2.11307 -0.0299029 0.0167322 25.7686 8.67864 8.03724 745.971
105 5.88773 0.115583 890.601 0.0901521 -0.0069153 -0.00558425 0 -7.83188 1.26192e-05 1.03829 0.00396604 -0.014516 -0.388834 -2.61587 1.59516 0.155301 -1.65453 1.24553 -0.371325 -0.026801 0.00929248 0.016624 -7.83188 -1.65453 -0.026801 0.016624 22.5323 7.30534 8.03724 727.186
106 11.5854 0.1221 886.946 0.106258 -0.00377338 -0.00281764 0 -6.69315 1.57851e-05 0.827809 0.00281047 -0.00705286 -0.35752 -0.497992 1.64121 0.298284 -1.27148 2.21496 -0.341241 -0.0261431 0.00986457 0.0163702 -6.69315 -1.27148 -0.0261431 0.0163702 17.8229 5.76448 8.03724 713.183
107 13.9971 0.126875 883.543 0.112193 -0.00254021 -0.00182027 0 -6.20412 1.91235e-05 0.679813 0.0024264 -0.00389695 -0.345457 -0.0671581 1.6589 0.461951 -0.96242 3.14968 -0.328501 -0.0270621 0.0101068 0.0159273 -6.20412 -0.96242 -0.0270621 0.0159273 13.778 4.42452 8.03724 704.547
108 14.1368 0.130216 880.478 0.111332 -0.00188563 -0.00134705 0 -4.76821 2.24112e-05 0.599909 0.00240408 -0.00368958 -0.346195 -0.00819727 1.65997 0.615897 -0.760005 3.84634 -0.327702 -0.0286153 0.010122 0.0154421 -4.76821 -0.760005 -0.0286153 0.0154421 10.6469 3.45348 8.03724 699.554
109 12.6831 0.132499 877.754 0.105949 -0.00147615 -0.00108159 0 -4.79708 2.51115e-05 0.576906 0.00262549 -0.00554665 -0.35579 -0.00120807 1.64955 0.736889 -0.644502 4.22176 -0.335332 -0.0304352 0.00997696 0.0149309 -4.79708 -0.644502 -0.0304352 0.0149309 9.00886 2.91541 8.03724 696.673
110 10.665 0.134105 875.376 0.0991855 -0.00117589 -0.000891584 0 -3.80695 2.72002e-05 0.592558 0.00296551 -0.0081137 -0.368534 -0.000279934 1.63446 0.822836 -0.547732 4.34062 -0.345911 -0.0323989 0.00977578 0.014341 -3.80695 -0.547732 -0.0323989 0.014341 7.52038 2.51692 8.03724 695.605
111 8.46226 0.135271 873.34 0.0921092 -0.000941999 -0.000742316 0 -4.2284 2.87202e-05 0.631201 0.0033872 -0.0109149 -0.381949 -0.000158404 1.61708 0.877276 -0.511875 4.28244 -0.357504 -0.0340002 0.00955531 0.0139292 -4.2284 -0.511875 -0.0340002 0.0139292 7.05428 2.32241 8.03724 695.433
112 6.20302 0.136088 871.634 0.0850831 -0.000755845 -0.000623074 0 -4.28082 2.97656e-05 0.681336 0.0038795 -0.0137738 -0.395792 -0.00018435 1.59831 0.906239 -0.473421 4.11673 -0.369388 -0.0357331 0.00932931 0.0133841 -4.28082 -0.473421 -0.0357331 0.0133841 6.37384 2.06417 8.03724 696.164
113 3.76058 0.136596 870.244 0.0777331 -0.000609597 -0.00053396 0 -3.83476 3.03064e-05 0.736265 0.0044888 -0.0168515 -0.410722 -0.00026867 1.57693 0.913099 -0.42122 3.88384 -0.382224 -0.0375831 0.00908521 0.0128038 -3.83476 -0.42122 -0.0375831 0.0128038 5.56734 1.82675 8.03724 697.478
114 1.14983 0.13673 869.139 0.0700754 -0.000494167 -0.000475959 0 -3.99392 3.03491e-05 0.797587 0.00524282 -0.0201367 -0.426741 -0.000424741 1.55274 0.900764 -0.360902 3.61425 -0.395963 -0.0396016 0.00882395 0.012061 -3.99392 -0.360902 -0.0396016 0.012061 4.98666 1.66961 8.03724 699.423
115 -1.17523 0.136645 868.308 0.063338 -0.000397689 -0.000440281 0 -3.78964 3.02427e-05 0.860706 0.00601507 -0.0230475 -0.440841 -0.000652178 1.53006 0.879431 -0.343364 3.35206 -0.40819 -0.0412421 0.00859142 0.011467 -3.78964 -0.343364 -0.0412421 0.011467 4.65804 1.49415 8.03724 701.865
116 -3.43472 0.136442 867.717 0.0568903 -0.000319668 -0.00043669 0 -3.24033 2.99128e-05 0.922967 0.00686846 -0.0258667 -0.454291 -0.000984621 1.50699 0.850552 -0.333425 3.10075 -0.420064 -0.0425922 0.00836562 0.0111216 -3.24033 -0.333425 -0.0425922 0.0111216 4.15597 1.41212 8.03724 704.335
117 -5.61891 0.136064 867.344 0.0507269 -0.000256615 -0.000472483 0 -3.30661 2.94045e-05 0.983594 0.00780374 -0.0285899 -0.46743 -0.00146138 1.48367 0.817067 -0.31373 2.86728 -0.431558 -0.0440198 0.00814705 0.0106557 -3.30661 -0.31373 -0.0440198 0.0106557 3.84465 1.309 8.03724 707.108
118 -7.79094 0.135533 867.171 0.0446745 -0.000206097 -0.000555788 0 -3.0187 2.87186e-05 1.03955 0.00885214 -0.0312924 -0.480612 -0.00211654 1.45954 0.780831 -0.282808 2.65254 -0.442977 -0.045565 0.00792989 0.0100764 -3.0187 -0.282808 -0.045565 0.0100764 3.60704 1.18695 8.03724 710.161
119 -9.7476 0.134971 867.177 0.0392605 -0.000164713 -0.000697423 0 -2.90336 2.80198e-05 1.09425 0.00991003 -0.0337229 -0.492241 -0.00300156 1.43698 0.745269 -0.274081 2.46355 -0.453269 -0.0467068 0.00773418 0.00975019 -2.90336 -0.274081 -0.0467068 0.00975019 3.23128 1.15582 8.03724 713.249
120 -11.9537 0.134242 867.35 0.0332309 -0.000132879 -0.000930146 0 -2.85933 2.70081e-05 1.14029 0.0112455 -0.0364678 -0.505783 -0.00418747 1.41062 0.707141 -0.233215 2.2846 -0.464873 -0.048423 0.0075135 0.00901797 -2.85933 -0.233215 -0.048423 0.00901797 3.01269 0.998825 8.03724 716.611
121 -13.5852 0.133529 867.671 0.0287716 -0.000106017 -0.00124269 0 -3.39725 2.62913e-05 1.18999 0.0123421 -0.0384932 -0.515337 -0.00568156 1.39048 0.674869 -0.254287 2.1394 -0.473471 -0.0492153 0.00734999 0.00880634 -3.39725 -0.254287 -0.0492153 0.00880634 3.28701 1.05455 8.03724 720.003
122 -15.3822 0.132794 868.127 0.0239201 -8.59272e-05 -0.00166276 0 -3.00097 2.53661e-05 1.22962 0.013661 -0.040722 -0.526053 -0.00751102 1.36777 0.642103 -0.243585 2.00338 -0.482915 -0.0503085 0.00717041 0.00851396 -3.00097 -0.243585 -0.0503085 0.00851396 2.78431 0.94635 8.03724 723.389
123 -16.9224 0.132057 868.707 0.0197725 -7.07788e-05 -0.00220215 0 -3.25243 2.45511e-05 1.26725 0.014897 -0.0426329 -0.535241 -0.00966277 1.34778 0.612803 -0.242335 1.88668 -0.491024 -0.0512327 0.00701619 0.00818428 -3.25243 -0.242335 -0.0512327 0.00818428 3.05627 0.936364 8.03724 726.858
124 -18.4747 0.131343 869.398 0.0156422 -6.06897e-05 -0.00285553 0 -1.75422 2.36707e-05 1.297 0.0162386 -0.0445493 -0.54448 -0.012103 1.32732 0.584736 -0.231637 1.78 -0.499151 -0.0521901 0.00686164 0.0079185 -1.75422 -0.231637 -0.0521901 0.0079185 2.27152 0.849449 8.03724 730.169
125 -20.9422 0.130316 870.17 0.00910658 -6.12738e-05 -0.00422083 0 -2.00803 2.20055e-05 1.31485 0.0186142 -0.0476286 -0.559614 -0.0152165 1.29375 0.550307 -0.18511 1.6606 -0.512137 -0.0540912 0.00661469 0.00703518 -2.00803 -0.18511 -0.0540912 0.00703518 2.12423 0.746495 8.03724 733.651
126 -22.8023 0.129333 871.01 0.00420094 -7.21271e-05 -0.00604011 0 -2.11573 2.07411e-05 1.34282 0.0206091 -0.049946 -0.570698 -0.018843 1.26778 0.522512 -0.182711 1.56624 -0.521925 -0.0552016 0.00642855 0.00667347 -2.11573 -0.182711 -0.0552016 0.00667347 2.13581 0.752066 8.03724 737.273
127 -24.3361 0.128464 871.925 0.000164971 -9.35462e-05 -0.00812341 0 -2.8557 1.9682e-05 1.36909 0.0224008 -0.0518593 -0.579768 -0.0227672 1.24591 0.498592 -0.190541 1.48666 -0.530013 -0.0560291 0.00627474 0.00645167 -2.8557 -0.190541 -0.0560291 0.00645167 2.47843 0.793001 8.03724 740.881
128 -26.3587 0.127539 872.905 -0.00510277 -0.000134871 -0.0109696 0 -1.51406 1.82078e-05 1.37846 0.0249598 -0.0543739 -0.59191 -0.0267231 1.2167 0.472001 -0.172574 1.40157 -0.540618 -0.0573659 0.00607308 0.00603941 -1.51406 -0.172574 -0.0573659 0.00603941 1.60653 0.583777 8.03724 744.433
129 -28.5155 0.126487 873.926 -0.0107114 -0.000220294 -0.01541 0 -1.1631 1.65825e-05 1.38356 0.027977 -0.0570637 -0.604792 -0.0302439 1.18488 0.445404 -0.15655 1.31876 -0.551954 -0.058696 0.00585751 0.00564972 -1.1631 -0.15655 -0.058696 0.00564972 1.28632 0.502701 8.03724 747.962
130 -30.036 0.125533 874.983 -0.0146565 -0.000351881 -0.0208905 0 -1.81296 1.54261e-05 1.39908 0.0302972 -0.0589621 -0.613632 -0.0336491 1.16203 0.424368 -0.181017 1.25409 -0.55997 -0.0593673 0.00570506 0.00555345 -1.81296 -0.181017 -0.0593673 0.00555345 1.65795 0.615412 8.03724 751.567
131 -32.1955 0.124471 876.082 -0.0202359 -0.000523137 -0.0277392 0 -1.5927 1.37426e-05 1.39239 0.0338629 -0.0616553 -0.626627 -0.0364746 1.12922 0.399179 -0.153676 1.17833 -0.571324 -0.0607926 0.00548915 0.00509592 -1.5927 -0.153676 -0.0607926 0.00509592 1.50399 0.484018 8.03724 755.084
132 -34.3997 0.123341 877.194 -0.0259112 -0.000796785 -0.037444 0 -1.17403 1.20019e-05 1.38288 0.0378553 -0.0643998 -0.639665 -0.0376857 1.0953 0.374005 -0.157652 1.10388 -0.582908 -0.0620261 0.00526885 0.00476818 -1.17403 -0.157652 -0.0620261 0.00476818 1.37304 0.487587 8.03724 758.489
133 -36.072 0.122348 878.317 -0.0302013 -0.0011199 -0.0479225 0 -1.39509 1.06694e-05 1.381 0.0411381 -0.066477 -0.649431 -0.0392436 1.06926 0.352739 -0.167958 1.04189 -0.591712 -0.0628211 0.00510144 0.00470916 -1.39509 -0.167958 -0.0628211 0.00470916 1.37731 0.498712 8.03724 761.911
134 -37.6722 0.121401 879.466 -0.034287 -0.00141619 -0.0578451 0 -1.08409 9.38923e-06 1.37318 0.0444803 -0.0684561 -0.658906 -0.041255 1.04421 0.332116 -0.167216 0.982449 -0.600122 -0.0637253 0.0049415 0.00450761 -1.08409 -0.167216 -0.0637253 0.00450761 1.2086 0.428968 8.03724 765.316
135 -39.3632 0.120395 880.628 -0.0386118 -0.00167485 -0.0673055 0 -1.87878 8.02726e-06 1.3584 0.048246 -0.0705458 -0.669004 -0.0418424 1.01752 0.310789 -0.159583 0.92166 -0.609039 -0.064737 0.00477194 0.00422859 -1.87878 -0.159583 -0.064737 0.00422859 1.40272 0.404192 8.03724 768.705
136 -40.5821 0.119545 881.808 -0.0416834 -0.00196435 -0.0759758 0 -0.578098 7.0487e-06 1.3508 0.05108 -0.0720236 -0.676095 -0.0438845 0.998353 0.292739 -0.15621 0.871045 -0.615417 -0.0653288 0.00465065 0.00421257 -0.578098 -0.15621 -0.0653288 0.00421257 0.732728 0.351171 8.03724 772.044
137 -42.1876 0.11858 883.001 -0.0457627 -0.00207607 -0.08203 0 -0.597939 5.75767e-06 1.32852 0.0550112 -0.0739777 -0.685695 -0.0439885 0.972919 0.27221 -0.153514 0.813609 -0.623864 -0.0663213 0.00449001 0.00389204 -0.597939 -0.153514 -0.0663213 0.00389204 0.79758 0.334418 8.03724 775.352
138 -43.7547 0.117609 884.194 -0.0497352 -0.00212624 -0.0859042 0 -0.410886 4.50099e-06 1.30488 0.059036 -0.0758564 -0.694993 -0.0432434 0.948079 0.25197 -0.145287 0.757621 -0.632103 -0.0672235 0.00433333 0.0036822 -0.410886 -0.145287 -0.0672235 0.0036822 0.724014 0.347351 8.03724 778.612
139 -45.2722 0.116604 885.391 -0.0535823 -0.00211727 -0.0874435 0 -0.635296 3.28731e-06 1.27977 0.0631093 -0.0776417 -0.704037 -0.0424355 0.923997 0.232187 -0.141788 0.703489 -0.640092 -0.0681263 0.0041814 0.00343752 -0.635296 -0.141788 -0.0681263 0.00343752 0.878417 0.36459 8.03724 781.915
140 -46.4781 0.115705 886.592 -0.056619 -0.00215777 -0.088498 0 -0.217054 2.32856e-06 1.26069 0.0664493 -0.0789998 -0.711165 -0.042898 0.904932 0.214524 -0.140498 0.656012 -0.646425 -0.0688008 0.00406097 0.00333212 -0.217054 -0.140498 -0.0688008 0.00333212 0.642492 0.350548 8.03724 785.242
141 -47.7893 0.114799 887.801 -0.0599345 -0.00213683 -0.0878701 0 -0.444529 1.29217e-06 1.23491 0.0701925 -0.0804559 -0.718867 -0.0433427 0.884188 0.196815 -0.146066 0.608401 -0.65333 -0.0694666 0.00392967 0.00325254 -0.444529 -0.146066 -0.0694666 0.00325254 0.769789 0.315915 8.03724 788.332
142 -49.1297 0.113933 889.001 -0.0633263 -0.00203484 -0.0850094 0 -0.684159 2.42547e-07 1.20609 0.0741145 -0.0818871 -0.726883 -0.042743 0.863051 0.179542 -0.131229 0.562133 -0.660387 -0.0702915 0.00379546 0.00305059 -0.684159 -0.131229 -0.0702915 0.00305059 0.74765 0.290838 8.03724 791.421
143 -50.2086 0.113069 890.201 -0.066043 -0.00198939 -0.0825737 0 -0.232954 -5.91301e-07 1.18339 0.0773206 -0.0829269 -0.733233 -0.0430626 0.846148 0.164211 -0.132063 0.521709 -0.666052 -0.070869 0.00368774 0.00297616 -0.232954 -0.132063 -0.070869 0.00297616 0.427838 0.22804 8.03724 794.555
144 -51.0629 0.112251 891.404 -0.0681982 -0.00195875 -0.0801267 0 -0.472827 -1.24537e-06 1.16568 0.0798971 -0.0836311 -0.738214 -0.0437652 0.832765 0.150557 -0.145565 0.48621 -0.670552 -0.0712638 0.00360215 0.00294217 -0.472827 -0.145565 -0.0712638 0.00294217 0.737586 0.318862 8.03724 797.65
145 -52.3121 0.111429 892.603 -0.0713633 -0.00187194 -0.0765596 0 -0.242482 -2.19074e-06 1.13347 0.0836876 -0.0847446 -0.745686 -0.0435434 0.81333 0.136076 -0.131777 0.447411 -0.677118 -0.0720453 0.00347729 0.00275219 -0.242482 -0.131777 -0.0720453 0.00275219 0.429593 0.231709 8.03724 800.525
146 -53.5961 0.11055 893.79 -0.0746272 -0.00172236 -0.0714007 0 0 -3.14908e-06 1.09939 0.0876013 -0.0857475 -0.753451 -0.0419323 0.793475 0.122291 -0.109432 0.410368 -0.683866 -0.0729338 0.00334897 0.00250199 0 -0.109432 -0.0729338 0.00250199 0.248875 0.175636 8.03724 803.555
147 -54.8306 0.109654 894.967 -0.0777837 -0.0015787 -0.0661586 0 -0.252575 -4.05693e-06 1.06598 0.0913617 -0.0864994 -0.760825 -0.0401879 0.774483 0.109552 -0.106062 0.376147 -0.690366 -0.0736844 0.00322535 0.00231149 -0.252575 -0.106062 -0.0736844 0.00231149 0.426924 0.197078 8.03724 806.554
148 -56.0151 0.108787 896.132 -0.0808245 -0.00146763 -0.061683 0 -0.257961 -4.91107e-06 1.03311 0.0949294 -0.0869821 -0.767893 -0.0388584 0.756412 0.0978942 -0.097739 0.344709 -0.696598 -0.0744022 0.00310685 0.00217514 -0.257961 -0.097739 -0.0744022 0.00217514 0.343203 0.159565 8.03724 809.505
149 -56.9585 0.107979 897.287 -0.0832621 -0.00139983 -0.0583809 0 0 -5.56992e-06 1.00711 0.0977215 -0.0869689 -0.773353 -0.0382695 0.742141 0.0878615 -0.111062 0.317923 -0.701554 -0.0748113 0.00301259 0.00220373 0 -0.111062 -0.0748113 0.00220373 0.258017 0.17752 8.03724 812.398
150 -57.9337 0.107197 898.435 -0.0858007 -0.00135334 -0.055931 0 0 -6.23994e-06 0.978771 0.100549 -0.0868237 -0.779185 -0.0378553 0.727475 0.0785632 -0.0997879 0.29254 -0.706684 -0.0754156 0.00291503 0.00207298 0 -0.0997879 -0.0754156 0.00207298 0.224556 0.154127 8.03724 815.277
151 -58.7588 0.106431 899.578 -0.0879729 -0.00132294 -0.0541739 0 0 -6.78663e-06 0.954476 0.102878 -0.0863255 -0.784078 -0.0376455 0.715153 0.070446 -0.097718 0.270267 -0.711025 -0.075886 0.0028325 0.00199664 0 -0.097718 -0.075886 0.00199664 0.217528 0.147424 8.03724 818.135
152 -59.6711 0.105657 900.714 -0.0903899 -0.00127213 -0.0522878 0 0 -7.38375e-06 0.926556 0.105367 -0.0856862 -0.78952 -0.0367607 0.701626 0.0628272 -0.093873 0.248658 -0.715824 -0.0764368 0.00274123 0.0018825 0 -0.093873 -0.0764368 0.0018825 0.209055 0.139341 8.03724 820.955
153 -60.5328 0.104904 901.84 -0.0927006 -0.0012299 -0.0509269 0 0 -7.9305e-06 0.899731 0.107618 -0.0847379 -0.794608 -0.0358955 0.688948 0.0560114 -0.0953317 0.228934 -0.720357 -0.076906 0.00265502 0.00182169 0 -0.0953317 -0.076906 0.00182169 0.222138 0.138052 8.03724 823.715
154 -61.2646 0.104198 902.956 -0.094701 -0.00121191 -0.0504408 0 0 -8.37175e-06 0.876672 0.10944 -0.0834571 -0.798861 -0.0354767 0.67826 0.0500934 -0.101036 0.21157 -0.724207 -0.0772365 0.00258181 0.00182811 0 -0.101036 -0.0772365 0.00182811 0.246013 0.15169 8.03724 826.362
155 -61.8152 0.10355 904.059 -0.0962574 -0.00121877 -0.0507996 0 0 -8.6743e-06 0.859167 0.11075 -0.0818687 -0.802017 -0.0355495 0.670267 0.0450654 -0.109518 0.196712 -0.727103 -0.0774403 0.00252673 0.0018697 0 -0.109518 -0.0774403 0.0018697 0.250836 0.177332 8.03724 828.958
156 -62.4623 0.102885 905.158 -0.0980822 -0.00121591 -0.0511844 0 0 -9.03496e-06 0.837835 0.112214 -0.0803367 -0.80589 -0.0354583 0.660928 0.0403568 -0.101594 0.182016 -0.730508 -0.0778444 0.00246199 0.0017787 0 -0.101594 -0.0778444 0.0017787 0.237578 0.144298 8.03724 831.575
157 -63.0394 0.102248 906.246 -0.099754 -0.00121131 -0.051714 0 -0.288828 -9.33796e-06 0.818513 0.113448 -0.078606 -0.809276 -0.0351526 0.65263 0.0362091 -0.106398 0.168726 -0.733551 -0.0781291 0.00240411 0.00176575 -0.288828 -0.106398 -0.0781291 0.00176575 0.324829 0.148538 8.03724 834.099
158 -63.6032 0.101625 907.324 -0.101407 -0.00120409 -0.0523481 0 0 -9.62037e-06 0.799439 0.114572 -0.0767844 -0.812603 -0.0348185 0.644614 0.03249 -0.102406 0.156364 -0.73651 -0.0784417 0.00234786 0.00171863 0 -0.102406 -0.0784417 0.00171863 0.271997 0.156269 8.03724 836.582
159 -64.1429 0.101018 908.392 -0.103025 -0.00120132 -0.0532547 0 0 -9.87834e-06 0.780885 0.115576 -0.0748787 -0.815801 -0.034538 0.636966 0.0291671 -0.102113 0.144913 -0.739349 -0.0787463 0.00229386 0.00168381 0 -0.102113 -0.0787463 0.00168381 0.193193 0.133272 8.03724 839.042
160 -64.4914 0.10045 909.453 -0.104168 -0.00122263 -0.0548842 0 0 -1.00005e-05 0.768592 0.116183 -0.0728028 -0.817833 -0.0347138 0.632051 0.0264 -0.106268 0.13532 -0.741182 -0.0789099 0.002259 0.00168602 0 -0.106268 -0.0789099 0.00168602 0.228218 0.163181 8.03724 841.513
161 -64.9219 0.0998872 910.507 -0.105546 -0.00123093 -0.0562832 0 -0.297176 -1.01722e-05 0.753181 0.116887 -0.0709314 -0.820362 -0.0349003 0.625985 0.0238142 -0.108821 0.125806 -0.743455 -0.0791235 0.00221578 0.00166978 -0.297176 -0.108821 -0.0791235 0.00166978 0.33123 0.139341 8.03724 843.857
162 -65.1039 0.099398 911.554 -0.106287 -0.0012762 -0.0587028 0 -0.297739 -1.01753e-05 0.746003 0.117167 -0.069035 -0.82135 -0.0358262 0.623436 0.0217382 -0.118707 0.11822 -0.744413 -0.0791346 0.00219756 0.00172875 -0.297739 -0.118707 -0.0791346 0.00172875 0.44824 0.180261 8.03724 846.113
163 -65.294 0.0989282 912.591 -0.107059 -0.00131834 -0.0610942 0 -0.298494 -1.01813e-05 0.738327 0.117449 -0.0673657 -0.822448 -0.0366874 0.620781 0.0198547 -0.117068 0.111016 -0.745413 -0.0792129 0.00217854 0.00174347 -0.298494 -0.117068 -0.0792129 0.00174347 0.441154 0.198798 8.03724 848.317
164 -65.4386 0.0985605 913.624 -0.107716 -0.00137473 -0.0639231 0 0 -1.01555e-05 0.732038 0.117653 -0.0659077 -0.823298 -0.0379718 0.618787 0.018195 -0.121825 0.104459 -0.746166 -0.0792961 0.00216422 0.00172456 0 -0.121825 -0.0792961 0.00172456 0.288572 0.15592 8.03724 850.512
165 -65.7646 0.0980652 914.643 -0.108866 -0.00138037 -0.0653987 0 0 -1.02425e-05 0.719539 0.118094 -0.0646343 -0.825232 -0.0380239 0.614257 0.0165488 -0.113434 0.0974559 -0.747881 -0.0794828 0.00213161 0.00170527 0 -0.113434 -0.0794828 0.00170527 0.231874 0.143597 8.03724 852.636
166 -65.9944 0.0975837 915.65 -0.109783 -0.00139691 -0.0672007 0 -0.301659 -1.02662e-05 0.710257 0.118385 -0.0632676 -0.826564 -0.0381442 0.611052 0.0151315 -0.119086 0.0913291 -0.749098 -0.0795748 0.00210846 0.0017048 -0.301659 -0.119086 -0.0795748 0.0017048 0.424757 0.182035 8.03724 854.739
167 -66.1681 0.0971774 916.649 -0.110552 -0.00143594 -0.0696845 0 0 -1.02512e-05 0.70284 0.11859 -0.0620539 -0.827605 -0.0390686 0.608673 0.013894 -0.11583 0.0858477 -0.750004 -0.0796926 0.00209124 0.00167616 0 -0.11583 -0.0796926 0.00167616 0.230701 0.139649 8.03724 856.818
168 -66.3623 0.0967281 917.636 -0.11139 -0.00146 -0.0717469 0 0 -1.02477e-05 0.694656 0.118809 -0.0609228 -0.828739 -0.0395027 0.605994 0.0127614 -0.115618 0.080641 -0.751026 -0.0797846 0.0020718 0.0016727 0 -0.115618 -0.0797846 0.0016727 0.244496 0.14567 8.03724 858.847
169 -66.6174 0.0962743 918.612 -0.112404 -0.0014651 -0.073282 0 0 -1.02782e-05 0.684463 0.119076 -0.059822 -0.830262 -0.0394588 0.602487 0.0117013 -0.113662 0.0755616 -0.752368 -0.0799408 0.00204628 0.0016368 0 -0.113662 -0.0799408 0.0016368 0.254833 0.140249 8.03724 860.837
170 -66.8659 0.0958414 919.572 -0.113415 -0.00147093 -0.0748638 0 0 -1.03015e-05 0.674518 0.119313 -0.0586995 -0.831663 -0.039416 0.59908 0.0107465 -0.119638 0.070861 -0.753675 -0.0800091 0.00202142 0.00166833 0 -0.119638 -0.0800091 0.00166833 0.283153 0.154737 8.03724 862.691
171 -67.0739 0.0954192 920.517 -0.114331 -0.00148263 -0.0766311 0 0 -1.02982e-05 0.665924 0.119493 -0.0575723 -0.832897 -0.0395245 0.596237 0.0099036 -0.118954 0.0666295 -0.754769 -0.0801283 0.00200061 0.00165652 0 -0.118954 -0.0801283 0.00165652 0.250499 0.141933 8.03724 864.58
172 -67.2866 0.0950035 921.452 -0.115274 -0.00149056 -0.0782929 0 0 -1.02953e-05 0.657174 0.11966 -0.0564722 -0.834219 -0.0395528 0.593337 0.00913863 -0.110916 0.0626842 -0.755888 -0.0803099 0.00197933 0.00159347 0 -0.110916 -0.0803099 0.00159347 0.206094 0.136298 8.03724 866.488
173 -67.4649 0.0945931 922.38 -0.116135 -0.00150429 -0.0801385 0 0 -1.02705e-05 0.649554 0.119786 -0.0554041 -0.835321 -0.0397262 0.590912 0.00846165 -0.108073 0.0591289 -0.756826 -0.080456 0.0019615 0.00154885 0 -0.108073 -0.080456 0.00154885 0.222564 0.132727 8.03724 868.407
174 -67.5292 0.094207 923.302 -0.116699 -0.00154028 -0.0826854 0 0 -1.018e-05 0.645675 0.119829 -0.0543376 -0.83571 -0.0402376 0.590038 0.00789508 -0.111665 0.0561608 -0.757165 -0.0805006 0.00195506 0.00155137 0 -0.111665 -0.0805006 0.00155137 0.253739 0.166865 8.03724 870.322
175 -67.671 0.0938163 924.221 -0.117477 -0.00156273 -0.0848093 0 0 -1.0133e-05 0.63916 0.119916 -0.0535052 -0.836629 -0.0408479 0.588115 0.00735365 -0.0963267 0.0532011 -0.757911 -0.0806597 0.00194088 0.00149341 0 -0.0963267 -0.0806597 0.00149341 0.141448 0.112814 8.03724 872.253
176 -67.7019 0.0934504 925.137 -0.117959 -0.00160762 -0.0876413 0 0 -1.00244e-05 0.636263 0.119934 -0.0527058 -0.836793 -0.0416968 0.587696 0.00690357 -0.103653 0.0507564 -0.758073 -0.0806571 0.00193778 0.00150172 0 -0.103653 -0.0806571 0.00150172 0.177552 0.126419 8.03724 874.125
177 -67.8542 0.0930797 926.047 -0.118777 -0.00161855 -0.0893548 0 0 -9.98233e-06 0.629368 0.120017 -0.0520583 -0.837701 -0.0419203 0.585635 0.00645487 -0.105793 0.0481925 -0.758875 -0.0807491 0.00192254 0.00148872 0 -0.105793 -0.0807491 0.00148872 0.198716 0.127453 8.03724 875.905
178 -67.9391 0.092728 926.945 -0.11942 -0.00164539 -0.0915897 0 0 -9.90328e-06 0.624693 0.120059 -0.0513887 -0.838138 -0.0423501 0.584486 0.00606936 -0.116072 0.0459862 -0.759322 -0.0807303 0.00191404 0.00154001 0 -0.116072 -0.0807303 0.00154001 0.247703 0.134102 8.03724 877.64
179 -68.0529 0.0923912 927.828 -0.120147 -0.00166288 -0.093503 0 0 -9.83953e-06 0.619076 0.120111 -0.0507928 -0.838759 -0.0426863 0.582951 0.00571124 -0.116293 0.0438854 -0.75992 -0.0807417 0.00190265 0.00155942 0 -0.116293 -0.0807417 0.00155942 0.235767 0.13517 8.03724 879.243
180 -68.0827 0.0920754 928.695 -0.120648 -0.00170183 -0.0961306 0 0 -9.73171e-06 0.616179 0.120123 -0.0502075 -0.838841 -0.0433897 0.582548 0.00541061 -0.124424 0.0421368 -0.760078 -0.0806636 0.00189967 0.00162348 0 -0.124424 -0.0806636 0.00162348 0.276979 0.151413 8.03724 880.8
181 -68.1759 0.0917531 929.549 -0.121326 -0.00172189 -0.0981024 0 0 -9.65754e-06 0.61121 0.12016 -0.049738 -0.839474 -0.043823 0.581293 0.0051212 -0.113514 0.0403955 -0.760568 -0.080797 0.00189034 0.00155388 0 -0.113514 -0.080797 0.00155388 0.237607 0.137137 8.03724 882.42
182 -68.2619 0.0914385 930.391 -0.121991 -0.001742 -0.100066 0 0 -9.57974e-06 0.606491 0.120191 -0.0492758 -0.839986 -0.0441638 0.580135 0.00486009 -0.117981 0.0388071 -0.761021 -0.0808468 0.00188174 0.00153981 0 -0.117981 -0.0808468 0.00153981 0.299896 0.146938 8.03724 883.982
183 -68.3317 0.0911463 931.218 -0.122615 -0.00176532 -0.102129 0 0 -9.4939e-06 0.602306 0.120213 -0.0488303 -0.840357 -0.0445752 0.579198 0.00462689 -0.121997 0.037379 -0.761387 -0.0808448 0.00187476 0.00158441 0 -0.121997 -0.0808448 0.00158441 0.30629 0.151971 8.03724 885.439
184 -68.3948 0.0908562 932.032 -0.123225 -0.00178956 -0.104212 0 0 -9.40519e-06 0.598336 0.120231 -0.048417 -0.840795 -0.0450216 0.57835 0.00441668 -0.113164 0.0360808 -0.761719 -0.0809443 0.00186844 0.00153936 0 -0.113164 -0.0809443 0.00153936 0.212046 0.131866 8.03724 886.966
185 -68.4529 0.0905601 932.838 -0.123824 -0.00181373 -0.10628 0 0 -9.31458e-06 0.594528 0.120247 -0.0480332 -0.841141 -0.0454625 0.57757 0.0042268 -0.114056 0.0348992 -0.762025 -0.0809782 0.00186263 0.00151403 0 -0.114056 -0.0809782 0.00151403 0.262594 0.14283 8.03724 888.481
186 -68.4995 0.0902805 933.631 -0.124395 -0.00184014 -0.108413 0 0 -9.21906e-06 0.591086 0.120258 -0.0476796 -0.841398 -0.0459515 0.576944 0.0040568 -0.114472 0.0338378 -0.762271 -0.0809854 0.00185796 0.00153342 0 -0.114472 -0.0809854 0.00153342 0.233422 0.139767 8.03724 889.914
187 -68.5363 0.090013 934.412 -0.124939 -0.0018683 -0.110593 0 0 -9.11965e-06 0.587953 0.120266 -0.047361 -0.841577 -0.0464792 0.576451 0.00390453 -0.123093 0.0328849 -0.762465 -0.0809672 0.00185427 0.00157158 0 -0.123093 -0.0809672 0.00157158 0.298718 0.148029 8.03724 891.278
188 -68.5553 0.0897578 935.176 -0.125434 -0.00190111 -0.112922 0 0 -9.01285e-06 0.585376 0.12027 -0.0470829 -0.841622 -0.047109 0.576195 0.0037701 -0.126695 0.0320472 -0.762565 -0.0809092 0.00185237 0.00160682 0 -0.126695 -0.0809092 0.00160682 0.325691 0.156487 8.03724 892.565
189 -68.57 0.0895105 935.926 -0.125917 -0.00193468 -0.11526 0 0 -8.90524e-06 0.582928 0.120273 -0.0468551 -0.841729 -0.0477696 0.575999 0.00364931 -0.119914 0.0312941 -0.762642 -0.0809382 0.0018509 0.00159008 0 -0.119914 -0.0809382 0.00159008 0.283728 0.15215 8.03724 893.877
190 -68.5758 0.0892727 936.661 -0.126375 -0.00196986 -0.117636 0 0 -8.79493e-06 0.580745 0.120275 -0.0466683 -0.841713 -0.0484537 0.575919 0.00354173 -0.130879 0.0306264 -0.762673 -0.0808905 0.00185031 0.00161763 0 -0.130879 -0.0808905 0.00161763 0.332979 0.161692 8.03724 895.105
191 -68.5731 0.0890399 937.38 -0.126808 -0.00200742 -0.120077 0 0 -8.6821e-06 0.578825 0.120274 -0.0465259 -0.841702 -0.0491972 0.575956 0.00344628 -0.130666 0.0300387 -0.762659 -0.0808936 0.00185058 0.00162688 0 -0.130666 -0.0808936 0.00162688 0.326945 0.154838 8.03724 896.352
192 -68.5609 0.0888152 938.086 -0.127212 -0.00204736 -0.122582 0 0 -8.56661e-06 0.577188 0.120272 -0.0464251 -0.841573 -0.0499856 0.576118 0.00336204 -0.137802 0.0295264 -0.762595 -0.0808296 0.00185179 0.00166723 0 -0.137802 -0.0808296 0.00166723 0.337749 0.163526 8.03724 897.532
193 -68.5425 0.0885866 938.776 -0.127595 -0.00208916 -0.125131 0 0 -8.45002e-06 0.575734 0.120268 -0.0463688 -0.841474 -0.0508227 0.576364 0.00328759 -0.133221 0.0290799 -0.762499 -0.0808295 0.00185363 0.00165639 0 -0.133221 -0.0808295 0.00165639 0.334647 0.163863 8.03724 898.728
194 -68.5168 0.0883809 939.449 -0.127955 -0.00213285 -0.127722 0 0 -8.33195e-06 0.574498 0.120262 -0.0463506 -0.84128 -0.0516901 0.576708 0.00322226 -0.141116 0.0286962 -0.762364 -0.0807725 0.0018562 0.0016923 0 -0.141116 -0.0807725 0.0016923 0.367668 0.16646 8.03724 899.801
195 -68.4501 0.0881946 940.101 -0.128192 -0.00219082 -0.130798 0 0 -8.19811e-06 0.574506 0.120246 -0.0463701 -0.840777 -0.0528234 0.5776 0.0031713 -0.153538 0.0284243 -0.762013 -0.0806267 0.00186285 0.00177416 0 -0.153538 -0.0806267 0.00177416 0.436453 0.190877 8.03724 900.737
196 -68.4018 0.0880154 940.732 -0.128476 -0.00224288 -0.133628 0 0 -8.07437e-06 0.573924 0.120234 -0.0464703 -0.840533 -0.0539218 0.578249 0.0031241 -0.144524 0.0281713 -0.761759 -0.0806418 0.00186769 0.00175694 0 -0.144524 -0.0806418 0.00175694 0.365406 0.170897 8.03724 901.724
197 -68.3566 0.0878255 941.352 -0.128765 -0.00229336 -0.136369 0 0 -7.95401e-06 0.573239 0.120221 -0.0466042 -0.840258 -0.0549383 0.578856 0.00308235 -0.146302 0.0279545 -0.761521 -0.0806088 0.00187221 0.00174673 0 -0.146302 -0.0806088 0.00174673 0.397879 0.178847 8.03724 902.733
198 -68.3008 0.0876606 941.952 -0.129019 -0.0023474 -0.139204 0 0 -7.83131e-06 0.572864 0.120204 -0.0467618 -0.839791 -0.0560114 0.579603 0.00304777 -0.162768 0.0277908 -0.761229 -0.0804403 0.00187777 0.00185858 0 -0.162768 -0.0804403 0.00185858 0.507031 0.208977 8.03724 903.517
199 -68.2367 0.0874921 942.53 -0.129242 -0.00240573 -0.142161 0 0 -7.7072e-06 0.572738 0.120182 -0.046954 -0.839473 -0.0571884 0.580466 0.00301971 -0.147451 0.0276758 -0.760891 -0.0804659 0.00188419 0.00179953 0 -0.147451 -0.0804659 0.00179953 0.445063 0.188522 8.03724 904.425
200 -68.1728 0.0873329 943.092 -0.129461 -0.00246364 -0.145065 0 0 -7.58539e-06 0.57259 0.120159 -0.0471755 -0.839106 -0.0583449 0.581324 0.00299621 -0.151225 0.0275929 -0.760556 -0.0804409 0.00189058 0.00181052 0 -0.151225 -0.0804409 0.00181052 0.399128 0.188939 8.03724 905.287
201 -68.1054 0.0871676 943.645 -0.129664 -0.00252331 -0.147995 0 0 -7.46429e-06 0.57254 0.120133 -0.0474217 -0.838731 -0.0595342 0.582232 0.00297753 -0.153467 0.0275456 -0.760201 -0.0804267 0.00189732 0.00179173 0 -0.153467 -0.0804267 0.00179173 0.43134 0.181496 8.03724 906.222
202 -68.0289 0.0870161 944.183 -0.129833 -0.00258715 -0.151033 0 0 -7.34175e-06 0.572751 0.120101 -0.0476914 -0.838227 -0.0608002 0.583262 0.00296424 -0.152694 0.0275398 -0.759799 -0.0803329 0.00190496 0.00184061 0 -0.152694 -0.0803329 0.00184061 0.413216 0.191535 8.03724 907.026
203 -67.9564 0.0868501 944.712 -0.130008 -0.00264986 -0.153994 0 0 -7.22296e-06 0.572832 0.120068 -0.0479879 -0.837856 -0.0620515 0.584239 0.00295395 -0.151371 0.0275546 -0.759418 -0.08035 0.00191221 0.00180867 0 -0.151371 -0.08035 0.00180867 0.4524 0.177225 8.03724 907.971
204 -67.7829 0.0867287 945.227 -0.129873 -0.00275795 -0.158464 0 0 -7.06757e-06 0.575889 0.11998 -0.0483112 -0.836654 -0.0641676 0.586582 0.00296337 -0.172128 0.0277459 -0.758506 -0.0800774 0.00192955 0.00194321 0 -0.172128 -0.0800774 0.00194321 0.569673 0.224076 8.03724 908.63
205 -67.6859 0.0866039 945.723 -0.129955 -0.0028338 -0.161759 0 0 -6.94446e-06 0.576625 0.119926 -0.0487506 -0.836085 -0.0657556 0.587895 0.00296501 -0.166851 0.0278574 -0.757996 -0.0800284 0.00193925 0.00194384 0 -0.166851 -0.0800284 0.00194384 0.544812 0.220613 8.03724 909.279
206 -67.4281 0.0865084 946.205 -0.129542 -0.00298855 -0.167629 0 0 -6.76349e-06 0.582068 0.119762 -0.0492217 -0.834518 -0.0688065 0.591391 0.00299578 -0.176622 0.0282357 -0.756641 -0.0798422 0.00196503 0.0020078 0 -0.176622 -0.0798422 0.0020078 0.546527 0.228649 8.03724 909.958
207 -67.3167 0.0864098 946.67 -0.129557 -0.00307453 -0.171097 0 0 -6.64085e-06 0.583128 0.119683 -0.0498527 -0.833766 -0.0706361 0.592906 0.00300827 -0.189886 0.0284355 -0.756055 -0.0796869 0.00197617 0.00206266 0 -0.189886 -0.0796869 0.00206266 0.612504 0.242496 8.03724 910.415
208 -67.1892 0.0863185 947.108 -0.129514 -0.00317004 -0.174817 0 0 -6.51472e-06 0.584664 0.119587 -0.0504625 -0.832872 -0.0724854 0.59464 0.00302589 -0.200981 0.0286787 -0.755385 -0.0794761 0.00198891 0.00216019 0 -0.200981 -0.0794761 0.00216019 0.80796 0.283573 8.03724 910.729
209 -67.0428 0.0862604 947.509 -0.129405 -0.00327703 -0.178836 0 0 -6.38427e-06 0.586741 0.119469 -0.0510749 -0.83177 -0.0745702 0.596635 0.00304923 -0.227489 0.028971 -0.754616 -0.0791572 0.00200353 0.00232877 0 -0.227489 -0.0791572 0.00232877 0.874535 0.305089 8.03724 910.828
210 -66.8782 0.0862395 947.867 -0.12923 -0.00339722 -0.183197 0 0 -6.24995e-06 0.589324 0.119326 -0.0517111 -0.830585 -0.0769175 0.598883 0.00307838 -0.234774 0.0293136 -0.753751 -0.078854 0.00201998 0.00249605 0 -0.234774 -0.078854 0.00249605 0.921345 0.338279 8.03724 910.729
211 -66.71 0.0862141 948.186 -0.129033 -0.00352319 -0.187647 0 0 -6.11715e-06 0.59198 0.119169 -0.052384 -0.82961 -0.0793915 0.601186 0.00311116 -0.234406 0.0296858 -0.752866 -0.0787807 0.0020368 0.0024859 0 -0.234406 -0.0787807 0.0024859 0.824414 0.296588 8.03724 910.828
212 -66.5506 0.0861505 948.486 -0.128851 -0.00364772 -0.191958 0 0 -5.99013e-06 0.594358 0.11901 -0.053087 -0.828747 -0.0818263 0.603375 0.00314543 -0.221996 0.0300677 -0.752027 -0.0787728 0.00205276 0.00241634 0 -0.221996 -0.0787728 0.00241634 0.784966 0.288828 8.03724 911.109
213 -66.3969 0.0860862 948.767 -0.128677 -0.00377164 -0.196159 0 0 -5.86773e-06 0.596551 0.118849 -0.0538021 -0.827918 -0.0842183 0.605488 0.00318128 -0.216321 0.0304603 -0.751219 -0.0787667 0.00206812 0.002386 0 -0.216321 -0.0787667 0.002386 0.759884 0.2714 8.03724 911.423
214 -66.1966 0.0860424 949.03 -0.12835 -0.00392736 -0.201216 0 0 -5.73195e-06 0.600053 0.118626 -0.0545168 -0.82663 -0.087158 0.608247 0.00322705 -0.220442 0.0309435 -0.750166 -0.0785518 0.00208815 0.00246727 0 -0.220442 -0.0785518 0.00246727 0.794933 0.310205 8.03724 911.529
215 -66.0416 0.085994 949.276 -0.12815 -0.00405905 -0.205447 0 0 -5.6143e-06 0.602227 0.118443 -0.0552834 -0.825808 -0.0897179 0.610387 0.0032685 -0.213466 0.0313809 -0.749351 -0.0785608 0.00210365 0.00240748 0 -0.213466 -0.0785608 0.00240748 0.818956 0.295955 8.03724 911.772
216 -65.8872 0.0859435 949.512 -0.127943 -0.00419277 -0.209643 0 0 -5.49921e-06 0.60438 0.118253 -0.0560374 -0.824961 -0.0922101 0.612524 0.00331182 -0.216492 0.0318325 -0.748539 -0.0785411 0.0021191 0.00238061 0 -0.216492 -0.0785411 0.00238061 0.787546 0.288364 8.03724 912.049
217 -65.7213 0.0859108 949.73 -0.127692 -0.00433744 -0.21406 0 0 -5.38271e-06 0.606842 0.118041 -0.0567806 -0.823925 -0.0948792 0.614821 0.00335893 -0.2212 0.0323165 -0.747667 -0.0783938 0.00213568 0.00245217 0 -0.2212 -0.0783938 0.00245217 0.781685 0.287325 8.03724 912.12
218 -65.4515 0.0858551 949.939 -0.127112 -0.00453947 -0.219905 0 -0.299171 -5.2351e-06 0.612173 0.117677 -0.0574777 -0.822375 -0.0983473 0.618549 0.00342473 -0.217297 0.0329764 -0.746256 -0.0782812 0.00216251 0.0024192 -0.299171 -0.217297 -0.0782812 0.0024192 1.02133 0.344896 8.03724 912.403
219 -65.1805 0.0858374 950.146 -0.126508 -0.00478534 -0.226874 0 -0.298052 -5.09002e-06 0.617439 0.117286 -0.0583535 -0.820824 -0.103369 0.622327 0.00349691 -0.21735 0.0336905 -0.744831 -0.0781831 0.00218961 0.00240543 -0.298052 -0.21735 -0.0781831 0.00240543 0.999714 0.314625 8.03724 912.647
220 -64.8858 0.0858695 950.344 -0.12581 -0.00506525 -0.234525 0 0 -4.94022e-06 0.623312 0.116833 -0.0593152 -0.818896 -0.108636 0.626467 0.00357828 -0.237674 0.0344868 -0.743274 -0.0778419 0.00221922 0.00255716 0 -0.237674 -0.0778419 0.00255716 0.935926 0.328548 8.03724 912.597
221 -64.6734 0.0858537 950.523 -0.125361 -0.00527307 -0.240006 0 0 -4.82009e-06 0.626822 0.116492 -0.060311 -0.817565 -0.112396 0.629444 0.00364895 -0.24661 0.0351752 -0.742157 -0.0776477 0.00224045 0.00263596 0 -0.24661 -0.0776477 0.00263596 0.934639 0.328345 8.03724 912.615
222 -64.4584 0.0858745 950.678 -0.124894 -0.00549009 -0.245569 0 0 -4.70161e-06 0.6304 0.116133 -0.0612823 -0.816154 -0.116267 0.632466 0.00372266 -0.257515 0.0358882 -0.741027 -0.077389 0.00226195 0.0027584 0 -0.257515 -0.077389 0.0027584 0.972496 0.349291 8.03724 912.385
223 -64.2484 0.0858711 950.811 -0.124431 -0.00571068 -0.251068 0 0 -4.58714e-06 0.633826 0.11577 -0.0622336 -0.814881 -0.12015 0.635425 0.00379802 -0.26173 0.0366124 -0.739923 -0.0772411 0.00228295 0.00278229 0 -0.26173 -0.0772411 0.00278229 0.977452 0.341916 8.03724 912.289
224 -64.0247 0.0858754 950.924 -0.123916 -0.00594987 -0.256862 0 0 -4.47086e-06 0.637612 0.11537 -0.0631561 -0.813376 -0.124285 0.638583 0.00387817 -0.282495 0.0373779 -0.738747 -0.076934 0.00230531 0.00292827 0 -0.282495 -0.076934 0.00292827 1.12014 0.383391 8.03724 912.011
225 -63.7906 0.0858925 951.007 -0.123358 -0.00621117 -0.263029 0 0 -4.35383e-06 0.641651 0.114937 -0.0640699 -0.811925 -0.128802 0.641897 0.00396305 -0.282324 0.0381837 -0.737516 -0.0767373 0.00232871 0.00300337 0 -0.282324 -0.0767373 0.00300337 1.0459 0.367501 8.03724 911.726
226 -63.5148 0.0859319 951.058 -0.122659 -0.00651781 -0.270047 0 0 -4.22677e-06 0.646787 0.114409 -0.0649589 -0.810046 -0.133945 0.645811 0.0040584 -0.31155 0.0390846 -0.736067 -0.0763359 0.00235628 0.00318261 0 -0.31155 -0.0763359 0.00318261 1.44555 0.472282 8.03724 911.12
227 -63.1584 0.086034 951.068 -0.121693 -0.00694 -0.279493 0 0 -4.07851e-06 0.654003 0.113698 -0.0658757 -0.807847 -0.141317 0.650888 0.00417383 -0.327378 0.0401708 -0.734193 -0.0760455 0.00239191 0.00331336 0 -0.327378 -0.0760455 0.00331336 1.39651 0.455551 8.03724 910.418
228 -62.8788 0.0861233 951.045 -0.120955 -0.00729594 -0.287107 0 0 -3.95594e-06 0.659045 0.113119 -0.0668863 -0.806209 -0.147426 0.654886 0.00428117 -0.319674 0.0411716 -0.732722 -0.0759066 0.00241988 0.00329621 0 -0.319674 -0.0759066 0.00329621 1.41801 0.476084 8.03724 909.75
229 -62.5494 0.0862191 950.999 -0.120054 -0.0077285 -0.296111 0 -0.286949 -3.82187e-06 0.665336 0.112418 -0.0678709 -0.804401 -0.154569 0.65959 0.00440217 -0.305041 0.0422958 -0.730997 -0.0758559 0.00245268 0.00324113 -0.286949 -0.305041 -0.0758559 0.00324113 1.17431 0.406628 8.03724 909.349
230 -62.2942 0.0862344 950.957 -0.119365 -0.00809858 -0.303495 0 0 -3.71114e-06 0.669653 0.111852 -0.0689033 -0.803091 -0.160631 0.663282 0.00451491 -0.279538 0.043333 -0.729647 -0.0759224 0.00247835 0.00309768 0 -0.279538 -0.0759224 0.00309768 1.06617 0.360936 8.03724 909.354
231 -62.0246 0.0862197 950.921 -0.118628 -0.00847869 -0.310785 0 0 -3.5989e-06 0.674322 0.111244 -0.0698697 -0.801607 -0.166474 0.667172 0.00463304 -0.261512 0.0444152 -0.728229 -0.075883 0.00250532 0.0030217 0 -0.261512 -0.075883 0.0030217 1.02306 0.369226 8.03724 909.405
232 -61.7748 0.0862077 950.884 -0.117944 -0.0088814 -0.318381 0 0 -3.49459e-06 0.678426 0.110667 -0.0708215 -0.800028 -0.172664 0.670781 0.0047511 -0.279901 0.0454892 -0.726916 -0.0756416 0.00253029 0.00309816 0 -0.279901 -0.0756416 0.00309816 1.20119 0.400752 8.03724 909.218
233 -61.4898 0.08624 950.823 -0.117144 -0.00930926 -0.326122 0 -0.282024 -3.38287e-06 0.683414 0.109998 -0.0717031 -0.798135 -0.179049 0.67489 0.00487887 -0.302653 0.0466487 -0.725426 -0.0752677 0.00255863 0.0033142 -0.282024 -0.302653 -0.0752677 0.0033142 1.38841 0.425997 8.03724 908.742
234 -61.1083 0.0863021 950.739 -0.11602 -0.00996316 -0.338007 0 0 -3.24584e-06 0.690908 0.109072 -0.0725447 -0.795732 -0.189009 0.680458 0.00503312 -0.311412 0.0480507 -0.723413 -0.0749161 0.00259691 0.00344234 0 -0.311412 -0.0749161 0.00344234 1.16698 0.428879 8.03724 908.203
235 -60.759 0.0863369 950.636 -0.114996 -0.010518 -0.347413 0 -0.278452 -3.1211e-06 0.697408 0.108208 -0.0733981 -0.793666 -0.197151 0.685536 0.0051863 -0.308511 0.0494326 -0.721583 -0.0747143 0.00263171 0.00346269 -0.278452 -0.308511 -0.0747143 0.00346269 1.42241 0.473926 8.03724 907.801
236 -60.3147 0.0864376 950.518 -0.113651 -0.0114228 -0.362984 0 0 -2.9723e-06 0.706273 0.107073 -0.0742367 -0.790898 -0.210556 0.692062 0.00536968 -0.324344 0.0510883 -0.71924 -0.074334 0.00267626 0.00360337 0 -0.324344 -0.074334 0.00360337 1.38737 0.470921 8.03724 907.217
237 -59.8429 0.0865412 950.373 -0.112222 -0.0121926 -0.375067 0 -0.548852 -2.81999e-06 0.715663 0.105847 -0.0750308 -0.787938 -0.221558 0.69896 0.00556604 -0.344748 0.0528546 -0.716774 -0.0738873 0.00272316 0.00375145 -0.548852 -0.344748 -0.0738873 0.00375145 1.96177 0.604735 8.03724 906.395
238 -59.1956 0.0867503 950.193 -0.110205 -0.0137794 -0.400614 0 0 -2.62236e-06 0.72933 0.1041 -0.0758102 -0.783751 -0.244524 0.708562 0.00582021 -0.396639 0.055148 -0.713358 -0.0731813 0.00278812 0.00410563 0 -0.396639 -0.0731813 0.00410563 1.75909 0.58461 8.03724 905.166
239 -58.6164 0.0869653 949.962 -0.108403 -0.0151516 -0.420966 0 -0.269068 -2.44755e-06 0.74089 0.102504 -0.0766674 -0.780161 -0.26327 0.717147 0.0060759 -0.41086 0.0574351 -0.71032 -0.0726866 0.00284589 0.00431659 -0.269068 -0.41086 -0.0726866 0.00431659 1.90897 0.621141 8.03724 903.787
240 -58.0926 0.0871746 949.687 -0.106757 -0.0166738 -0.442656 0 0 -2.2899e-06 0.75088 0.101024 -0.0775608 -0.776941 -0.282881 0.724983 0.00633682 -0.41869 0.0597504 -0.707559 -0.0722804 0.00289839 0.00443172 0 -0.41869 -0.0722804 0.00443172 1.88173 0.619747 8.03724 902.406
241 -57.5661 0.087391 949.368 -0.105101 -0.0182681 -0.464127 0 -0.264427 -2.13504e-06 0.760756 0.0995186 -0.0783922 -0.773661 -0.302318 0.732852 0.0066122 -0.440355 0.0621808 -0.704799 -0.071813 0.00295089 0.00460733 -0.264427 -0.440355 -0.071813 0.00460733 2.17439 0.677877 8.03724 900.889
242 -56.9279 0.0876262 949.006 -0.103082 -0.0202283 -0.489231 0 -0.523336 -1.95375e-06 0.773311 0.0976637 -0.0790553 -0.769666 -0.325675 0.742439 0.00693003 -0.461686 0.0649863 -0.70145 -0.0712301 0.00301456 0.00486081 -0.523336 -0.461686 -0.0712301 0.00486081 2.49392 0.744201 8.03724 899.291
243 -56.1209 0.0879294 948.598 -0.100514 -0.0232358 -0.526131 0 -0.516341 -1.73161e-06 0.789707 0.0952765 -0.0795453 -0.764497 -0.361073 0.754646 0.00731534 -0.502176 0.0683931 -0.697209 -0.070383 0.00309522 0.00525464 -0.516341 -0.502176 -0.070383 0.00525464 2.71202 0.838418 8.03724 897.292
244 -55.2383 0.0883473 948.12 -0.0976868 -0.0274841 -0.574635 0 0 -1.493e-06 0.807362 0.0926218 -0.079967 -0.75882 -0.408397 0.768113 0.00775771 -0.567466 0.0722941 -0.692557 -0.0694463 0.00318368 0.00572234 0 -0.567466 -0.0694463 0.00572234 2.86895 0.879428 8.03724 894.609
245 -54.4208 0.0887916 947.545 -0.0950651 -0.0318592 -0.619851 0 0 -1.27512e-06 0.822886 0.0901466 -0.0803902 -0.753643 -0.452281 0.780619 0.00821744 -0.606329 0.0763176 -0.688261 -0.0686474 0.00326539 0.00604402 0 -0.606329 -0.0686474 0.00604402 3.24665 0.994767 8.03724 891.527
246 -53.5005 0.0893074 946.873 -0.0921102 -0.0375574 -0.673425 0 0 -1.03414e-06 0.840438 0.0873451 -0.0806249 -0.747977 -0.506653 0.794771 0.00874236 -0.638242 0.0809028 -0.683424 -0.0679106 0.00335737 0.00635119 0 -0.638242 -0.0679106 0.00635119 3.2286 1.0008 8.03724 888.359
247 -52.2406 0.0899038 946.116 -0.0880751 -0.0462274 -0.745822 0 0 -7.1047e-07 0.865524 0.0835058 -0.0804061 -0.739966 -0.585603 0.814257 0.00940946 -0.707149 0.0867498 -0.676804 -0.0666457 0.00348326 0.0069563 0 -0.707149 -0.0666457 0.0069563 4.1585 1.22565 8.03724 884.797
248 -50.8703 0.090715 945.217 -0.083686 -0.059519 -0.840379 0 0 -3.627e-07 0.891765 0.0793534 -0.0800043 -0.730756 -0.697779 0.835576 0.0101828 -0.849162 0.0935091 -0.669606 -0.0647709 0.00362015 0.0080685 0 -0.849162 -0.0647709 0.0080685 4.78887 1.45433 8.03724 879.561
249 -49.2267 0.0917111 944.128 -0.0784299 -0.0793736 -0.953 0 0 5.04078e-08 0.922766 0.0744429 -0.0791959 -0.720155 -0.852121 0.861305 0.0111265 -0.962972 0.101756 -0.660971 -0.0629685 0.00378435 0.00902318 0 -0.962972 -0.0629685 0.00902318 5.77467 1.71825 8.03724 873.383
250 -47.1373 0.0930255 942.799 -0.0717689 -0.112491 -1.08903 0 0 5.72e-07 0.961595 0.0683737 -0.0777544 -0.706454 -1.09116 0.894191 0.0123267 -1.17411 0.112252 -0.649998 -0.0604494 0.00399303 0.0103369 0 -1.17411 -0.0604494 0.0103369 7.309 2.15837 8.03724 865.293
251 -44.4191 0.0947804 941.148 -0.0631358 -0.172263 -1.23113 0 -0.208551 1.24835e-06 1.01031 0.0608644 -0.0754378 -0.688873 -1.50448 0.937148 0.0138983 -1.4124 0.126011 -0.635729 -0.0574091 0.00426438 0.0118915 -0.208551 -1.4124 -0.0574091 0.0118915 9.21823 2.65338 8.03724 854.743
252 -40.6876 0.0971864 939.073 -0.0513301 -0.275027 -1.27466 0 -0.385206 2.17822e-06 1.0739 0.0514085 -0.0717373 -0.664641 -2.27405 0.996178 0.0160515 -1.77423 0.144888 -0.61614 -0.0531381 0.0046369 0.0137234 -0.385206 -1.77423 -0.0531381 0.0137234 12.6795 3.75475 8.03724 840.549
253 -35.4144 0.100993 936.374 -0.0347103 -0.383736 -0.950746 0 -0.171458 3.50216e-06 1.15409 0.0398975 -0.0659642 -0.630489 -4.00492 1.07892 0.0191449 -2.32202 0.172018 -0.588453 -0.0471999 0.00516341 0.0155953 -0.171458 -2.32202 -0.0471999 0.0155953 18.8264 5.51051 8.03724 819.371
254 -27.3269 0.107206 932.799 -0.00935221 -0.272038 -0.343579 0 -1.12731 5.5632e-06 1.25541 0.0263631 -0.0564676 -0.580145 -7.75569 1.20158 0.0242627 -2.72045 0.216797 -0.546031 -0.0400842 0.00597014 0.0165984 -1.12731 -2.72045 -0.0400842 0.0165984 26.4457 8.24653 8.03724 790.324
255 -15.076 0.116313 928.427 0.028905 -0.0773 -0.072512 0 -3.5448 8.80342e-06 1.34186 0.0134904 -0.0413761 -0.508074 -11.524 1.37062 0.0364456 -2.5429 0.322041 -0.481742 -0.0335244 0.0071927 0.0167711 -3.5448 -2.5429 -0.0335244 0.0167711 29.3744 9.77931 8.03724 760.214
256 -1.16863 0.126819 923.848 0.0721508 -0.0171215 -0.0151431 0 -6.01405 1.29244e-05 1.27646 0.00603797 -0.0235946 -0.428092 -7.2271 1.52941 0.0804032 -2.05953 0.687221 -0.40853 -0.028147 0.00858497 0.0167516 -6.01405 -2.05953 -0.028147 0.0167516 28.1275 9.24117 8.03724 736.047
257 8.06422 0.136226 919.43 0.100299 -0.00591872 -0.0049426 0 -6.97122 1.67611e-05 1.04681 0.00347856 -0.0115936 -0.376456 -2.03424 1.61348 0.187477 -1.55933 1.50311 -0.359831 -0.0261368 0.00951107 0.0165967 -6.97122 -1.55933 -0.0261368 0.0165967 21.4822 7.05384 8.03724 718.232
258 12.9105 0.143161 915.318 0.11423 -0.00319028 -0.00252391 0 -6.6638 2.05842e-05 0.827707 0.00259312 -0.00529242 -0.350149 -0.330586 1.65104 0.343257 -1.20187 2.53836 -0.334256 -0.02589 0.00999741 0.0163116 -6.6638 -1.20187 -0.02589 0.0163116 17.1049 5.5439 8.03724 706.748
259 14.2717 0.148056 911.564 0.117106 -0.00218547 -0.00169645 0 -5.18819 2.43123e-05 0.683556 0.00238517 -0.0035079 -0.344253 -0.0410702 1.66089 0.508571 -0.905257 3.44726 -0.327019 -0.0273687 0.010135 0.0158552 -5.18819 -0.905257 -0.0273687 0.0158552 12.5213 4.07927 8.03724 699.84
260 13.6717 0.151142 908.209 0.113988 -0.00165095 -0.00129674 0 -4.41332 2.76408e-05 0.617772 0.00247252 -0.00425658 -0.349092 -0.00526355 1.65669 0.652401 -0.740291 4.05167 -0.330131 -0.0290369 0.0100759 0.0153355 -4.41332 -0.740291 -0.0290369 0.0153355 10.3398 3.37985 8.03724 696.344
261 11.9878 0.153232 905.248 0.107778 -0.00129956 -0.00105104 0 -4.28152 3.02856e-05 0.606554 0.0027379 -0.00639333 -0.360106 -0.000854241 1.64444 0.762335 -0.622069 4.34774 -0.338969 -0.0310444 0.00990778 0.0147818 -4.28152 -0.622069 -0.0310444 0.0147818 8.42849 2.76792 8.03724 694.872
262 9.79699 0.154459 902.688 0.100315 -0.00103986 -0.000872408 0 -3.46452 3.21909e-05 0.630182 0.00312466 -0.00916275 -0.373721 -0.000239523 1.62775 0.837087 -0.540472 4.40252 -0.350463 -0.0329474 0.0096892 0.0142521 -3.46452 -0.540472 -0.0329474 0.0142521 6.99746 2.41361 8.03724 695.01
263 6.79518 0.154902 900.511 0.0907261 -0.000851224 -0.0007512 0 -3.93998 3.3008e-05 0.676649 0.00374368 -0.01296 -0.392251 -0.000183957 1.60334 0.872356 -0.469218 4.25828 -0.366262 -0.0353773 0.00938876 0.0135411 -3.93998 -0.469218 -0.0353773 0.0135411 6.25536 2.0366 8.03724 696.384
264 4.31189 0.155101 898.685 0.0828746 -0.000687317 -0.000640662 0 -4.71418 3.35615e-05 0.739465 0.0043446 -0.0160857 -0.407092 -0.000250495 1.58182 0.886212 -0.458753 4.04435 -0.379345 -0.0368862 0.00913996 0.0131053 -4.71418 -0.458753 -0.0368862 0.0131053 6.4039 2.02857 8.03724 698.164
265 1.85173 0.155167 897.185 0.07528 -0.000554762 -0.000557178 0 -4.30651 3.37172e-05 0.803625 0.00502936 -0.0191633 -0.421962 -0.00037993 1.55936 0.882302 -0.426819 3.79027 -0.392277 -0.0385787 0.00889404 0.012621 -4.30651 -0.426819 -0.0385787 0.012621 5.62243 1.83312 8.03724 700.243
266 -0.622842 0.154869 895.992 0.0677928 -0.000448195 -0.00050478 0 -3.67159 3.35049e-05 0.868411 0.00582186 -0.0222483 -0.437059 -0.00058754 1.53556 0.864619 -0.383315 3.52143 -0.405279 -0.0404266 0.00864679 0.0119968 -3.67159 -0.383315 -0.0404266 0.0119968 4.75313 1.60836 8.03724 703.006
267 -2.57215 0.154478 895.086 0.0618999 -0.000357131 -0.000472853 0 -4.03788 3.33711e-05 0.933569 0.00653089 -0.0246695 -0.448629 -0.000867752 1.51589 0.843152 -0.392723 3.27674 -0.415546 -0.0415352 0.00845155 0.0116959 -4.03788 -0.392723 -0.0415352 0.0116959 4.95481 1.56567 8.03724 705.928
268 -4.60467 0.153905 894.432 0.0558603 -0.00028539 -0.000476978 0 -4.28899 3.2957e-05 0.992901 0.00735737 -0.0271904 -0.460855 -0.00125255 1.49457 0.815078 -0.372993 3.04022 -0.426246 -0.0428568 0.00824806 0.0113247 -4.28899 -0.372993 -0.0428568 0.0113247 4.60567 1.43035 8.03724 709.018
269 -6.66077 0.153136 894.02 0.0498507 -0.00022833 -0.000523472 0 -3.21134 3.23321e-05 1.04846 0.00829094 -0.029729 -0.473537 -0.00178337 1.47222 0.78303 -0.314199 2.81876 -0.437035 -0.0445454 0.00804289 0.0105865 -3.21134 -0.314199 -0.0445454 0.0105865 3.70024 1.29199 8.03724 712.621
270 -8.37762 0.152233 893.835 0.0448517 -0.000181085 -0.00060643 0 -2.52773 3.17974e-05 1.10321 0.00915623 -0.0318419 -0.483902 -0.00246852 1.45289 0.752137 -0.292193 2.62598 -0.44605 -0.0457239 0.00787146 0.0101882 -2.52773 -0.292193 -0.0457239 0.0101882 3.31072 1.18195 8.03724 716.53
271 -10.5972 0.151053 893.851 0.0384839 -0.000145933 -0.00078527 0 -3.25421 3.07127e-05 1.15069 0.0104066 -0.0345944 -0.497283 -0.00345353 1.42692 0.715266 -0.275102 2.43378 -0.457746 -0.0471859 0.00764903 0.00963028 -3.25421 -0.275102 -0.0471859 0.00963028 3.44524 1.1396 8.03724 720.436
272 -12.5195 0.149942 894.038 0.0330066 -0.000116984 -0.00103808 0 -3.37576 2.97284e-05 1.19816 0.011616 -0.03697 -0.508766 -0.00473003 1.40368 0.68117 -0.270602 2.26833 -0.467863 -0.0483594 0.00745664 0.00926751 -3.37576 -0.270602 -0.0483594 0.00926751 3.33931 1.06852 8.03724 724.3
273 -14.2131 0.148829 894.379 0.0282101 -9.38389e-05 -0.00138402 0 -3.2677 2.88188e-05 1.24403 0.0127887 -0.0390583 -0.518898 -0.00632632 1.38262 0.649732 -0.261339 2.12501 -0.47677 -0.0494152 0.00728726 0.00886444 -3.2677 -0.261339 -0.0494152 0.00886444 3.35953 1.07962 8.03724 728.27
274 -16.1998 0.147637 894.857 0.0226563 -7.72044e-05 -0.0018884 0 -1.94588 2.7577e-05 1.28027 0.0142998 -0.0415073 -0.530821 -0.00834356 1.35729 0.61672 -0.245363 1.98708 -0.487187 -0.0507235 0.00708916 0.00846308 -1.94588 -0.245363 -0.0507235 0.00846308 2.4896 0.892325 8.03724 732.249
275 -18.0381 0.146368 895.453 0.0174965 -6.60627e-05 -0.00264752 0 -4.34989 2.63514e-05 1.31696 0.0158598 -0.0437956 -0.541688 -0.0108454 1.33297 0.586082 -0.266335 1.86567 -0.496921 -0.0516707 0.00690405 0.00817467 -4.34989 -0.266335 -0.0516707 0.00817467 3.39135 0.960715 8.03724 736.154
276 -18.7551 0.145554 896.161 0.0155024 -5.66136e-05 -0.0032128 0 -2.6554 2.60337e-05 1.35976 0.0164978 -0.0446575 -0.545473 -0.0134093 1.3235 0.566257 -0.300762 1.78359 -0.50065 -0.0516564 0.00683314 0.00841751 -2.6554 -0.300762 -0.0516564 0.00841751 3.10091 1.10606 8.03724 739.835
277 -20.2766 0.14456 896.982 0.0113021 -5.31705e-05 -0.00399669 0 -2.0829 2.49866e-05 1.37824 0.0179448 -0.0465325 -0.554739 -0.0161502 1.30289 0.540742 -0.264842 1.68747 -0.508639 -0.0527816 0.00668122 0.008057 -2.0829 -0.264842 -0.0527816 0.008057 2.577 0.914719 8.03724 743.541
278 -22.2239 0.14333 897.879 0.0059506 -6.10181e-05 -0.00550064 0 -2.32841 2.35091e-05 1.39278 0.0199703 -0.0489459 -0.566611 -0.0192631 1.2759 0.513014 -0.230694 1.58912 -0.518888 -0.0542094 0.00648631 0.0074488 -2.32841 -0.230694 -0.0542094 0.0074488 2.34257 0.839884 8.03724 747.414
279 -24.2707 0.142041 898.848 0.000373408 -8.15276e-05 -0.00757115 0 -1.16657 2.18953e-05 1.40427 0.0223115 -0.0514761 -0.579056 -0.0227868 1.24697 0.485846 -0.193218 1.49618 -0.529624 -0.0557145 0.00628214 0.00686576 -1.16657 -0.193218 -0.0557145 0.00686576 1.57576 0.625537 8.03724 751.441
280 -26.1412 0.140679 899.877 -0.00472521 -0.000128 -0.0106864 0 -1.91418 2.03748e-05 1.42046 0.0246743 -0.0537998 -0.590277 -0.0263971 1.21986 0.461145 -0.189383 1.41395 -0.539484 -0.0568881 0.00609465 0.00640727 -1.91418 -0.189383 -0.0568881 0.00640727 1.76629 0.684436 8.03724 755.535
281 -27.8582 0.139343 900.961 -0.00937713 -0.000205167 -0.0146858 0 -1.995 1.89524e-05 1.43592 0.0270308 -0.0559288 -0.600241 -0.0300281 1.19459 0.43856 -0.213509 1.34037 -0.548519 -0.0576455 0.00592283 0.00627504 -1.995 -0.213509 -0.0576455 0.00627504 2.23026 0.796931 8.03724 759.488
282 -29.5691 0.138054 902.096 -0.0139899 -0.000302437 -0.0191122 0 -1.78751 1.75086e-05 1.44295 0.0295691 -0.0580488 -0.610459 -0.0338335 1.16906 0.416776 -0.190162 1.2707 -0.557513 -0.0586979 0.00575179 0.00605081 -1.78751 -0.190162 -0.0586979 0.00605081 1.7774 0.637863 8.03724 763.505
283 -31.4026 0.136758 903.274 -0.0189132 -0.00046083 -0.02532 0 -1.24744 1.5932e-05 1.44379 0.032511 -0.060319 -0.621462 -0.0366947 1.14136 0.394676 -0.181268 1.20143 -0.567144 -0.059887 0.00556864 0.00560898 -1.24744 -0.181268 -0.059887 0.00560898 1.43541 0.561773 8.03724 767.517
284 -33.1747 0.13548 904.487 -0.0236601 -0.000668824 -0.0328328 0 -1.14126 1.43875e-05 1.44131 0.0355889 -0.062514 -0.631946 -0.0391194 1.11422 0.373403 -0.189632 1.13575 -0.576463 -0.0608737 0.00539142 0.00537841 -1.14126 -0.189632 -0.0608737 0.00537841 1.32137 0.499397 8.03724 771.448
285 -35.0333 0.134185 905.721 -0.0286209 -0.000933429 -0.0419643 0 -0.684447 1.27523e-05 1.43256 0.0390679 -0.0648116 -0.642969 -0.0406593 1.0855 0.351768 -0.183895 1.06991 -0.586229 -0.0619454 0.00520571 0.00512053 -0.684447 -0.183895 -0.0619454 0.00512053 0.863379 0.435041 8.03724 775.262
286 -36.6833 0.132895 906.967 -0.0330298 -0.00124806 -0.0523111 0 -1.94391 1.12826e-05 1.42584 0.0423979 -0.066854 -0.652697 -0.0413211 1.05966 0.331509 -0.197797 1.00913 -0.594942 -0.0627947 0.00504001 0.00487945 -1.94391 -0.197797 -0.0627947 0.00487945 1.90441 0.613977 8.03724 779.065
287 -38.4305 0.131673 908.23 -0.0376653 -0.00153675 -0.0623022 0 -1.46986 9.72875e-06 1.41083 0.0461409 -0.0689999 -0.66298 -0.0422493 1.03225 0.310713 -0.200469 0.947408 -0.604121 -0.0637242 0.00486545 0.00474606 -1.46986 -0.200469 -0.0637242 0.00474606 1.48803 0.487443 8.03724 782.78
288 -39.5382 0.130634 909.507 -0.0405691 -0.00187085 -0.0717 0 -0.564302 8.7395e-06 1.40789 0.0486331 -0.0703406 -0.669342 -0.0444789 1.01485 0.294095 -0.204766 0.898929 -0.609926 -0.0641715 0.00475507 0.00479471 -0.564302 -0.204766 -0.0641715 0.00479471 1.07128 0.46186 8.03724 786.435
289 -41.1695 0.129424 910.797 -0.0448897 -0.00199845 -0.0785895 0 -1.1683 7.28139e-06 1.38558 0.0525021 -0.07233 -0.67922 -0.0446184 0.989006 0.274182 -0.182367 0.840928 -0.618523 -0.0652886 0.00459158 0.00438017 -1.1683 -0.182367 -0.0652886 0.00438017 1.27378 0.463598 8.03724 790.067
290 -42.617 0.128268 912.095 -0.0487012 -0.00213274 -0.0843178 0 -1.00431 5.99077e-06 1.36574 0.0561016 -0.0740683 -0.687899 -0.0446137 0.966077 0.255451 -0.171599 0.787075 -0.626134 -0.0662123 0.00444685 0.00409036 -1.00431 -0.171599 -0.0662123 0.00409036 1.153 0.42878 8.03724 793.797
291 -43.9482 0.12711 913.395 -0.0522082 -0.00219599 -0.0878734 0 -1.65052 4.80279e-06 1.34638 0.0595627 -0.0756434 -0.695715 -0.0443077 0.944909 0.237452 -0.183089 0.735963 -0.633154 -0.0668739 0.00431334 0.00397389 -1.65052 -0.183089 -0.0668739 0.00397389 1.57217 0.535062 8.03724 797.343
292 -45.4775 0.125972 914.703 -0.0562146 -0.00222503 -0.0900029 0 -0.42523 3.45671e-06 1.3173 0.0636693 -0.0774286 -0.704919 -0.0446345 0.92076 0.218776 -0.152777 0.682971 -0.641167 -0.0679132 0.00416097 0.0037031 -0.42523 -0.152777 -0.0679132 0.0037031 0.733223 0.320953 8.03724 800.931
293 -46.7927 0.124825 916.01 -0.0596622 -0.00218336 -0.089698 0 -0.218182 2.30095e-06 1.29292 0.0673375 -0.07891 -0.712719 -0.0439497 0.899953 0.201478 -0.155993 0.634636 -0.64808 -0.0686685 0.00402949 0.00352972 -0.218182 -0.155993 -0.0686685 0.00352972 0.569346 0.307638 8.03724 804.556
294 -48.3052 0.123662 917.316 -0.0636414 -0.00206559 -0.0870628 0 -0.448981 9.82506e-07 1.25986 0.0716899 -0.0805822 -0.72177 -0.0428429 0.876052 0.183647 -0.147219 0.584788 -0.656043 -0.0696046 0.00387806 0.00326637 -0.448981 -0.147219 -0.0696046 0.00326637 0.695877 0.291652 8.03724 808.095
295 -49.5256 0.122589 918.613 -0.0668422 -0.0019637 -0.0836499 0 -0.459196 -7.10736e-08 1.23418 0.0752845 -0.081819 -0.728965 -0.0420349 0.856847 0.167764 -0.147407 0.541192 -0.662464 -0.070257 0.00375597 0.00316406 -0.459196 -0.147407 -0.070257 0.00316406 0.729163 0.350907 8.03724 811.593
296 -50.6037 0.121527 919.913 -0.0696799 -0.00192602 -0.0810885 0 -1.40689 -9.95328e-07 1.21016 0.0785251 -0.0828286 -0.735451 -0.0425517 0.839872 0.15321 -0.140349 0.501547 -0.668161 -0.0709377 0.00364763 0.00299327 -1.40689 -0.140349 -0.0709377 0.00299327 1.07722 0.305784 8.03724 815.158
297 -51.4787 0.120545 921.219 -0.0719627 -0.00192489 -0.0791626 0 -0.953328 -1.72987e-06 1.1905 0.0811637 -0.083532 -0.740524 -0.0437776 0.826242 0.140293 -0.150665 0.466703 -0.672752 -0.0713328 0.00356032 0.00299016 -0.953328 -0.150665 -0.0713328 0.00299016 0.88623 0.303417 8.03724 818.588
298 -52.3745 0.119586 922.524 -0.0742991 -0.00191564 -0.0771219 0 0 -2.47002e-06 1.16827 0.0838742 -0.0842045 -0.745743 -0.0448804 0.812379 0.128049 -0.151425 0.433446 -0.67744 -0.0717741 0.00347117 0.00297076 0 -0.151425 -0.0717741 0.00297076 0.408769 0.228176 8.03724 821.945
299 -53.4519 0.118575 923.82 -0.0771392 -0.00180132 -0.0728438 0 0 -3.35527e-06 1.13902 0.0871617 -0.0849804 -0.752127 -0.0438901 0.795699 0.115825 -0.142947 0.399737 -0.683108 -0.0723825 0.00336338 0.00282488 0 -0.142947 -0.0723825 0.00282488 0.422769 0.26733 8.03724 825.198
300 -54.7536 0.117514 925.107 -0.0805888 -0.00166439 -0.0680292 0 -0.252971 -4.41381e-06 1.10135 0.0911283 -0.0858662 -0.760082 -0.0422141 0.775661 0.103651 -0.115009 0.365484 -0.689962 -0.0733532 0.00323305 0.0025064 -0.252971 -0.115009 -0.0733532 0.0025064 0.293987 0.172804 8.03724 828.572
301 -55.6979 0.116536 926.385 -0.0830997 -0.00157143 -0.0641152 0 -0.257047 -5.15882e-06 1.075 0.0939794 -0.0861384 -0.765624 -0.0413094 0.761236 0.0934391 -0.122103 0.337325 -0.694929 -0.0738336 0.00313858 0.00244665 -0.257047 -0.122103 -0.0738336 0.00244665 0.361313 0.209742 8.03724 831.867
302 -56.8073 0.115546 927.656 -0.0860599 -0.00148439 -0.060561 0 0 -6.0239e-06 1.04201 0.0972767 -0.0864232 -0.772265 -0.0402067 0.744426 0.0835346 -0.110541 0.309292 -0.700758 -0.0745346 0.00302773 0.00229583 0 -0.110541 -0.0745346 0.00229583 0.239141 0.164751 8.03724 835.122
303 -57.8007 0.114563 928.918 -0.0887374 -0.00139451 -0.0571291 0 -0.265469 -6.77998e-06 1.01218 0.100172 -0.0863236 -0.77821 -0.0388688 0.72945 0.0747137 -0.103028 0.284267 -0.705991 -0.075147 0.00292822 0.00215853 -0.265469 -0.103028 -0.075147 0.00215853 0.355357 0.183942 8.03724 838.421
304 -58.7042 0.113637 930.176 -0.0911906 -0.00135051 -0.0550808 0 -0.270104 -7.44708e-06 0.98449 0.102729 -0.0859333 -0.783543 -0.0383433 0.715945 0.0668667 -0.10636 0.261766 -0.710745 -0.0756358 0.00283782 0.00209718 -0.270104 -0.10636 -0.0756358 0.00209718 0.240066 0.157079 8.03724 841.604
305 -59.5445 0.112731 931.424 -0.0934919 -0.00130477 -0.053292 0 0 -8.04764e-06 0.958306 0.105027 -0.0852456 -0.78849 -0.0375932 0.703497 0.0598444 -0.105635 0.241345 -0.715158 -0.0760858 0.0027539 0.00204058 0 -0.105635 -0.0760858 0.00204058 0.247533 0.165105 8.03724 844.757
306 -60.3694 0.111865 932.662 -0.0957778 -0.00126739 -0.0520264 0 0 -8.62279e-06 0.931939 0.107199 -0.0843213 -0.793271 -0.0368529 0.691344 0.0534795 -0.11915 0.222402 -0.719497 -0.0764449 0.00267137 0.00205074 0 -0.11915 -0.0764449 0.00205074 0.309166 0.172801 8.03724 847.731
307 -61.1055 0.111053 933.883 -0.0978568 -0.00124616 -0.0514362 0 -0.56109 -9.11655e-06 0.907919 0.109059 -0.0831259 -0.797475 -0.0363837 0.680534 0.0478671 -0.136808 0.205394 -0.723385 -0.076687 0.00259743 0.0021178 -0.56109 -0.136808 -0.076687 0.0021178 0.467803 0.186602 8.03724 850.528
308 -61.7382 0.110295 935.083 -0.0996656 -0.00124229 -0.0515172 0 0 -9.51298e-06 0.887106 0.110571 -0.0817007 -0.801068 -0.0362417 0.67138 0.0429742 -0.143359 0.190303 -0.726699 -0.0769036 0.00253442 0.00216049 0 -0.143359 -0.0769036 0.00216049 0.386148 0.195588 8.03724 853.216
309 -62.411 0.109535 936.266 -0.101612 -0.00122601 -0.0515452 0 0 -9.93078e-06 0.864368 0.112102 -0.0801733 -0.805138 -0.0357396 0.661665 0.0384752 -0.123754 0.175864 -0.730238 -0.0773667 0.00246712 0.00204852 0 -0.123754 -0.0773667 0.00204852 0.249918 0.159919 8.03724 856.009
310 -63.0262 0.108781 937.44 -0.103427 -0.00121481 -0.0518999 0 0 -1.02927e-05 0.843289 0.113418 -0.0784527 -0.808825 -0.0352776 0.65284 0.0344951 -0.122679 0.162748 -0.733474 -0.0777563 0.00240558 0.00195523 0 -0.122679 -0.0777563 0.00195523 0.2634 0.155017 8.03724 858.831
311 -63.556 0.108062 938.601 -0.105038 -0.00121484 -0.0527059 0 0 -1.05797e-05 0.824857 0.114481 -0.0765735 -0.811849 -0.0350484 0.645283 0.0310175 -0.133149 0.151015 -0.736262 -0.0779393 0.00235256 0.00199604 0 -0.133149 -0.0779393 0.00199604 0.315375 0.170126 8.03724 861.501
312 -64.0546 0.107374 939.745 -0.106586 -0.00121735 -0.0537213 0 0 -1.08339e-05 0.807197 0.115418 -0.0746597 -0.814739 -0.0349514 0.638212 0.0279195 -0.137349 0.1402 -0.738885 -0.0781564 0.00230268 0.00199511 0 -0.137349 -0.0781564 0.00199511 0.337727 0.169266 8.03724 864.079
313 -64.4703 0.106738 940.872 -0.107931 -0.00122995 -0.0551077 0 0 -1.10185e-05 0.792156 0.116147 -0.0727189 -0.81716 -0.0350832 0.632347 0.0252214 -0.132627 0.130535 -0.741071 -0.0783501 0.0022611 0.00200546 0 -0.132627 -0.0783501 0.00200546 0.272481 0.175293 8.03724 866.554
314 -64.8352 0.106101 941.987 -0.109164 -0.00124056 -0.0565313 0 -0.296455 -1.116e-05 0.778646 0.11675 -0.0707495 -0.819405 -0.035061 0.627199 0.0228369 -0.127796 0.121735 -0.742999 -0.0786306 0.00222445 0.00192 -0.296455 -0.127796 -0.0786306 0.00192 0.474778 0.208277 8.03724 869.149
315 -65.1704 0.105508 943.095 -0.110323 -0.00126554 -0.0584383 0 0 -1.12722e-05 0.766013 0.117265 -0.0689249 -0.821408 -0.0355971 0.622528 0.0207199 -0.126918 0.113638 -0.744755 -0.0788441 0.00219106 0.00187645 0 -0.126918 -0.0788441 0.00187645 0.282156 0.158323 8.03724 871.646
316 -65.5262 0.104898 944.193 -0.111565 -0.00126934 -0.0598158 0 -0.299568 -1.13952e-05 0.75246 0.117777 -0.0671402 -0.823522 -0.0354789 0.617548 0.0187872 -0.129906 0.105929 -0.746634 -0.0790434 0.00215531 0.00183574 -0.299568 -0.129906 -0.0790434 0.00183574 0.48051 0.197969 8.03724 874.091
317 -65.8878 0.104325 945.277 -0.112833 -0.00127862 -0.0614278 0 0 -1.15143e-05 0.738703 0.118251 -0.0654268 -0.825653 -0.0355539 0.612551 0.0170428 -0.128663 0.0987001 -0.748529 -0.0792437 0.00211929 0.00182587 0 -0.128663 -0.0792437 0.00182587 0.293984 0.158254 8.03724 876.457
318 -66.1279 0.10378 946.351 -0.113791 -0.00130348 -0.0635064 0 0 -1.15447e-05 0.729014 0.118543 -0.0637288 -0.827058 -0.0359704 0.60923 0.015561 -0.126356 0.0924741 -0.749792 -0.0793614 0.00209527 0.00183428 0 -0.126356 -0.0793614 0.00183428 0.261867 0.159946 8.03724 878.806
319 -66.4558 0.103209 947.42 -0.115004 -0.00130584 -0.0649783 0 0 -1.16314e-05 0.716215 0.118909 -0.0621577 -0.829112 -0.0358775 0.604711 0.0141613 -0.117738 0.0862783 -0.751516 -0.0796585 0.00206247 0.00171975 0 -0.117738 -0.0796585 0.00171975 0.233669 0.130988 8.03724 881.254
320 -66.7521 0.102661 948.478 -0.11615 -0.00131097 -0.0665598 0 0 -1.16916e-05 0.704482 0.119207 -0.0605908 -0.830796 -0.0358064 0.600641 0.0129186 -0.123414 0.0806253 -0.753076 -0.0797529 0.00203282 0.0017479 0 -0.123414 -0.0797529 0.0017479 0.254244 0.150896 8.03724 883.489
321 -67.0283 0.102122 949.525 -0.117258 -0.00131729 -0.0681998 0 0 -1.17338e-05 0.693417 0.119455 -0.059063 -0.832477 -0.035785 0.596862 0.0118092 -0.121253 0.0754326 -0.754528 -0.0799542 0.0020052 0.00169199 0 -0.121253 -0.0799542 0.00169199 0.246639 0.139178 8.03724 885.799
322 -67.2682 0.101617 950.556 -0.118282 -0.00132771 -0.0699803 0 0 -1.17482e-05 0.683561 0.119646 -0.0575822 -0.833698 -0.0358546 0.593588 0.0108275 -0.141763 0.0707254 -0.755791 -0.0798878 0.00198118 0.00180915 0 -0.141763 -0.0798878 0.00180915 0.401943 0.18272 8.03724 887.826
323 -67.4687 0.101146 951.564 -0.119211 -0.00134409 -0.0719595 0 0 -1.17336e-05 0.67502 0.119789 -0.0561787 -0.834877 -0.0360702 0.590861 0.00996142 -0.138091 0.0664786 -0.756846 -0.0799923 0.00196113 0.00182297 0 -0.138091 -0.0799923 0.00182297 0.297191 0.16036 8.03724 889.878
324 -67.6643 0.100676 952.558 -0.120143 -0.00135804 -0.0738643 0 -0.309502 -1.17145e-05 0.666546 0.119913 -0.0548848 -0.83607 -0.0362896 0.588186 0.00918043 -0.131927 0.0625383 -0.757883 -0.0801286 0.0019414 0.00177476 -0.309502 -0.131927 -0.0801286 0.00177476 0.362097 0.166782 8.03724 891.926
325 -67.6606 0.100265 953.539 -0.120516 -0.00141674 -0.077203 0 0 -1.15655e-05 0.664875 0.11991 -0.0537561 -0.835951 -0.0375698 0.588255 0.0085674 -0.145864 0.0595059 -0.757856 -0.0800371 0.00194191 0.0018525 0 -0.145864 -0.0800371 0.0018525 0.366715 0.177146 8.03724 893.861
326 -67.6808 0.0998751 954.504 -0.120963 -0.0014676 -0.0802744 0 0 -1.14341e-05 0.662247 0.119922 -0.0528373 -0.835945 -0.0386134 0.587981 0.00800219 -0.159855 0.0566116 -0.757963 -0.0799224 0.00193989 0.00194412 0 -0.159855 -0.0799224 0.00194412 0.46211 0.206647 8.03724 895.624
327 -67.8024 0.0994978 955.446 -0.121697 -0.00149225 -0.0824758 0 0 -1.13667e-05 0.656117 0.11999 -0.0521123 -0.836626 -0.0391563 0.586334 0.00745152 -0.161619 0.0536442 -0.758603 -0.0799513 0.00192771 0.00195771 0 -0.161619 -0.0799513 0.00195771 0.453082 0.20916 8.03724 897.298
328 -67.9255 0.0991162 956.366 -0.122443 -0.00151437 -0.0845903 0 0 -1.12995e-05 0.649962 0.120053 -0.0514207 -0.837354 -0.0395543 0.584671 0.00695249 -0.161417 0.0508934 -0.75925 -0.0800189 0.0019154 0.00195383 0 -0.161417 -0.0800189 0.00195383 0.424364 0.186754 8.03724 899.016
329 -68.0104 0.0987513 957.267 -0.123088 -0.00154428 -0.0869604 0 0 -1.12087e-05 0.645105 0.120092 -0.0507587 -0.837897 -0.040119 0.583524 0.00651393 -0.151141 0.0484478 -0.759697 -0.0801069 0.00190691 0.00191071 0 -0.151141 -0.0801069 0.00191071 0.368768 0.188039 8.03724 900.739
330 -67.9147 0.0984293 958.163 -0.123221 -0.00161963 -0.0908323 0 0 -1.10108e-05 0.646272 0.120047 -0.0501851 -0.837436 -0.0416605 0.584816 0.00617722 -0.143524 0.0466382 -0.759193 -0.0801589 0.00191648 0.00185616 0 -0.143524 -0.0801589 0.00185616 0.305656 0.165059 8.03724 902.652
331 -68.0163 0.0980454 959.053 -0.123913 -0.00164207 -0.0928986 0 0 -1.09324e-05 0.640747 0.120095 -0.0498354 -0.838014 -0.0422437 0.583443 0.00581264 -0.149061 0.0445135 -0.759728 -0.0801919 0.00190631 0.00184206 0 -0.149061 -0.0801919 0.00184206 0.392821 0.178338 8.03724 904.352
332 -68.0746 0.0976766 959.924 -0.124492 -0.00166835 -0.0950663 0 -0.310949 -1.08295e-05 0.636673 0.120121 -0.0494434 -0.838342 -0.0426967 0.582637 0.00549412 -0.151743 0.0426492 -0.760043 -0.0801997 0.00190032 0.00185876 -0.310949 -0.151743 -0.0801997 0.00185876 0.584776 0.210435 8.03724 905.981
333 -67.9227 0.0974086 960.784 -0.124457 -0.00176482 -0.0996161 0 0 -1.06057e-05 0.639632 0.120052 -0.0491551 -0.837348 -0.044769 0.584704 0.00526718 -0.168841 0.0414111 -0.759237 -0.080027 0.00191565 0.00194652 0 -0.168841 -0.080027 0.00194652 0.47571 0.210944 8.03724 907.521
334 -67.9741 0.0970821 961.626 -0.125004 -0.00179659 -0.101917 0 0 -1.0502e-05 0.635729 0.120076 -0.0490641 -0.837615 -0.045525 0.58401 0.00500943 -0.167725 0.0398609 -0.759508 -0.0800182 0.00191051 0.00197528 0 -0.167725 -0.0800182 0.00197528 0.479953 0.204466 8.03724 908.969
335 -68.0206 0.0967729 962.447 -0.12554 -0.0018284 -0.104208 0 0 -1.03962e-05 0.632037 0.120097 -0.0489364 -0.83787 -0.0461359 0.583382 0.00477696 -0.164317 0.0384495 -0.759752 -0.0800238 0.00190585 0.00199292 0 -0.164317 -0.0800238 0.00199292 0.425483 0.199307 8.03724 910.382
336 -68.041 0.0964629 963.253 -0.126002 -0.00186678 -0.106708 0 0 -1.0277e-05 0.629234 0.120106 -0.0487872 -0.837959 -0.0468704 0.583107 0.0045726 -0.172734 0.0372089 -0.75986 -0.0800029 0.00190381 0.00200187 0 -0.172734 -0.0800029 0.00200187 0.521908 0.203656 8.03724 911.818
337 -67.796 0.0962629 964.042 -0.125688 -0.0019882 -0.111973 0 0 -1.0015e-05 0.635084 0.119987 -0.0486998 -0.836392 -0.0493354 0.586413 0.0044519 -0.188616 0.0365984 -0.758572 -0.0797484 0.0019283 0.00209787 0 -0.188616 -0.0797484 0.00209787 0.670373 0.259395 8.03724 913.066
338 -67.8023 0.096031 964.808 -0.126094 -0.00203167 -0.114549 0 0 -9.89394e-06 0.632597 0.11999 -0.0488819 -0.836384 -0.0504884 0.586327 0.00429063 -0.190436 0.0356116 -0.758605 -0.0797066 0.00192766 0.00214674 0 -0.190436 -0.0797066 0.00214674 0.620796 0.244727 8.03724 914.132
339 -67.8084 0.0958056 965.547 -0.126498 -0.00207285 -0.117024 0 0 -9.77418e-06 0.630169 0.119994 -0.0490118 -0.836399 -0.0513016 0.586245 0.00414491 -0.192601 0.0347169 -0.758637 -0.0796886 0.00192705 0.00216207 0 -0.192601 -0.0796886 0.00216207 0.661638 0.258891 8.03724 915.185
340 -67.7614 0.0955977 966.264 -0.126746 -0.00213189 -0.120079 0 0 -9.62813e-06 0.62949 0.119968 -0.0491052 -0.836145 -0.0524527 0.586879 0.00402472 -0.192074 0.0340028 -0.758391 -0.0796861 0.00193175 0.00215439 0 -0.192074 -0.0796861 0.00215439 0.534864 0.231132 8.03724 916.336
341 -67.7652 0.0953413 966.966 -0.127139 -0.00217304 -0.122505 0 0 -9.51068e-06 0.627166 0.11997 -0.0492383 -0.836262 -0.0533446 0.586829 0.00390695 -0.174803 0.0332794 -0.75841 -0.0797829 0.00193137 0.00207778 0 -0.174803 -0.0797829 0.00207778 0.497191 0.216728 8.03724 917.575
342 -67.7797 0.0950578 967.661 -0.127563 -0.00220929 -0.12475 0 0 -9.40021e-06 0.624526 0.119978 -0.0493384 -0.836489 -0.0540509 0.586633 0.00379834 -0.164882 0.032608 -0.758486 -0.0799327 0.00192992 0.00195638 0 -0.164882 -0.0799327 0.00195638 0.481528 0.194389 8.03724 918.965
343 -67.782 0.0947947 968.345 -0.127951 -0.00224861 -0.127079 0 0 -9.28491e-06 0.622303 0.11998 -0.0494015 -0.836458 -0.0547913 0.586601 0.00370234 -0.167793 0.0320215 -0.758499 -0.0798887 0.00192969 0.0019907 0 -0.167793 -0.0798887 0.0019907 0.505743 0.211545 8.03724 920.152
344 -67.7702 0.094556 969.01 -0.128297 -0.00229221 -0.129533 0 0 -9.16407e-06 0.620543 0.119973 -0.0494507 -0.836274 -0.0556252 0.586759 0.0036184 -0.185581 0.0315183 -0.758437 -0.0797677 0.00193086 0.00207617 0 -0.185581 -0.0797677 0.00207617 0.660961 0.240459 8.03724 921.169
345 -67.7435 0.0943426 969.652 -0.128597 -0.00234131 -0.132151 0 0 -9.03756e-06 0.619259 0.119959 -0.049508 -0.836028 -0.056585 0.58712 0.00354589 -0.192666 0.0310956 -0.758297 -0.0796641 0.00193352 0.00214388 0 -0.192666 -0.0796641 0.00214388 0.704299 0.256047 8.03724 922.09
346 -67.6998 0.0941556 970.266 -0.128842 -0.00239655 -0.134947 0 0 -8.90472e-06 0.618505 0.119934 -0.0495868 -0.835655 -0.0576709 0.58771 0.00348447 -0.204936 0.0307528 -0.758068 -0.0795247 0.00193789 0.00223756 0 -0.204936 -0.0795247 0.00223756 0.775512 0.277582 8.03724 922.855
347 -67.638 0.0939925 970.85 -0.12903 -0.00245884 -0.137946 0 0 -8.76533e-06 0.618307 0.119897 -0.0497008 -0.835163 -0.0589058 0.588546 0.00343371 -0.220286 0.0304886 -0.757743 -0.0793637 0.00194406 0.00232404 0 -0.220286 -0.0793637 0.00232404 0.832052 0.299478 8.03724 923.517
348 -67.4604 0.0938548 971.406 -0.128864 -0.00256684 -0.142404 0 0 -8.57334e-06 0.621737 0.119784 -0.0498368 -0.834036 -0.0608801 0.590955 0.00341055 -0.226703 0.0304555 -0.756809 -0.0791884 0.00196182 0.00241389 0 -0.226703 -0.0791884 0.00241389 0.730398 0.305664 8.03724 924.209
349 -67.2692 0.0937255 971.944 -0.128649 -0.00267805 -0.146853 0 -0.307277 -8.37983e-06 0.625444 0.119649 -0.0501318 -0.832848 -0.063195 0.593533 0.00339722 -0.231591 0.0304964 -0.755812 -0.0790168 0.00198078 0.00246896 -0.307277 -0.231591 -0.0790168 0.00246896 1.05509 0.372709 8.03724 924.82
350 -67.0585 0.0936438 972.461 -0.12835 -0.00282486 -0.152404 0 0 -8.18033e-06 0.629723 0.119482 -0.0506599 -0.83152 -0.0665482 0.596425 0.00339675 -0.244505 0.0306383 -0.754697 -0.0788248 0.00200199 0.00253655 0 -0.244505 -0.0788248 0.00253655 0.902743 0.323539 8.03724 925.329
351 -66.9718 0.0935292 972.952 -0.128418 -0.00290416 -0.15567 0 0 -8.04241e-06 0.630063 0.119408 -0.0512574 -0.831103 -0.0681946 0.59761 0.00338043 -0.225126 0.0306276 -0.75424 -0.0788738 0.00201067 0.00246539 0 -0.225126 -0.0788738 0.00246539 0.73813 0.299966 8.03724 925.892
352 -66.8644 0.0933914 973.423 -0.128418 -0.00299363 -0.159205 0 0 -7.89769e-06 0.631072 0.119313 -0.05181 -0.830486 -0.0699434 0.599079 0.00337222 -0.22463 0.0306814 -0.753676 -0.0788314 0.00202141 0.00244186 0 -0.22463 -0.0788314 0.00244186 0.816253 0.309533 8.03724 926.496
353 -66.7807 0.0932621 973.871 -0.128483 -0.00307251 -0.162356 0 0 -7.76628e-06 0.631355 0.119236 -0.0523554 -0.830025 -0.0715194 0.600225 0.00336435 -0.224345 0.0307304 -0.753235 -0.0788194 0.00202978 0.00243779 0 -0.224345 -0.0788194 0.00243779 0.794546 0.290965 8.03724 927.085
354 -66.6849 0.093131 974.302 -0.128505 -0.00315748 -0.165646 0 0 -7.63195e-06 0.632024 0.119144 -0.0528649 -0.829418 -0.0731407 0.601536 0.0033622 -0.229751 0.0308243 -0.752732 -0.0787246 0.00203935 0.00248196 0 -0.229751 -0.0787246 0.00248196 0.830164 0.294567 8.03724 927.656
355 -66.5944 0.0929992 974.715 -0.128537 -0.00324216 -0.168882 0 0 -7.50233e-06 0.632535 0.119055 -0.0533663 -0.828923 -0.0748024 0.602778 0.00336279 -0.223008 0.0309365 -0.752256 -0.0787151 0.0020484 0.00244908 0 -0.223008 -0.0787151 0.00244908 0.791327 0.294717 8.03724 928.236
356 -66.5071 0.0928519 975.119 -0.128572 -0.00332534 -0.172023 0 0 -7.37645e-06 0.632953 0.118965 -0.0538516 -0.828477 -0.0763949 0.603977 0.00336598 -0.221673 0.0310664 -0.751797 -0.078737 0.00205713 0.00239497 0 -0.221673 -0.078737 0.00239497 0.75436 0.276026 8.03724 928.933
357 -66.4173 0.092703 975.512 -0.128593 -0.00341112 -0.175197 0 0 -7.25175e-06 0.633451 0.11887 -0.0543226 -0.827968 -0.0780226 0.605213 0.00337247 -0.210823 0.031221 -0.751324 -0.0787098 0.00206612 0.00238871 0 -0.210823 -0.0787098 0.00238871 0.744435 0.288238 8.03724 929.555
358 -66.3271 0.0925553 975.896 -0.128608 -0.00349734 -0.178334 0 0 -7.1292e-06 0.633957 0.118772 -0.0547824 -0.82744 -0.0796409 0.606453 0.00338162 -0.217579 0.0313948 -0.750851 -0.0786642 0.00207513 0.00239305 0 -0.217579 -0.0786642 0.00239305 0.724052 0.269191 8.03724 930.205
359 -66.2402 0.0923942 976.276 -0.128626 -0.00358354 -0.181426 0 0 -7.01017e-06 0.634364 0.118675 -0.055237 -0.827018 -0.0812583 0.607652 0.00339269 -0.200925 0.0315814 -0.750393 -0.0787088 0.00208383 0.00233803 0 -0.200925 -0.0787088 0.00233803 0.59271 0.244542 8.03724 931.003
360 -66.1571 0.0922281 976.655 -0.128651 -0.00366735 -0.184401 0 0 -6.89488e-06 0.634654 0.11858 -0.0556798 -0.826525 -0.0827966 0.608797 0.00340519 -0.207452 0.0317767 -0.749957 -0.0786604 0.00209214 0.00234148 0 -0.207452 -0.0786604 0.00234148 0.69886 0.262785 8.03724 931.761
361 -66.067 0.0920673 977.026 -0.128649 -0.00375646 -0.187485 0 0 -6.77874e-06 0.635157 0.118473 -0.0561118 -0.825965 -0.0844221 0.610041 0.00342085 -0.206451 0.0319971 -0.749483 -0.0785833 0.00210115 0.00235736 0 -0.206451 -0.0785833 0.00235736 0.694026 0.26244 8.03724 932.473
362 -65.9664 0.0919301 977.382 -0.128609 -0.00385194 -0.190702 0 0 -6.66056e-06 0.635961 0.118352 -0.0565398 -0.825204 -0.0861535 0.61143 0.00344016 -0.228408 0.0322474 -0.748955 -0.0783607 0.00211119 0.0024899 0 -0.228408 -0.0783607 0.0024899 0.88267 0.308403 8.03724 932.963
363 -65.8367 0.0918452 977.707 -0.128472 -0.00396689 -0.194416 0 0 -6.53297e-06 0.637617 0.11819 -0.0569757 -0.824171 -0.0882486 0.613223 0.00346654 -0.256865 0.0325594 -0.748273 -0.0780215 0.00212415 0.00270329 0 -0.256865 -0.0780215 0.00270329 1.04273 0.355961 8.03724 933.121
364 -65.6935 0.0917874 977.995 -0.128284 -0.00409531 -0.198443 0 0 -6.4025e-06 0.639641 0.118004 -0.0574516 -0.823313 -0.0906435 0.615209 0.00349786 -0.249378 0.0329133 -0.74752 -0.0779312 0.00213847 0.00274048 0 -0.249378 -0.0779312 0.00274048 0.916062 0.328189 8.03724 933.33
365 -65.5401 0.0917251 978.253 -0.128057 -0.00423189 -0.202608 0 0 -6.2707e-06 0.641926 0.117797 -0.057965 -0.822284 -0.0931645 0.617338 0.00353352 -0.265305 0.0333034 -0.746714 -0.0777235 0.0021538 0.00281426 0 -0.265305 -0.0777235 0.00281426 1.08319 0.375359 8.03724 933.386
366 -65.3854 0.0916762 978.48 -0.127816 -0.00437402 -0.206839 0 0 -6.14098e-06 0.644215 0.117582 -0.0585204 -0.821391 -0.0958016 0.619491 0.00357216 -0.267624 0.0337169 -0.7459 -0.0776598 0.00216927 0.00281957 0 -0.267624 -0.0776598 0.00281957 1.05043 0.362786 8.03724 933.507
367 -65.2137 0.0916493 978.672 -0.127514 -0.00453044 -0.211356 0 0 -6.00743e-06 0.646969 0.117333 -0.0591035 -0.820235 -0.0986588 0.621883 0.00361633 -0.28605 0.0341783 -0.744998 -0.077424 0.00218643 0.002917 0 -0.28605 -0.077424 0.002917 1.20988 0.401979 8.03724 933.349
368 -65.0239 0.0916686 978.819 -0.127146 -0.00470496 -0.216245 0 0 -5.86982e-06 0.650208 0.117048 -0.0597236 -0.818885 -0.101852 0.624533 0.00366657 -0.30592 0.0346922 -0.744001 -0.0770894 0.0022054 0.00309837 0 -0.30592 -0.0770894 0.00309837 1.44064 0.462659 8.03724 932.855
369 -64.6901 0.0917298 978.918 -0.126318 -0.00497528 -0.223395 0 -0.295787 -5.68204e-06 0.657548 0.116522 -0.0603436 -0.816799 -0.106665 0.629189 0.00374507 -0.317334 0.0354677 -0.742253 -0.0767841 0.00223863 0.00321903 -0.295787 -0.317334 -0.0767841 0.00321903 1.51926 0.501315 8.03724 932.388
370 -64.3512 0.09184 978.984 -0.125448 -0.00531522 -0.23218 0 0 -5.49569e-06 0.664922 0.115949 -0.0611804 -0.814671 -0.113173 0.633974 0.00383291 -0.332572 0.0363228 -0.740464 -0.0764798 0.00227266 0.00335117 0 -0.332572 -0.0764798 0.00335117 1.45807 0.494291 8.03724 931.78
371 -64.0682 0.0919359 979.015 -0.124744 -0.0056013 -0.239256 0 0 -5.33436e-06 0.670524 0.115449 -0.0621431 -0.8129 -0.118604 0.637967 0.00391695 -0.351056 0.0371348 -0.738976 -0.0762247 0.00230095 0.00343742 0 -0.351056 -0.0762247 0.00343742 1.59807 0.513027 8.03724 931.124
372 -63.8122 0.092069 978.999 -0.124113 -0.00587159 -0.245714 0 0 -5.18622e-06 0.675309 0.114978 -0.0631312 -0.811185 -0.123439 0.641589 0.00400066 -0.37016 0.0379377 -0.73763 -0.0758813 0.00232654 0.00360831 0 -0.37016 -0.0758813 0.00360831 1.7502 0.557687 8.03724 930.126
373 -63.5302 0.092253 978.928 -0.123388 -0.00617834 -0.25281 0 0 -5.03197e-06 0.680804 0.114439 -0.0641092 -0.809302 -0.128839 0.64559 0.0040933 -0.397274 0.0388188 -0.736148 -0.0755081 0.00235472 0.00380959 0 -0.397274 -0.0755081 0.00380959 1.86127 0.593661 8.03724 928.898
374 -63.2338 0.0924123 978.813 -0.122606 -0.00651841 -0.26043 0 0 -4.87591e-06 0.686652 0.113851 -0.0651001 -0.807549 -0.134809 0.649811 0.00419359 -0.395772 0.0397654 -0.73459 -0.0753433 0.00238436 0.00383564 0 -0.395772 -0.0753433 0.00383564 1.70387 0.5478 8.03724 927.945
375 -62.9364 0.092536 978.664 -0.121808 -0.00687714 -0.268197 0 0 -4.72279e-06 0.692467 0.113241 -0.0661048 -0.805716 -0.141013 0.654059 0.00429923 -0.396744 0.0407555 -0.733026 -0.0751038 0.0024141 0.00390195 0 -0.396744 -0.0751038 0.00390195 1.81802 0.577849 8.03724 926.952
376 -62.6252 0.0926824 978.47 -0.120955 -0.00726789 -0.276371 0 0 -4.56816e-06 0.698609 0.11258 -0.0671076 -0.803763 -0.147646 0.658518 0.00441266 -0.404644 0.0418117 -0.73139 -0.0748185 0.00244521 0.00401713 0 -0.404644 -0.0748185 0.00401713 1.71116 0.567174 8.03724 925.816
377 -62.2789 0.0928164 978.24 -0.119978 -0.00772651 -0.285667 0 0 -4.40476e-06 0.705655 0.111819 -0.0681133 -0.801669 -0.155383 0.663498 0.004539 -0.410279 0.0429814 -0.729569 -0.0745799 0.00247985 0.00406586 0 -0.410279 -0.0745799 0.00406586 1.94242 0.610347 8.03724 924.713
378 -61.906 0.0929946 977.969 -0.118904 -0.00824846 -0.295879 0 0 -4.23585e-06 0.713338 0.110973 -0.0691295 -0.799444 -0.164049 0.668878 0.00467759 -0.407407 0.0442573 -0.727608 -0.0743534 0.00251713 0.00414334 0 -0.407407 -0.0743534 0.00414334 1.73712 0.586244 8.03724 923.569
379 -61.5031 0.0931457 977.68 -0.117723 -0.00884499 -0.307126 0 0 -4.0604e-06 0.721747 0.110027 -0.070144 -0.797085 -0.173735 0.674713 0.00482978 -0.42428 0.0456513 -0.72549 -0.0741529 0.00255741 0.00412013 0 -0.42428 -0.0741529 0.00412013 1.97636 0.61454 8.03724 922.59
380 -61.0156 0.0933737 977.348 -0.11627 -0.00950861 -0.318931 0 -0.559345 -3.86136e-06 0.732319 0.108851 -0.0711043 -0.793836 -0.184417 0.681763 0.0050065 -0.465951 0.0472652 -0.722942 -0.0734996 0.00260586 0.00444428 -0.559345 -0.465951 -0.0734996 0.00444428 2.53455 0.763449 8.03724 920.905
381 -60.5089 0.0936488 976.971 -0.114721 -0.010484 -0.33627 0 0 -3.65837e-06 0.743286 0.107572 -0.0721505 -0.790695 -0.199875 0.689208 0.00520272 -0.475705 0.049047 -0.720264 -0.0730884 0.0026568 0.0046082 0 -0.475705 -0.0730884 0.0046082 2.24046 0.731861 8.03724 919.178
382 -60.0763 0.0938934 976.55 -0.113405 -0.0113083 -0.349927 0 0 -3.48459e-06 0.751987 0.106455 -0.0732477 -0.788004 -0.212349 0.695558 0.00539468 -0.489517 0.0507742 -0.717989 -0.0727144 0.00270005 0.00473224 0 -0.489517 -0.0727144 0.00473224 2.46628 0.750573 8.03724 917.485
383 -59.625 0.0942162 976.075 -0.112018 -0.0122131 -0.364288 0 0 -3.30822e-06 0.761115 0.105261 -0.0742821 -0.784934 -0.225469 0.702206 0.00560038 -0.538511 0.052616 -0.715617 -0.072062 0.00274516 0.0050853 0 -0.538511 -0.072062 0.0050853 2.8632 0.872997 8.03724 915.212
384 -59.1133 0.0946156 975.521 -0.110429 -0.0133209 -0.381249 0 0 -3.11589e-06 0.771754 0.103877 -0.0752338 -0.781458 -0.241203 0.709775 0.00583076 -0.589692 0.054673 -0.712928 -0.0713266 0.0027963 0.00551062 0 -0.589692 -0.0713266 0.00551062 3.14627 0.943658 8.03724 912.485
385 -58.463 0.0950706 974.878 -0.108385 -0.0148764 -0.404191 0 0 -2.88306e-06 0.78589 0.102073 -0.0760709 -0.777322 -0.263078 0.719444 0.00610829 -0.613409 0.0571506 -0.70951 -0.0706736 0.0028613 0.00581448 0 -0.613409 -0.0706736 0.00581448 3.33531 1.01203 8.03724 909.538
386 -57.7085 0.0955909 974.149 -0.105996 -0.0169198 -0.432763 0 0 -2.62164e-06 0.802417 0.0999271 -0.0768405 -0.772629 -0.290936 0.730726 0.00643267 -0.642353 0.06004 -0.705544 -0.070022 0.00293672 0.0061004 0 -0.642353 -0.070022 0.0061004 3.26242 1.0223 8.03724 906.446
387 -57.012 0.0961765 973.328 -0.103785 -0.019081 -0.461059 0 -0.262203 -2.38355e-06 0.816961 0.0979089 -0.0776434 -0.76807 -0.318265 0.741177 0.00676824 -0.709092 0.0630059 -0.70189 -0.0691858 0.0030062 0.00645559 -0.262203 -0.709092 -0.0691858 0.00645559 4.19853 1.22827 8.03724 902.63
388 -56.2066 0.096882 972.385 -0.101207 -0.0220251 -0.497333 0 0 -2.11483e-06 0.834043 0.0955267 -0.0783071 -0.762947 -0.354235 0.753372 0.00715844 -0.757645 0.066448 -0.697651 -0.0683828 0.00308683 0.00683834 0 -0.757645 -0.0683828 0.00683834 4.38443 1.28905 8.03724 898.444
389 -55.1902 0.0977571 971.306 -0.097955 -0.0259737 -0.542084 0 -0.254058 -1.78597e-06 0.856125 0.0924832 -0.0787075 -0.756263 -0.40027 0.768814 0.0076333 -0.84929 0.0706377 -0.692316 -0.067135 0.00318827 0.00751551 -0.254058 -0.84929 -0.067135 0.00751551 4.87029 1.48206 8.03724 893.388
390 -54.1707 0.0986928 970.085 -0.0946741 -0.0315553 -0.599855 0 0 -1.4604e-06 0.877395 0.0893893 -0.0790777 -0.749865 -0.460363 0.784443 0.00815914 -0.889397 0.075252 -0.686952 -0.0662042 0.00329029 0.00795827 0 -0.889397 -0.0662042 0.00795827 5.0541 1.5251 8.03724 888.089
391 -53.0407 0.0996604 968.719 -0.0910371 -0.0387077 -0.665189 0 0 -1.10595e-06 0.900678 0.0859462 -0.0792459 -0.742754 -0.53119 0.801854 0.00876476 -0.946068 0.0805508 -0.681013 -0.0651442 0.00340322 0.00850873 0 -0.946068 -0.0651442 0.00850873 5.12212 1.57166 8.03724 882.516
392 -51.5972 0.10076 967.193 -0.0863979 -0.0499964 -0.753765 0 0 -6.60647e-07 0.93077 0.0815539 -0.0789821 -0.733508 -0.635657 0.824238 0.00952292 -1.03611 0.0871881 -0.673428 -0.0636266 0.00354745 0.00921985 0 -1.03611 -0.0636266 0.00921985 6.28035 1.87784 8.03724 876.01
393 -49.9024 0.102082 965.456 -0.0809598 -0.0672605 -0.863584 0 -0.23134 -1.44322e-07 0.965353 0.076455 -0.0783309 -0.722834 -0.78098 0.850682 0.0104422 -1.14769 0.0952241 -0.66453 -0.0620205 0.00371667 0.00991996 -0.23134 -1.14769 -0.0620205 0.00991996 7.29775 2.15431 8.03724 868.379
394 -47.733 0.103861 963.455 -0.0740133 -0.0983073 -1.00911 0 -0.222646 5.11155e-07 1.00881 0.0700859 -0.0770148 -0.708709 -1.02104 0.88477 0.0116272 -1.35714 0.105587 -0.653136 -0.0595068 0.00393336 0.011108 -0.222646 -1.35714 -0.0595068 0.011108 9.04335 2.68319 8.03724 858.428
395 -44.915 0.106168 961.111 -0.0650147 -0.155047 -1.16842 0 0 1.35884e-06 1.06342 0.0621969 -0.0747849 -0.690746 -1.42692 0.929307 0.0131848 -1.5729 0.119214 -0.63833 -0.0566313 0.00421491 0.0123809 0 -1.5729 -0.0566313 0.0123809 10.8726 3.25126 8.03724 846.268
396 -41.3512 0.109098 958.361 -0.0536818 -0.251212 -1.24471 0 -0.391879 2.42922e-06 1.1275 0.0530138 -0.0714918 -0.668171 -2.15518 0.985685 0.0152228 -1.83622 0.137035 -0.619626 -0.0531159 0.0045706 0.0138219 -0.391879 -1.83622 -0.0531159 0.0138219 13.1565 3.93798 8.03724 831.431
397 -36.351 0.113159 955.112 -0.0378374 -0.366018 -1.00525 0 -0.349994 3.93917e-06 1.2096 0.0417819 -0.0662494 -0.636499 -3.6725 1.06433 0.0181078 -2.22778 0.162267 -0.593372 -0.048197 0.00506987 0.0153905 -0.349994 -2.22778 -0.048197 0.0153905 17.1214 5.12917 8.03724 812.361
398 -29.0555 0.119159 951.253 -0.014827 -0.296936 -0.414079 0 -0.589102 6.16934e-06 1.30864 0.0288652 -0.0579524 -0.591063 -7.03145 1.17598 0.0226052 -2.6243 0.201512 -0.555088 -0.0417732 0.00579791 0.0164756 -0.589102 -2.6243 -0.0417732 0.0164756 23.3009 7.19052 8.03724 787.648
399 -17.4025 0.128114 946.812 0.0217475 -0.0961119 -0.0920954 0 -3.18287 9.82878e-06 1.4135 0.0153706 -0.0438921 -0.521793 -11.4406 1.34042 0.0326338 -2.58769 0.288193 -0.493967 -0.0347861 0.00696022 0.0167543 -3.18287 -2.58769 -0.0347861 0.0167543 28.3785 9.32317 8.03724 760.532
400 -3.39239 0.139313 942.24 0.0655777 -0.0205231 -0.0184387 0 -5.43734 1.46302e-05 1.37797 0.0068822 -0.0262549 -0.441148 -8.47081 1.50663 0.0681662 -2.10337 0.585287 -0.420244 -0.0292665 0.00836221 0.0167467 -5.43734 -2.10337 -0.0292665 0.0167467 26.361 8.89672 8.03724 737.606
401 6.55933 0.149351 937.912 0.0962127 -0.00637389 -0.00546799 0 -7.61905 1.90776e-05 1.15056 0.00380924 -0.0134464 -0.385125 -2.73188 1.6009 0.162409 -1.61113 1.31466 -0.367784 -0.0267005 0.00935981 0.0166079 -7.61905 -1.61113 -0.0267005 0.0166079 21.9519 7.162 8.03724 720.814
402 11.6743 0.15675 933.914 0.111196 -0.00322592 -0.00264442 0 -6.18411 2.31513e-05 0.908303 0.00279475 -0.00683419 -0.357532 -0.505718 1.64191 0.307702 -1.19666 2.30372 -0.340754 -0.0266522 0.00987384 0.0162651 -6.18411 -1.19666 -0.0266522 0.0162651 16.5208 5.36892 8.03724 710.114
403 13.5754 0.161746 930.282 0.115839 -0.00213636 -0.00171074 0 -5.64135 2.70641e-05 0.746477 0.00248882 -0.0043752 -0.348156 -0.0707198 1.65592 0.467096 -0.937766 3.2119 -0.3307 -0.0275208 0.010065 0.0158596 -5.64135 -0.937766 -0.0275208 0.0158596 12.943 4.2276 8.03724 703.792
404 13.5344 0.165078 927.04 0.114437 -0.00158093 -0.00126963 0 -4.923 3.06843e-05 0.663635 0.00249376 -0.00440435 -0.349816 -0.00936216 1.65569 0.613723 -0.753752 3.86936 -0.330872 -0.0290062 0.0100618 0.015378 -4.923 -0.753752 -0.0290062 0.015378 10.2218 3.39251 8.03724 700.676
405 12.0773 0.166933 924.206 0.108869 -0.00123503 -0.00101765 0 -4.56823 3.35189e-05 0.640164 0.00272343 -0.00623512 -0.359636 -0.00148268 1.64509 0.728752 -0.609661 4.21982 -0.338509 -0.0310434 0.00991653 0.0147753 -4.56823 -0.609661 -0.0310434 0.0147753 8.43666 2.7737 8.03724 700.063
406 10.007 0.167914 921.776 0.101692 -0.000984738 -0.000840484 0 -4.20632 3.55513e-05 0.656932 0.00308608 -0.0088345 -0.372514 -0.000356555 1.62936 0.809118 -0.542063 4.31964 -0.349381 -0.0328431 0.00970979 0.0142262 -4.20632 -0.542063 -0.0328431 0.0142262 7.57334 2.49311 8.03724 700.821
407 7.57855 0.168376 919.725 0.093701 -0.000793456 -0.000706566 0 -3.38649 3.68051e-05 0.697047 0.00357111 -0.0118714 -0.387527 -0.000194538 1.60989 0.857288 -0.465198 4.24178 -0.362128 -0.0348665 0.00946738 0.0136877 -3.38649 -0.465198 -0.0348665 0.0136877 6.05075 2.09121 8.03724 702.478
408 5.13069 0.168328 918.035 0.0858497 -0.000640013 -0.000600422 0 -4.33623 3.74752e-05 0.753789 0.00413671 -0.0149317 -0.402314 -0.000225808 1.58906 0.879058 -0.447897 4.05776 -0.375029 -0.0365078 0.00922205 0.013214 -4.33623 -0.447897 -0.0365078 0.013214 5.9842 1.95386 8.03724 704.88
409 2.6785 0.168024 916.68 0.0781959 -0.000516349 -0.000519415 0 -3.2934 3.76934e-05 0.814997 0.00478675 -0.0179732 -0.417142 -0.00032811 1.5671 0.881521 -0.41027 3.82112 -0.387901 -0.0382184 0.00897726 0.0127508 -3.2934 -0.41027 -0.0382184 0.0127508 4.95918 1.72581 8.03724 707.614
410 0.087518 0.167357 915.633 0.0702916 -0.000418432 -0.000470784 0 -2.95309 3.73846e-05 0.881577 0.00558139 -0.0211839 -0.432786 -0.000516294 1.54256 0.866573 -0.38526 3.55427 -0.401523 -0.0399817 0.00871821 0.012108 -2.95309 -0.38526 -0.0399817 0.012108 4.76973 1.6518 8.03724 710.748
411 -2.07917 0.166579 914.857 0.0637071 -0.000335424 -0.000446681 0 -4.38768 3.70488e-05 0.952206 0.00634495 -0.0238662 -0.445754 -0.000795901 1.52092 0.844759 -0.375979 3.30234 -0.412961 -0.0412939 0.00850071 0.0117262 -4.38768 -0.375979 -0.0412939 0.0117262 5.00264 1.67144 8.03724 714.185
412 -4.1943 0.165697 914.346 0.0573894 -0.000268611 -0.000450317 0 -4.08559 3.6513e-05 1.01488 0.00718248 -0.0264677 -0.458501 -0.00116233 1.49895 0.817304 -0.356256 3.06297 -0.424081 -0.0427094 0.00828923 0.0113284 -4.08559 -0.356256 -0.0427094 0.0113284 4.55954 1.46782 8.03724 717.896
413 -6.36076 0.164598 914.079 0.0510197 -0.000215565 -0.000496073 0 -3.02783 3.57174e-05 1.07293 0.00814716 -0.0291246 -0.471718 -0.00167342 1.47555 0.785073 -0.313527 2.83679 -0.435451 -0.0443405 0.00807301 0.0107164 -3.02783 -0.313527 -0.0443405 0.0107164 3.59755 1.27295 8.03724 721.948
414 -8.08001 0.16349 914.033 0.045957 -0.000170979 -0.000576536 0 -3.67419 3.51034e-05 1.13116 0.00900303 -0.0312323 -0.481932 -0.00233372 1.45622 0.75464 -0.318162 2.64257 -0.444514 -0.0453184 0.00790066 0.0103858 -3.67419 -0.318162 -0.0453184 0.0103858 4.03974 1.29824 8.03724 726.027
415 -9.99751 0.162278 914.187 0.0404099 -0.000136554 -0.000715413 0 -3.01697 3.41761e-05 1.18127 0.0100536 -0.0335778 -0.493602 -0.00320042 1.43404 0.721265 -0.28504 2.45848 -0.454585 -0.0467264 0.00770915 0.0098416 -3.01697 -0.28504 -0.0467264 0.0098416 3.30865 1.15649 8.03724 730.233
416 -12.0051 0.160852 914.521 0.0346607 -0.000109675 -0.000945186 0 -2.51041 3.30237e-05 1.22839 0.0112773 -0.0360363 -0.505712 -0.0043798 1.41002 0.686661 -0.263439 2.28825 -0.465133 -0.0480873 0.00750855 0.0093618 -2.51041 -0.263439 -0.0480873 0.0093618 2.96947 1.05428 8.03724 734.584
417 -13.9395 0.159427 915.004 0.0291453 -8.85496e-05 -0.00129314 0 -3.25445 3.18016e-05 1.27398 0.0125919 -0.0384124 -0.51718 -0.00592959 1.38606 0.653058 -0.273815 2.13592 -0.47533 -0.0491653 0.00731465 0.00904563 -3.25445 -0.273815 -0.0491653 0.00904563 3.01711 0.99578 8.03724 738.769
418 -15.1527 0.158191 915.621 0.0256848 -7.08932e-05 -0.00166046 0 -3.16648 3.11386e-05 1.32187 0.013486 -0.0398886 -0.524029 -0.00767911 1.3707 0.626776 -0.305109 2.01749 -0.481711 -0.0495107 0.00719329 0.0090934 -3.16648 -0.305109 -0.0495107 0.0090934 3.50667 1.17772 8.03724 742.85
419 -16.8288 0.156982 916.363 0.0209841 -5.88231e-05 -0.00213052 0 -1.88232 2.99892e-05 1.35204 0.0148132 -0.0419323 -0.534178 -0.0096897 1.3491 0.597542 -0.273689 1.89692 -0.490494 -0.0507099 0.00702626 0.00872905 -1.88232 -0.273689 -0.0507099 0.00872905 2.43549 0.918913 8.03724 746.938
420 -18.8331 0.155478 917.205 0.0153816 -5.3042e-05 -0.00299162 0 -2.44957 2.84395e-05 1.37972 0.0165682 -0.0443966 -0.546293 -0.0122697 1.32247 0.566644 -0.249307 1.77892 -0.501053 -0.0520651 0.00682547 0.00822575 -2.44957 -0.249307 -0.0520651 0.00822575 2.32826 0.831434 8.03724 751.202
421 -20.5722 0.154002 918.143 0.0105467 -5.26812e-05 -0.0040863 0 -2.6931 2.7064e-05 1.40857 0.0182423 -0.0465315 -0.556761 -0.0152836 1.2988 0.539294 -0.238109 1.67778 -0.510208 -0.0532044 0.00665138 0.00777548 -2.6931 -0.238109 -0.0532044 0.00777548 2.50999 0.827748 8.03724 755.528
422 -22.1427 0.152623 919.163 0.00620755 -6.01781e-05 -0.00552449 0 -2.44091 2.57879e-05 1.4371 0.0198824 -0.0484563 -0.565951 -0.0186675 1.27703 0.51457 -0.249981 1.58922 -0.518463 -0.0539824 0.00649439 0.00756965 -2.44091 -0.249981 -0.0539824 0.00756965 2.66177 0.921056 8.03724 759.703
423 -24.0962 0.151212 920.25 0.000843446 -7.98453e-05 -0.00750802 0 -1.93707 2.4098e-05 1.45243 0.0221067 -0.0508552 -0.577703 -0.0223558 1.24941 0.488025 -0.231427 1.49844 -0.528727 -0.0552755 0.00629921 0.00715765 -1.93707 -0.231427 -0.0552755 0.00715765 2.11593 0.757119 8.03724 763.832
424 -25.9244 0.149726 921.391 -0.00417634 -0.000121714 -0.0103844 0 -3.12658 2.24684e-05 1.4688 0.024398 -0.0531107 -0.588583 -0.0260886 1.22293 0.463538 -0.235295 1.41693 -0.538375 -0.0563238 0.00611573 0.00682896 -3.12658 -0.235295 -0.0563238 0.00682896 2.59505 0.757201 8.03724 767.981
425 -27.6832 0.148324 922.587 -0.00894781 -0.000185479 -0.013875 0 -1.56061 2.08797e-05 1.48075 0.0267787 -0.0552642 -0.599043 -0.0299318 1.19721 0.440631 -0.221103 1.3423 -0.547586 -0.0573976 0.00594057 0.0065179 -1.56061 -0.221103 -0.0573976 0.0065179 1.87833 0.671442 8.03724 772.127
426 -29.6996 0.146836 923.818 -0.0144252 -0.000297914 -0.0189789 0 -1.64457 1.90005e-05 1.48355 0.0297698 -0.0577469 -0.610988 -0.033173 1.16711 0.416544 -0.22261 1.26587 -0.558195 -0.0585311 0.00573881 0.00619717 -1.64457 -0.22261 -0.0585311 0.00619717 1.97514 0.650993 8.03724 776.108
427 -32.0418 0.145275 925.066 -0.0207579 -0.000488425 -0.0265074 0 -0.950423 1.678e-05 1.47639 0.033592 -0.0606265 -0.624999 -0.0354005 1.13163 0.390738 -0.206653 1.18579 -0.570498 -0.0600063 0.00550486 0.00572703 -0.950423 -0.206653 -0.0600063 0.00572703 1.51928 0.534673 8.03724 780.061
428 -33.8411 0.143819 926.334 -0.0256108 -0.00074695 -0.035451 0 -1.32436 1.50552e-05 1.47808 0.036809 -0.0628391 -0.635638 -0.0375435 1.10393 0.369121 -0.20632 1.11962 -0.579973 -0.0609899 0.00532467 0.00550868 -1.32436 -0.20632 -0.0609899 0.00550868 1.51954 0.561375 8.03724 784.136
429 -35.7655 0.1423 927.632 -0.0307811 -0.00103984 -0.0455492 0 -1.21175 1.31979e-05 1.46993 0.040518 -0.065199 -0.647238 -0.0390441 1.07406 0.34681 -0.177072 1.05229 -0.590093 -0.0622779 0.00513223 0.00506373 -1.21175 -0.177072 -0.0622779 0.00506373 1.29457 0.486653 8.03724 788.374
430 -37.6184 0.140804 928.965 -0.0357391 -0.00134528 -0.055985 0 -0.723595 1.14026e-05 1.457 0.0443596 -0.0674626 -0.658344 -0.0404109 1.04509 0.325085 -0.161143 0.98752 -0.599827 -0.0634642 0.00494711 0.00472944 -0.723595 -0.161143 -0.0634642 0.00472944 0.775436 0.338813 8.03724 792.703
431 -39.0817 0.13935 930.324 -0.0396548 -0.00164614 -0.0659434 0 -1.86234 9.97013e-06 1.45001 0.0476037 -0.0692454 -0.66688 -0.0411092 1.02196 0.305785 -0.18048 0.930882 -0.607556 -0.0641245 0.00480014 0.00460655 -1.86234 -0.18048 -0.0641245 0.00460655 1.73644 0.558084 8.03724 796.949
432 -40.7897 0.137955 931.708 -0.044187 -0.00186895 -0.0743732 0 -0.386343 8.31462e-06 1.42939 0.0515738 -0.0713044 -0.677006 -0.0422142 0.995088 0.285078 -0.167951 0.870514 -0.616502 -0.0651333 0.00463 0.00440058 -0.386343 -0.167951 -0.0651333 0.00440058 0.792871 0.372 8.03724 801.096
433 -42.4898 0.136499 933.103 -0.0487126 -0.00199287 -0.0805154 0 -0.600738 6.66129e-06 1.40498 0.0557726 -0.0733445 -0.68716 -0.0420135 0.968132 0.264359 -0.159281 0.81076 -0.625452 -0.066168 0.00445981 0.0040941 -0.600738 -0.159281 -0.066168 0.0040941 0.82209 0.330564 8.03724 805.212
434 -44.11 0.135052 934.503 -0.0530146 -0.00204254 -0.084074 0 -0.620435 5.09101e-06 1.37992 0.0599762 -0.0752546 -0.696791 -0.0411524 0.942432 0.244115 -0.155005 0.753136 -0.633976 -0.0671131 0.00429771 0.00385115 -0.620435 -0.155005 -0.0671131 0.00385115 0.834438 0.372373 8.03724 809.313
435 -45.7423 0.133654 935.915 -0.0573445 -0.00204123 -0.0854287 0 -0.64173 3.51821e-06 1.35021 0.0644011 -0.0771442 -0.706563 -0.0407629 0.916556 0.224061 -0.140929 0.696541 -0.642563 -0.0681344 0.00413442 0.00358572 -0.64173 -0.140929 -0.0681344 0.00358572 0.708442 0.290223 8.03724 813.458
436 -47.074 0.132306 937.334 -0.0608594 -0.00203181 -0.0852777 0 -0.219282 2.24344e-06 1.32662 0.0681354 -0.0786164 -0.714313 -0.0407277 0.895512 0.206002 -0.155435 0.646476 -0.649558 -0.0687563 0.00400139 0.00352631 -0.219282 -0.155435 -0.0687563 0.00352631 0.619963 0.322649 8.03724 817.521
437 -48.7529 0.130913 938.751 -0.0653189 -0.0019022 -0.0820532 0 -0.680177 6.48877e-07 1.2883 0.0730029 -0.0804546 -0.7243 -0.0397019 0.868986 0.186644 -0.150811 0.592534 -0.658403 -0.0697303 0.00383319 0.00331 -0.680177 -0.150811 -0.0697303 0.00331 0.773719 0.264987 8.03724 821.368
438 -50.0671 0.129625 940.158 -0.0687901 -0.00181793 -0.0786763 0 -0.232216 -5.83069e-07 1.25942 0.0768954 -0.0817596 -0.73199 -0.0393393 0.848373 0.169763 -0.154097 0.546439 -0.665305 -0.070387 0.00370194 0.00323269 -0.232216 -0.154097 -0.070387 0.00323269 0.593107 0.273673 8.03724 825.18
439 -51.2473 0.128386 941.559 -0.0719226 -0.00174123 -0.0749951 0 -0.948441 -1.68094e-06 1.23205 0.0804611 -0.0828207 -0.738942 -0.0392849 0.829856 0.154208 -0.155329 0.504363 -0.671533 -0.0709932 0.0035835 0.00312622 -0.948441 -0.155329 -0.0709932 0.00312622 0.952545 0.346831 8.03724 828.932
440 -52.672 0.127122 942.958 -0.0756942 -0.00164177 -0.0706915 0 0 -2.98223e-06 1.19411 0.0847798 -0.0840607 -0.747521 -0.0388273 0.807772 0.138517 -0.128301 0.461334 -0.679002 -0.0719601 0.00344146 0.00286997 0 -0.128301 -0.0719601 0.00286997 0.322055 0.199452 8.03724 832.716
441 -54.0673 0.125819 944.35 -0.079411 -0.00150122 -0.0652126 0 0 -4.24143e-06 1.15556 0.0890362 -0.0850837 -0.755916 -0.0373567 0.786225 0.123832 -0.112546 0.421163 -0.686342 -0.072876 0.00330188 0.0026005 0 -0.112546 -0.072876 0.0026005 0.257784 0.178876 8.03724 836.562
442 -55.1057 0.124634 945.739 -0.0821921 -0.00143057 -0.0613211 0 -0.508628 -5.15768e-06 1.12747 0.0921975 -0.0855104 -0.761947 -0.0371146 0.770259 0.111417 -0.132972 0.387877 -0.691819 -0.0733265 0.00319773 0.00261576 -0.508628 -0.132972 -0.0733265 0.00261576 0.445849 0.20515 8.03724 840.272
443 -56.0804 0.123527 947.122 -0.0848051 -0.00138821 -0.0583615 0 -0.258089 -5.99668e-06 1.09985 0.095124 -0.0857123 -0.767589 -0.0372058 0.755422 0.100144 -0.146658 0.357487 -0.69694 -0.073749 0.00310033 0.00261888 -0.258089 -0.146658 -0.073749 0.00261888 0.55559 0.240688 8.03724 843.823
444 -57.1079 0.122446 948.493 -0.0875811 -0.00133863 -0.0555701 0 -0.525595 -6.86911e-06 1.06884 0.0981662 -0.0858019 -0.773665 -0.036899 0.739852 0.0895798 -0.141253 0.328463 -0.702352 -0.0743096 0.00299741 0.00253608 -0.525595 -0.141253 -0.0743096 0.00253608 0.564377 0.235103 8.03724 847.284
445 -57.867 0.121471 949.853 -0.0896433 -0.00132936 -0.0540314 0 0 -7.48249e-06 1.04618 0.100358 -0.0854321 -0.777964 -0.0373682 0.728476 0.0806675 -0.160415 0.3042 -0.706333 -0.0745532 0.00292172 0.00261401 0 -0.160415 -0.0745532 0.00261401 0.502571 0.251805 8.03724 850.581
446 -58.8464 0.12045 951.193 -0.0923209 -0.00127938 -0.051931 0 0 -8.27819e-06 1.01468 0.103121 -0.0851012 -0.783755 -0.0366543 0.71385 0.0719152 -0.151769 0.279296 -0.711485 -0.0750936 0.00282374 0.00252263 0 -0.151769 -0.0750936 0.00252263 0.400006 0.215605 8.03724 853.809
447 -59.6383 0.119472 952.516 -0.0945199 -0.00125005 -0.0506162 0 -0.273498 -8.89371e-06 0.989108 0.105282 -0.084338 -0.788426 -0.0362663 0.702092 0.0643876 -0.152939 0.257837 -0.715658 -0.0755124 0.00274438 0.00245844 -0.273498 -0.152939 -0.0755124 0.00245844 0.585277 0.2474 8.03724 857.054
448 -60.3282 0.118553 953.827 -0.09646 -0.00124863 -0.0502751 0 -0.276539 -9.40532e-06 0.966388 0.107096 -0.0833382 -0.792568 -0.0364067 0.69193 0.0577777 -0.141382 0.238685 -0.719287 -0.0759555 0.00267536 0.00237029 -0.276539 -0.141382 -0.0759555 0.00237029 0.470215 0.221087 8.03724 860.325
449 -61.1437 0.117607 955.13 -0.0987552 -0.00122427 -0.0497185 0 0 -1.00098e-05 0.938614 0.109145 -0.0822882 -0.797394 -0.0358768 0.680022 0.0515246 -0.142545 0.219705 -0.72357 -0.0764178 0.00259392 0.00227167 0 -0.142545 -0.0764178 0.00227167 0.348646 0.190978 8.03724 863.476
450 -61.9048 0.1167 956.415 -0.100933 -0.00119623 -0.0493262 0 0 -1.05534e-05 0.912355 0.110958 -0.0809455 -0.801902 -0.0351113 0.668972 0.0459646 -0.139225 0.202426 -0.727574 -0.0768461 0.00251778 0.00221306 0 -0.139225 -0.0768461 0.00221306 0.36506 0.189032 8.03724 866.547
451 -62.6124 0.115808 957.689 -0.102991 -0.00117558 -0.0493458 0 0 -1.1037e-05 0.88763 0.112541 -0.0793503 -0.806169 -0.0344464 0.658774 0.0410344 -0.130564 0.186698 -0.731296 -0.0773198 0.002447 0.00209713 0 -0.130564 -0.0773198 0.00209713 0.286933 0.16813 8.03724 869.7
452 -63.2721 0.114927 958.956 -0.104947 -0.00115978 -0.0496871 0 0 -1.14667e-05 0.864263 0.113919 -0.0775482 -0.810108 -0.0338574 0.649332 0.0366631 -0.127998 0.172342 -0.734767 -0.0777226 0.002381 0.00201392 0 -0.127998 -0.0777226 0.00201392 0.266001 0.155764 8.03724 872.839
453 -63.8625 0.114068 960.214 -0.106741 -0.00115171 -0.0503919 0 0 -1.18262e-05 0.843067 0.115064 -0.0755672 -0.813623 -0.0334153 0.640937 0.0328248 -0.118066 0.159389 -0.737872 -0.0780725 0.00232194 0.00195049 0 -0.118066 -0.0780725 0.00195049 0.21135 0.14834 8.03724 875.938
454 -64.431 0.113232 961.465 -0.108502 -0.00114341 -0.0512354 0 0 -1.21559e-05 0.822355 0.11608 -0.0735014 -0.816985 -0.0330033 0.632905 0.029398 -0.123195 0.147401 -0.740863 -0.078387 0.00226506 0.00189869 0 -0.123195 -0.078387 0.00189869 0.286216 0.154732 8.03724 878.967
455 -64.9498 0.112434 962.706 -0.110153 -0.00113871 -0.0522889 0 0 -1.24343e-05 0.803189 0.116928 -0.0713512 -0.820031 -0.0326503 0.625618 0.0263753 -0.121418 0.136484 -0.743593 -0.0786517 0.00221316 0.00188701 0 -0.121418 -0.0786517 0.00188701 0.226385 0.149428 8.03724 881.906
456 -65.4281 0.111661 963.937 -0.111719 -0.00113659 -0.0535065 0 0 -1.26701e-05 0.785273 0.117637 -0.0691671 -0.822855 -0.0323714 0.61894 0.023702 -0.120819 0.126497 -0.746108 -0.0789119 0.00216532 0.00185241 0 -0.120819 -0.0789119 0.00185241 0.226154 0.148723 8.03724 884.786
457 -65.7203 0.110955 965.161 -0.112798 -0.00116394 -0.055605 0 0 -1.27512e-05 0.773829 0.118035 -0.0669705 -0.824526 -0.0328128 0.614876 0.0214892 -0.1302 0.118167 -0.747646 -0.079016 0.00213607 0.00189045 0 -0.1302 -0.079016 0.00189045 0.250562 0.157879 8.03724 887.598
458 -66.1296 0.110239 966.376 -0.114216 -0.00116463 -0.0570136 0 0 -1.29173e-05 0.757964 0.118545 -0.0649809 -0.826974 -0.0327019 0.60921 0.0193847 -0.126634 0.109719 -0.749799 -0.0792704 0.00209513 0.00183985 0 -0.126634 -0.0792704 0.00183985 0.260224 0.151942 8.03724 890.386
459 -66.4718 0.109553 967.579 -0.115473 -0.00117208 -0.0586627 0 0 -1.30244e-05 0.744418 0.118926 -0.0629898 -0.828957 -0.032632 0.604493 0.0175491 -0.129897 0.102151 -0.7516 -0.0794182 0.00206089 0.00184533 0 -0.129897 -0.0794182 0.00184533 0.258732 0.162036 8.03724 893.1
460 -66.7917 0.108881 968.774 -0.116686 -0.00118276 -0.0604497 0 0 -1.31083e-05 0.731563 0.119244 -0.0611035 -0.830903 -0.0327604 0.600103 0.0159152 -0.12048 0.0951737 -0.753282 -0.0796497 0.0020289 0.00178451 0 -0.12048 -0.0796497 0.00178451 0.233748 0.144738 8.03724 895.836
461 -67.1165 0.108226 969.959 -0.117934 -0.00118688 -0.0620604 0 0 -1.31904e-05 0.71845 0.119528 -0.0593044 -0.832821 -0.0326974 0.595661 0.0144404 -0.126564 0.0886294 -0.754991 -0.0798264 0.0019964 0.00176252 0 -0.126564 -0.0798264 0.00176252 0.304556 0.153836 8.03724 898.477
462 -67.3959 0.107598 971.131 -0.119074 -0.00119634 -0.0638567 0 0 -1.32333e-05 0.706911 0.119739 -0.0575664 -0.834449 -0.0327518 0.591856 0.0131434 -0.127325 0.0827143 -0.756461 -0.0799566 0.00196844 0.00176269 0 -0.127325 -0.0799566 0.00176269 0.27569 0.155508 8.03724 901.031
463 -67.6656 0.106992 972.289 -0.120206 -0.00120436 -0.0656206 0 0 -1.32646e-05 0.695663 0.119913 -0.0559218 -0.83604 -0.0327886 0.588194 0.0119811 -0.129799 0.0772351 -0.75788 -0.0801011 0.00194146 0.00175827 0 -0.129799 -0.0801011 0.00175827 0.293909 0.150523 8.03724 903.533
464 -67.8991 0.106421 973.429 -0.121254 -0.00121611 -0.0675132 0 0 -1.32657e-05 0.68566 0.12004 -0.0543598 -0.837246 -0.0329077 0.585033 0.0109547 -0.151659 0.0722669 -0.759109 -0.0800549 0.00191808 0.00186163 0 -0.151659 -0.0800549 0.00186163 0.433975 0.181375 8.03724 905.797
465 -68.0968 0.105895 974.542 -0.122216 -0.0012325 -0.069564 0 0 -1.3238e-05 0.676885 0.120129 -0.052908 -0.838337 -0.033156 0.582364 0.0100488 -0.153127 0.0677701 -0.760149 -0.0800863 0.0018983 0.00191615 0 -0.153127 -0.0800863 0.00191615 0.381812 0.182726 8.03724 907.959
466 -68.2758 0.105384 975.633 -0.123139 -0.00125011 -0.0716559 0 0 -1.31947e-05 0.668732 0.120195 -0.0515797 -0.839379 -0.0334477 0.579956 0.00924108 -0.151321 0.0636506 -0.761091 -0.0801688 0.0018804 0.00190156 0 -0.151321 -0.0801688 0.00190156 0.382245 0.186767 8.03724 910.112
467 -68.4409 0.104878 976.705 -0.124035 -0.0012681 -0.0737571 0 0 -1.31399e-05 0.661031 0.120244 -0.0503681 -0.840393 -0.0337551 0.577738 0.00851868 -0.14863 0.0598669 -0.761959 -0.0802971 0.00186388 0.00186706 0 -0.14863 -0.0802971 0.00186706 0.3549 0.176449 8.03724 912.308
468 -68.5567 0.104395 977.76 -0.124801 -0.00129417 -0.0761341 0 0 -1.305e-05 0.655031 0.120271 -0.0492706 -0.841064 -0.0342526 0.576184 0.00788809 -0.150454 0.0565067 -0.762569 -0.0803469 0.00185229 0.00187712 0 -0.150454 -0.0803469 0.00187712 0.351544 0.176397 8.03724 914.435
469 -68.6882 0.103921 978.799 -0.12562 -0.00131479 -0.0783094 0 0 -1.297e-05 0.648451 0.120294 -0.0482994 -0.841852 -0.0346352 0.574425 0.00731226 -0.149426 0.053345 -0.763261 -0.0804299 0.00183913 0.00185446 0 -0.149426 -0.0804299 0.00185446 0.331344 0.167418 8.03724 916.534
470 -68.808 0.10346 979.821 -0.126415 -0.00133593 -0.0804937 0 0 -1.28815e-05 0.642268 0.120308 -0.0474155 -0.842562 -0.0350247 0.572824 0.00679645 -0.148929 0.05045 -0.763891 -0.0804981 0.00182715 0.00185529 0 -0.148929 -0.0804981 0.00185529 0.340084 0.173463 8.03724 918.581
471 -68.9119 0.103011 980.828 -0.127172 -0.0013587 -0.0827264 0 0 -1.27822e-05 0.63663 0.120315 -0.0466126 -0.843156 -0.0354528 0.571438 0.0063359 -0.15049 0.0478149 -0.764438 -0.0805347 0.00181675 0.00184736 0 -0.15049 -0.0805347 0.00184736 0.424271 0.18671 8.03724 920.549
472 -69.0051 0.102578 981.817 -0.127906 -0.00138221 -0.084974 0 0 -1.26758e-05 0.631355 0.120317 -0.0458901 -0.843737 -0.0359042 0.570196 0.00592316 -0.146257 0.045408 -0.764928 -0.0806163 0.00180743 0.00182938 0 -0.146257 -0.0806163 0.00182938 0.356958 0.174212 8.03724 922.489
473 -69.085 0.102159 982.792 -0.128607 -0.00140712 -0.08726 0 0 -1.25612e-05 0.626532 0.120315 -0.0452396 -0.844243 -0.0363823 0.569132 0.00555408 -0.143832 0.0432198 -0.765349 -0.0806937 0.00179943 0.00180265 0 -0.143832 -0.0806937 0.00180265 0.368779 0.178071 8.03724 924.398
474 -69.1627 0.101729 983.76 -0.129307 -0.0014311 -0.0894964 0 0 -1.24455e-05 0.621781 0.120311 -0.0446603 -0.844771 -0.0368548 0.568099 0.00522096 -0.139973 0.041209 -0.765757 -0.0808054 0.00179166 0.00174812 0 -0.139973 -0.0808054 0.00174812 0.292485 0.154999 8.03724 926.409
475 -69.2221 0.101313 984.716 -0.12996 -0.00145763 -0.0918129 0 0 -1.23192e-05 0.617653 0.120306 -0.0441367 -0.844979 -0.0373672 0.567308 0.00492464 -0.15929 0.0393988 -0.766071 -0.0806939 0.0017857 0.0018311 0 -0.15929 -0.0806939 0.0018311 0.474854 0.197713 8.03724 928.173
476 -69.2474 0.100949 985.644 -0.130516 -0.00149129 -0.0943841 0 0 -1.21728e-05 0.614687 0.120303 -0.043681 -0.84492 -0.0380391 0.56697 0.0046658 -0.178858 0.0378094 -0.766204 -0.0804986 0.00178315 0.00199742 0 -0.178858 -0.0804986 0.00199742 0.522076 0.217622 8.03724 929.694
477 -69.2576 0.10061 986.544 -0.131027 -0.00152811 -0.0970561 0 0 -1.20189e-05 0.612221 0.120302 -0.0433136 -0.844953 -0.0387974 0.566835 0.00443601 -0.176674 0.036386 -0.766258 -0.080477 0.00178214 0.00201484 0 -0.176674 -0.080477 0.00201484 0.475234 0.218781 8.03724 931.233
478 -69.2193 0.100296 987.42 -0.131395 -0.00157679 -0.100158 0 0 -1.18382e-05 0.611372 0.120306 -0.0430419 -0.844639 -0.0398294 0.567342 0.00424068 -0.187656 0.0351842 -0.766057 -0.0803679 0.00178595 0.00207815 0 -0.187656 -0.0803679 0.00207815 0.574667 0.239896 8.03724 932.647
479 -69.2128 0.0999901 988.272 -0.131853 -0.00161675 -0.102895 0 0 -1.16791e-05 0.609414 0.120307 -0.0428736 -0.844668 -0.0406821 0.567428 0.00405784 -0.182179 0.034033 -0.766023 -0.0804315 0.00178661 0.00203662 0 -0.182179 -0.0804315 0.00203662 0.530416 0.220978 8.03724 934.117
480 -69.1827 0.0996805 989.106 -0.13224 -0.00166096 -0.105764 0 0 -1.15084e-05 0.608249 0.120309 -0.0427513 -0.844506 -0.0415689 0.567828 0.00389839 -0.17477 0.0330315 -0.765864 -0.080431 0.00178962 0.0020204 0 -0.17477 -0.080431 0.0020204 0.508683 0.22849 8.03724 935.579
481 -69.1663 0.0993726 989.923 -0.132664 -0.00170386 -0.108564 0 0 -1.13485e-05 0.606595 0.120311 -0.0427027 -0.844363 -0.04251 0.568044 0.0037524 -0.184487 0.0321027 -0.765779 -0.0803752 0.00179125 0.00204853 0 -0.184487 -0.0803752 0.00204853 0.596831 0.22804 8.03724 936.96
482 -69.1403 0.0990868 990.719 -0.133056 -0.00174751 -0.111361 0 0 -1.11854e-05 0.605264 0.120312 -0.0426904 -0.84419 -0.0434192 0.56839 0.00362322 -0.185921 0.0312815 -0.765642 -0.0803414 0.00179385 0.00207263 0 -0.185921 -0.0803414 0.00207263 0.589409 0.240888 8.03724 938.255
483 -69.1053 0.0988117 991.494 -0.133418 -0.0017934 -0.114215 0 0 -1.10198e-05 0.604227 0.120314 -0.0427157 -0.844 -0.0443745 0.568854 0.0035092 -0.18866 0.0305592 -0.765458 -0.0803393 0.00179734 0.00205868 0 -0.18866 -0.0803393 0.00205868 0.554249 0.231599 8.03724 939.574
484 -69.0686 0.0985273 992.253 -0.133771 -0.00183974 -0.117057 0 0 -1.0856e-05 0.603237 0.120316 -0.0427797 -0.843842 -0.0453453 0.569342 0.00340759 -0.180055 0.0299169 -0.765265 -0.0803773 0.00180101 0.00202721 0 -0.180055 -0.0803773 0.00202721 0.544424 0.213901 8.03724 940.951
485 -69.0335 0.098247 992.995 -0.134125 -0.00188538 -0.119843 0 0 -1.06956e-05 0.60219 0.120317 -0.0428739 -0.8437 -0.0462984 0.569809 0.0033166 -0.170716 0.0293428 -0.765081 -0.0804244 0.00180453 0.0019893 0 -0.170716 -0.0804244 0.0019893 0.464125 0.198403 8.03724 942.323
486 -68.9938 0.0979692 993.723 -0.134461 -0.00193173 -0.122626 0 0 -1.05354e-05 0.60129 0.120317 -0.0429876 -0.843399 -0.0472506 0.570337 0.00323627 -0.181605 0.0288409 -0.764872 -0.0803351 0.00180849 0.00203418 0 -0.181605 -0.0803351 0.00203418 0.651978 0.236237 8.03724 943.577
487 -68.9357 0.0977369 994.424 -0.134736 -0.001984 -0.125604 0 0 -1.03681e-05 0.600992 0.120316 -0.0431258 -0.84296 -0.0483226 0.57111 0.00316823 -0.190947 0.0284288 -0.764567 -0.0802072 0.00181429 0.00210912 0 -0.190947 -0.0802072 0.00210912 0.66501 0.253387 8.03724 944.606
488 -68.8772 0.0974926 995.104 -0.135005 -0.00203696 -0.128576 0 0 -1.02034e-05 0.600693 0.120313 -0.0433024 -0.842711 -0.0494285 0.57189 0.00310851 -0.180121 0.0280739 -0.764259 -0.0802718 0.00182015 0.00205904 0 -0.180121 -0.0802718 0.00205904 0.477026 0.203619 8.03724 945.846
489 -68.8127 0.0972512 995.771 -0.13525 -0.0020913 -0.131563 0 0 -1.00386e-05 0.600576 0.120309 -0.0435034 -0.842211 -0.0505374 0.572748 0.0030572 -0.19977 0.0277792 -0.763921 -0.0801169 0.00182658 0.00211704 0 -0.19977 -0.0801169 0.00211704 0.747506 0.26827 8.03724 946.873
490 -68.7303 0.0970543 996.411 -0.135434 -0.00215261 -0.134776 0 0 -9.86759e-06 0.601031 0.1203 -0.0437372 -0.841677 -0.0517979 0.573848 0.00301581 -0.203627 0.0275606 -0.763488 -0.0800244 0.00183481 0.00218912 0 -0.203627 -0.0800244 0.00218912 0.65849 0.258517 8.03724 947.74
491 -68.641 0.0968532 997.03 -0.135589 -0.0022169 -0.138058 0 0 -9.69624e-06 0.601689 0.120287 -0.0440124 -0.841104 -0.0531244 0.575041 0.00298194 -0.211137 0.027398 -0.763019 -0.0799293 0.00184374 0.00222767 0 -0.211137 -0.0799293 0.00222767 0.682823 0.265181 8.03724 948.625
492 -68.5147 0.0966721 997.625 -0.135621 -0.00229112 -0.141644 0 0 -9.50969e-06 0.603527 0.120262 -0.0443165 -0.840239 -0.054596 0.576731 0.00295993 -0.222022 0.0273333 -0.762354 -0.0797413 0.00185637 0.00229709 0 -0.222022 -0.0797413 0.00229709 0.828848 0.320747 8.03724 949.347
493 -68.4101 0.0965157 998.194 -0.135711 -0.00236821 -0.145316 0 0 -9.3376e-06 0.604619 0.120236 -0.0447077 -0.839659 -0.0562597 0.578133 0.00294034 -0.21328 0.0272801 -0.761804 -0.0797217 0.00186683 0.0023055 0 -0.21328 -0.0797217 0.0023055 0.690308 0.272533 8.03724 950.13
494 -68.3067 0.0963508 998.747 -0.135795 -0.00244069 -0.148743 0 0 -9.16944e-06 0.605655 0.120206 -0.0451256 -0.839008 -0.0577496 0.579521 0.00292552 -0.217349 0.0272619 -0.761261 -0.0796243 0.00187716 0.0023393 0 -0.217349 -0.0796243 0.0023393 0.738932 0.273464 8.03724 950.907
495 -68.1868 0.0962184 999.273 -0.135819 -0.00252056 -0.152384 0 0 -8.99667e-06 0.607204 0.120164 -0.045564 -0.838134 -0.0593643 0.581132 0.0029179 -0.231894 0.0273024 -0.760631 -0.0793923 0.00188915 0.00244849 0 -0.231894 -0.0793923 0.00244849 0.874922 0.317815 8.03724 951.412
496 -68.0578 0.0960888 999.774 -0.135805 -0.00260582 -0.156158 0 0 -8.82302e-06 0.609019 0.120113 -0.0460377 -0.837283 -0.0611019 0.582869 0.00291615 -0.248695 0.0273902 -0.759953 -0.0792324 0.00190204 0.00250125 0 -0.248695 -0.0792324 0.00250125 1.03092 0.340677 8.03724 951.918
497 -67.9109 0.0959944 1000.24 -0.135725 -0.00270082 -0.16021 0 0 -8.64458e-06 0.61137 0.120046 -0.04655 -0.836369 -0.0630298 0.584849 0.00292147 -0.255132 0.027537 -0.759181 -0.0791053 0.00191672 0.00256107 0 -0.255132 -0.0791053 0.00256107 1.0086 0.353634 8.03724 952.285
498 -67.7562 0.0959209 1000.69 -0.135609 -0.00280173 -0.164392 0 0 -8.4662e-06 0.613936 0.119966 -0.0471097 -0.835426 -0.0650813 0.58694 0.00293218 -0.25776 0.0277279 -0.758367 -0.0789915 0.00193219 0.00261859 0 -0.25776 -0.0789915 0.00261859 0.906084 0.338945 8.03724 952.642
499 -67.6049 0.0958316 1001.12 -0.135493 -0.00290391 -0.168537 0 0 -8.2931e-06 0.616362 0.119878 -0.0477137 -0.834554 -0.0671641 0.588989 0.0029463 -0.248621 0.0279447 -0.757571 -0.0789304 0.00194733 0.00261844 0 -0.248621 -0.0789304 0.00261844 0.939592 0.344778 8.03724 953.057
500 -67.3746 0.0957494 1001.53 -0.135114 -0.00304794 -0.17401 0 0 -8.08816e-06 0.621219 0.119725 -0.0483695 -0.833269 -0.0700856 0.592116 0.00297695 -0.242601 0.0283118 -0.75636 -0.0788791 0.00197036 0.00257444 0 -0.242601 -0.0788791 0.00257444 0.851478 0.325964 8.03724 953.521
501 -67.2308 0.0956582 1001.93 -0.134995 -0.00315158 -0.178005 0 0 -7.92625e-06 0.623314 0.119619 -0.0491034 -0.832377 -0.0722001 0.594072 0.00299816 -0.249513 0.0285837 -0.755604 -0.0787578 0.00198473 0.00259686 0 -0.249513 -0.0787578 0.00259686 0.946242 0.344791 8.03724 953.843
502 -67.0709 0.0955915 1002.29 -0.134814 -0.00326547 -0.182254 0 0 -7.76055e-06 0.625907 0.119492 -0.0498254 -0.83131 -0.074436 0.596251 0.00302481 -0.270943 0.0289025 -0.754764 -0.078547 0.00200072 0.00269544 0 -0.270943 -0.078547 0.00269544 1.18979 0.383423 8.03724 953.967
503 -66.8996 0.0955559 1002.62 -0.134587 -0.00338926 -0.186738 0 0 -7.59339e-06 0.62883 0.119345 -0.0505582 -0.830247 -0.0768782 0.598591 0.00305631 -0.273373 0.0292627 -0.753863 -0.078402 0.00201784 0.00277227 0 -0.273373 -0.078402 0.00277227 1.10128 0.36787 8.03724 954.05
504 -66.7245 0.0955014 1002.93 -0.134336 -0.00351824 -0.191285 0 0 -7.42812e-06 0.631843 0.119183 -0.0513073 -0.829147 -0.079409 0.600987 0.00309142 -0.28315 0.0296528 -0.752943 -0.0782391 0.00203534 0.00282331 0 -0.28315 -0.0782391 0.00282331 1.15861 0.377138 8.03724 954.193
505 -66.5255 0.0954952 1003.2 -0.133997 -0.00366415 -0.196256 0 0 -7.25623e-06 0.63556 0.118985 -0.0520716 -0.827712 -0.0822374 0.603716 0.00313332 -0.311377 0.0301033 -0.751897 -0.0778702 0.00205524 0.0030201 0 -0.311377 -0.0778702 0.0030201 1.47966 0.451373 8.03724 953.905
506 -66.3007 0.095558 1003.43 -0.133564 -0.00383155 -0.201763 0 0 -7.07726e-06 0.640018 0.118744 -0.0528748 -0.826249 -0.085494 0.606808 0.00318276 -0.320757 0.0306212 -0.750715 -0.0776116 0.00207771 0.00316301 0 -0.320757 -0.0776116 0.00316301 1.46544 0.479028 8.03724 953.432
507 -66.0753 0.0956106 1003.62 -0.133114 -0.00400589 -0.20733 0 0 -6.90194e-06 0.644439 0.118484 -0.0537296 -0.824894 -0.088892 0.609917 0.00323599 -0.326146 0.0311704 -0.74953 -0.0774643 0.00210025 0.00317957 0 -0.326146 -0.0774643 0.00317957 1.38507 0.455841 8.03724 953.118
508 -65.831 0.0956865 1003.77 -0.132595 -0.00419004 -0.212999 0 -0.301102 -6.72336e-06 0.649338 0.118185 -0.0546147 -0.82336 -0.0924568 0.613275 0.00329551 -0.337725 0.0317754 -0.748253 -0.0772312 0.00212452 0.00325612 -0.301102 -0.337725 -0.0772312 0.00325612 1.65265 0.509958 8.03724 952.605
509 -65.4341 0.095799 1003.88 -0.131559 -0.00451087 -0.22246 0 0 -6.48601e-06 0.658823 0.117651 -0.0555877 -0.820897 -0.0986783 0.618806 0.003386 -0.345144 0.0326712 -0.746159 -0.0769021 0.00216436 0.00339028 0 -0.345144 -0.0769021 0.00339028 1.41691 0.478897 8.03724 952.055
510 -65.1146 0.0958676 1003.96 -0.130765 -0.00475952 -0.229431 0 -0.297681 -6.28625e-06 0.665774 0.117188 -0.0566671 -0.818869 -0.10337 0.62324 0.00346904 -0.363189 0.033489 -0.744487 -0.076578 0.00219615 0.00348548 -0.297681 -0.363189 -0.076578 0.00348548 1.83946 0.574612 8.03724 951.528
511 -64.6854 0.0960552 1003.99 -0.129588 -0.00515654 -0.240271 0 0 -6.04666e-06 0.675958 0.116512 -0.0578396 -0.816068 -0.110962 0.62927 0.00357789 -0.388335 0.0345473 -0.742223 -0.0760844 0.00223921 0.00373684 0 -0.388335 -0.0760844 0.00373684 1.78524 0.579314 8.03724 950.526
512 -64.2935 0.0962352 1003.97 -0.128516 -0.00552382 -0.249768 0 0 -5.82789e-06 0.68483 0.11585 -0.0591313 -0.813429 -0.118015 0.63478 0.00368807 -0.434208 0.03561 -0.740163 -0.0755448 0.00227838 0.00398141 0 -0.434208 -0.0755448 0.00398141 2.12535 0.658797 8.03724 949.233
513 -63.8897 0.0964784 1003.87 -0.127389 -0.0059284 -0.259796 0 0 -5.6095e-06 0.693945 0.115123 -0.0604714 -0.810725 -0.125574 0.640484 0.00380763 -0.464977 0.0367544 -0.73804 -0.0750037 0.00231874 0.00426777 0 -0.464977 -0.0750037 0.00426777 2.25711 0.716601 8.03724 947.638
514 -63.5127 0.0967862 1003.69 -0.12633 -0.00633263 -0.26938 0 0 -5.40635e-06 0.702161 0.114406 -0.0618563 -0.808285 -0.133063 0.645833 0.00393001 -0.487825 0.0379172 -0.736059 -0.0745827 0.00235643 0.0044732 0 -0.487825 -0.0745827 0.0044732 2.28639 0.749036 8.03724 945.819
515 -63.1196 0.0970802 1003.42 -0.125203 -0.00678488 -0.279696 0 0 -5.20153e-06 0.710774 0.11362 -0.0632329 -0.805982 -0.141222 0.651436 0.00406225 -0.475656 0.0391658 -0.733991 -0.0743866 0.00239575 0.00452539 0 -0.475656 -0.0743866 0.00452539 2.14759 0.712052 8.03724 944.119
516 -62.6881 0.0973528 1003.11 -0.123942 -0.0072676 -0.290125 0 -0.286984 -4.98741e-06 0.720387 0.112719 -0.0645675 -0.803392 -0.149736 0.65759 0.00420797 -0.487408 0.0405348 -0.73173 -0.0741003 0.00243875 0.00456833 -0.286984 -0.487408 -0.0741003 0.00456833 2.47573 0.784664 8.03724 942.619
517 -62.2086 0.0976555 1002.73 -0.122504 -0.00792621 -0.304117 0 -0.285447 -4.75968e-06 0.731272 0.111666 -0.0659168 -0.800337 -0.161247 0.664483 0.00437245 -0.51302 0.0420722 -0.729209 -0.0736146 0.00248668 0.00476072 -0.285447 -0.51302 -0.0736146 0.00476072 2.69713 0.83735 8.03724 940.641
518 -61.6318 0.0980427 1002.27 -0.120728 -0.00868764 -0.319283 0 0 -4.50066e-06 0.744826 0.110334 -0.0672405 -0.796467 -0.174417 0.672837 0.00456661 -0.573378 0.0438808 -0.72617 -0.0728412 0.00254448 0.00512337 0 -0.573378 -0.0728412 0.00512337 3.27436 0.997819 8.03724 938.012
519 -61.1313 0.0985247 1001.71 -0.119187 -0.00951688 -0.335265 0 0 -4.27563e-06 0.755883 0.109131 -0.0686622 -0.793147 -0.188424 0.680106 0.00476012 -0.614333 0.0456675 -0.72354 -0.0722021 0.0025945 0.00546863 0 -0.614333 -0.0722021 0.00546863 3.42751 1.02068 8.03724 934.92
520 -60.5663 0.099086 1001.03 -0.117426 -0.0104473 -0.352154 0 -0.277877 -4.03248e-06 0.768603 0.107724 -0.0700097 -0.789549 -0.20358 0.688336 0.00497807 -0.642278 0.0476724 -0.720577 -0.071623 0.00265084 0.00575119 -0.277877 -0.642278 -0.071623 0.00575119 3.60282 1.04322 8.03724 931.55
521 -59.9738 0.099627 1000.26 -0.115549 -0.0115887 -0.372069 0 0 -3.78353e-06 0.781941 0.106188 -0.0713335 -0.785975 -0.221654 0.697055 0.00521772 -0.647283 0.0498661 -0.717454 -0.0712307 0.00271022 0.00587471 0 -0.647283 -0.0712307 0.00587471 3.40544 1.02934 8.03724 928.46
522 -59.3874 0.100151 999.429 -0.113683 -0.0128227 -0.392432 0 0 -3.54227e-06 0.794849 0.104624 -0.0726193 -0.782449 -0.240393 0.705709 0.00547166 -0.645991 0.0521763 -0.714371 -0.0708465 0.00276885 0.00599861 0 -0.645991 -0.0708465 0.00599861 3.33341 1.02412 8.03724 925.422
523 -58.7845 0.100619 998.54 -0.11175 -0.0142262 -0.414431 0 0 -3.29995e-06 0.808014 0.102971 -0.0738289 -0.778691 -0.260814 0.714652 0.00574545 -0.671126 0.0546541 -0.711202 -0.0703181 0.00282913 0.00619366 0 -0.671126 -0.0703181 0.00619366 3.67354 1.10228 8.03724 922.36
524 -58.1227 0.101171 997.57 -0.109614 -0.0159291 -0.43979 0 0 -3.04175e-06 0.82258 0.101113 -0.0749221 -0.774416 -0.284677 0.724517 0.00605017 -0.718652 0.057402 -0.707724 -0.0695878 0.00289527 0.00651929 0 -0.718652 -0.0695878 0.00651929 4.26494 1.25341 8.03724 918.737
525 -57.3736 0.101907 996.493 -0.107181 -0.0180965 -0.470332 0 0 -2.75806e-06 0.839243 0.0989609 -0.0758788 -0.769574 -0.313925 0.735746 0.00639662 -0.781549 0.0605176 -0.703786 -0.0687581 0.00297014 0.00694188 0 -0.781549 -0.0687581 0.00694188 4.41575 1.32027 8.03724 914.321
526 -56.5031 0.102761 995.293 -0.104346 -0.0209214 -0.507618 0 -0.259875 -2.43809e-06 0.858774 0.0964119 -0.0766676 -0.764068 -0.350348 0.748855 0.00679852 -0.825649 0.0641245 -0.699218 -0.0679067 0.00305701 0.00731027 -0.259875 -0.825649 -0.0679067 0.00731027 5.01636 1.4848 8.03724 909.295
527 -55.466 0.103731 993.975 -0.100948 -0.0251305 -0.559138 0 0 -2.06574e-06 0.88222 0.0933116 -0.0772556 -0.757632 -0.402243 0.764621 0.00727922 -0.885562 0.0684331 -0.693761 -0.0670316 0.0031608 0.00766322 0 -0.885562 -0.0670316 0.00766322 5.0273 1.50483 8.03724 904.095
528 -54.372 0.10474 992.528 -0.0973585 -0.0306081 -0.6196 0 0 -1.68041e-06 0.906278 0.0900025 -0.0777249 -0.750557 -0.463906 0.781346 0.00782169 -0.968248 0.0732742 -0.688012 -0.065815 0.00327013 0.00827091 0 -0.968248 -0.065815 0.00827091 5.79828 1.68576 8.03724 898.192
529 -53.115 0.105967 990.909 -0.093231 -0.0383136 -0.694635 0 0 -1.24574e-06 0.933699 0.0861752 -0.0779307 -0.742282 -0.544097 0.800693 0.00846195 -1.07249 0.0789758 -0.681408 -0.0642697 0.00339572 0.00910124 0 -1.07249 -0.0642697 0.00910124 6.81439 2.02131 8.03724 891.027
530 -51.6425 0.107457 989.076 -0.0883965 -0.0499503 -0.791175 0 0 -7.44354e-07 0.965441 0.081694 -0.0777955 -0.73285 -0.655184 0.82352 0.00923172 -1.18635 0.0858193 -0.673671 -0.0627221 0.00354284 0.00985064 0 -1.18635 -0.0627221 0.00985064 7.47083 2.24773 8.03724 882.746
531 -49.8541 0.109231 987.001 -0.0825333 -0.0687077 -0.916107 0 0 -1.42985e-07 1.00345 0.0763104 -0.0771824 -0.721546 -0.818152 0.851442 0.0101837 -1.29389 0.0942755 -0.664275 -0.060992 0.00372151 0.0106612 0 -1.29389 -0.060992 0.0106612 8.39468 2.51193 8.03724 873.339
532 -47.6463 0.111322 984.655 -0.0753122 -0.100509 -1.07009 0 0 5.92665e-07 1.04922 0.0698354 -0.0759432 -0.707555 -1.06904 0.886141 0.0113838 -1.45617 0.104931 -0.652679 -0.0588182 0.00394205 0.0115659 0 -1.45617 -0.0588182 0.0115659 9.9921 2.94887 8.03724 862.431
533 -44.7389 0.114 981.956 -0.0658387 -0.160918 -1.24291 0 -0.209537 1.55606e-06 1.10744 0.0617268 -0.0737245 -0.688841 -1.51307 0.932062 0.0129741 -1.70827 0.119059 -0.637416 -0.0556578 0.0042323 0.0129959 -0.209537 -1.70827 -0.0556578 0.0129959 12.5287 3.65379 8.03724 848.617
534 -40.6063 0.117765 978.773 -0.0524249 -0.280574 -1.32528 0 -0.193041 2.9252e-06 1.18589 0.0512171 -0.0698613 -0.662226 -2.43323 0.997444 0.0152192 -2.10373 0.139035 -0.615719 -0.051152 0.0046449 0.0147108 -0.193041 -2.10373 -0.051152 0.0147108 16.4673 4.78093 8.03724 830.418
535 -34.8589 0.123413 974.909 -0.0338506 -0.399531 -0.966786 0 -0.678357 4.8388e-06 1.28241 0.0388211 -0.063831 -0.625736 -4.43306 1.08748 0.0184332 -2.55661 0.167615 -0.58556 -0.0453948 0.00521843 0.016079 -0.678357 -2.55661 -0.0453948 0.016079 22.3704 6.76502 8.03724 805.576
536 -26.0799 0.131802 970.29 -0.00560537 -0.265254 -0.321009 0 -1.3631 7.80389e-06 1.39989 0.0246798 -0.0538327 -0.572571 -8.90914 1.21979 0.023894 -2.75023 0.216008 -0.539506 -0.0391598 0.00609423 0.0166606 -1.3631 -2.75023 -0.0391598 0.0166606 26.9973 8.63387 8.03724 776.998
537 -12.7057 0.143212 965.251 0.0372848 -0.0676354 -0.063127 0 -1.91653 1.24951e-05 1.48831 0.0117915 -0.0376871 -0.494364 -12.315 1.40044 0.0386045 -2.47053 0.344416 -0.469248 -0.0325461 0.00743031 0.0167762 -1.91653 -2.47053 -0.0325461 0.0167762 28.1612 9.66502 8.03724 750.788
538 0.786079 0.155398 960.334 0.0802558 -0.0147156 -0.0130655 0 -6.63087 1.78375e-05 1.37298 0.00537918 -0.0207192 -0.417443 -6.68023 1.54859 0.0913963 -1.92415 0.784639 -0.398242 -0.0279809 0.0087806 0.0167201 -6.63087 -1.92415 -0.0279809 0.0167201 24.8671 8.32167 8.03724 730.977
539 8.62892 0.165055 955.778 0.104639 -0.00524728 -0.0044703 0 -6.90618 2.23201e-05 1.10309 0.00336169 -0.0106792 -0.37372 -1.75269 1.6181 0.205669 -1.4796 1.6509 -0.356844 -0.026444 0.00956787 0.0165399 -6.90618 -1.4796 -0.026444 0.0165399 19.8115 6.4614 8.03724 717.109
540 12.5619 0.172053 951.583 0.116044 -0.00289766 -0.00237861 0 -5.42965 2.65857e-05 0.875368 0.00264728 -0.00563674 -0.35278 -0.289231 1.64855 0.35904 -1.11754 2.65743 -0.336049 -0.0266951 0.00996332 0.0161975 -5.42965 -1.11754 -0.0266951 0.0161975 14.9498 5.01825 8.03724 708.357
541 13.4396 0.1764 947.802 0.117533 -0.00201211 -0.0016376 0 -4.89081 3.04377e-05 0.735221 0.00250854 -0.00449912 -0.349554 -0.0398629 1.65499 0.514018 -0.858814 3.49167 -0.331383 -0.0282225 0.010052 0.0156873 -4.89081 -0.858814 -0.0282225 0.0156873 11.6395 3.81421 8.03724 704.11
542 12.7055 0.179186 944.442 0.114003 -0.00152578 -0.00125976 0 -4.85529 3.37289e-05 0.674447 0.00262219 -0.00540705 -0.354871 -0.00579905 1.6497 0.646773 -0.737672 4.03239 -0.335223 -0.0296277 0.00997903 0.0152452 -4.85529 -0.737672 -0.0296277 0.0152452 10.142 3.29114 8.03724 702.067
543 10.9368 0.180953 941.483 0.107481 -0.00120354 -0.00102391 0 -3.77822 3.61678e-05 0.667318 0.0029173 -0.00760672 -0.366125 -0.00107036 1.63654 0.746142 -0.639658 4.2812 -0.344484 -0.0314433 0.0098029 0.0147768 -3.77822 -0.639658 -0.0314433 0.0147768 8.37973 2.83071 8.03724 701.628
544 8.48427 0.181674 938.923 0.0991049 -0.000969965 -0.00085931 0 -4.14238 3.76179e-05 0.695464 0.00338265 -0.0106635 -0.381533 -0.000332397 1.61726 0.809005 -0.541694 4.29285 -0.357387 -0.0337045 0.00955754 0.0141251 -4.14238 -0.541694 -0.0337045 0.0141251 7.24611 2.38838 8.03724 702.822
545 6.06252 0.181825 936.754 0.091069 -0.000781535 -0.000723739 0 -3.79127 3.85103e-05 0.744398 0.00391166 -0.0136641 -0.396444 -0.000232608 1.59713 0.844456 -0.476312 4.16859 -0.370113 -0.035647 0.00931554 0.0135863 -3.79127 -0.476312 -0.035647 0.0135863 6.14043 2.06067 8.03724 704.974
546 3.40918 0.181409 934.952 0.0825408 -0.000634001 -0.000624261 0 -4.14499 3.86976e-05 0.806052 0.00458415 -0.0169472 -0.412321 -0.000300204 1.57374 0.854048 -0.467373 3.95027 -0.38408 -0.0372915 0.00904993 0.0131339 -4.14499 -0.467373 -0.0372915 0.0131339 5.86538 1.96467 8.03724 707.528
547 0.959787 0.180697 933.494 0.0747969 -0.000511694 -0.000548402 0 -4.1 3.85962e-05 0.872542 0.00530226 -0.0199622 -0.427319 -0.000448515 1.55092 0.848299 -0.413269 3.70256 -0.396963 -0.0391602 0.00880492 0.0125423 -4.1 -0.413269 -0.0391602 0.0125423 5.34947 1.74293 8.03724 710.9
548 -1.47441 0.179659 932.377 0.0672421 -0.000413052 -0.000504452 0 -3.72748 3.81456e-05 0.939484 0.0061217 -0.0229479 -0.442313 -0.000685887 1.52707 0.830207 -0.35721 3.44362 -0.409759 -0.0411156 0.00856159 0.0117857 -3.72748 -0.35721 -0.0411156 0.0117857 4.68201 1.52876 8.03724 714.917
549 -3.84637 0.178342 931.566 0.0599879 -0.000333097 -0.000497213 0 -3.2214 3.7436e-05 1.00626 0.00703574 -0.0258493 -0.45653 -0.00104392 1.50268 0.803864 -0.342818 3.19093 -0.422225 -0.0426289 0.00832452 0.0113049 -3.2214 -0.342818 -0.0426289 0.0113049 4.15058 1.41581 8.03724 719.026
550 -5.80519 0.176989 931.023 0.0540226 -0.000265722 -0.000524697 0 -3.24444 3.68172e-05 1.07391 0.00788842 -0.0282376 -0.468036 -0.00153916 1.48165 0.775905 -0.351159 2.96612 -0.432533 -0.0436324 0.00812851 0.0110546 -3.24444 -0.351159 -0.0436324 0.0110546 4.13683 1.47937 8.03724 723.212
551 -7.21863 0.175731 930.736 0.0496951 -0.00020886 -0.000569676 0 -3.86143 3.6491e-05 1.13625 0.00856535 -0.0299518 -0.476334 -0.00211702 1.46595 0.750532 -0.364868 2.77577 -0.439987 -0.044334 0.00798676 0.0108944 -3.86143 -0.364868 -0.044334 0.0108944 4.44612 1.51247 8.03724 727.508
552 -8.94275 0.174404 930.695 0.0445286 -0.00016574 -0.000652089 0 -3.86739 3.57688e-05 1.18311 0.00946348 -0.0320449 -0.48685 -0.00280714 1.4463 0.721108 -0.3316 2.58958 -0.449058 -0.0456065 0.00781426 0.0104941 -3.86739 -0.3316 -0.0456065 0.0104941 4.09682 1.30207 8.03724 731.896
553 -10.7897 0.172909 930.859 0.0390709 -0.000132201 -0.00081513 0 -3.17643 3.47964e-05 1.22847 0.0105218 -0.0342852 -0.497916 -0.00375363 1.42464 0.689649 -0.318473 2.41504 -0.458757 -0.0467888 0.00762982 0.0100865 -3.17643 -0.318473 -0.0467888 0.0100865 3.64675 1.2414 8.03724 736.211
554 -12.5477 0.171382 931.209 0.0339168 -0.000105526 -0.00103939 0 -2.37657 3.37808e-05 1.27068 0.0116314 -0.0364149 -0.508453 -0.00494423 1.40339 0.658956 -0.307785 2.25823 -0.467985 -0.047923 0.00745433 0.00974953 -2.37657 -0.307785 -0.047923 0.00974953 2.93634 1.04866 8.03724 740.625
555 -13.9734 0.169803 931.722 0.0297117 -8.40924e-05 -0.00135835 0 -4.39238 3.29482e-05 1.31655 0.0126203 -0.0381534 -0.516943 -0.00643578 1.38556 0.631384 -0.315151 2.12466 -0.475539 -0.0487146 0.00731067 0.00941906 -4.39238 -0.315151 -0.0487146 0.00941906 4.12904 1.23423 8.03724 745.098
556 -15.0236 0.168585 932.385 0.026649 -6.69253e-05 -0.00164588 0 -3.25056 3.24117e-05 1.35615 0.0133885 -0.0394103 -0.522895 -0.00800428 1.37234 0.607961 -0.337516 2.01283 -0.481035 -0.0490663 0.00720615 0.00947737 -3.25056 -0.337516 -0.0490663 0.00947737 3.63114 1.23144 8.03724 749.209
557 -16.4663 0.167336 933.171 0.0224955 -5.50526e-05 -0.00204945 0 -2.1689 3.14398e-05 1.38315 0.0145165 -0.0411514 -0.531602 -0.00980371 1.35381 0.582035 -0.317507 1.89963 -0.488596 -0.050068 0.00706236 0.00913454 -2.1689 -0.317507 -0.050068 0.00913454 2.93666 1.06715 8.03724 753.296
558 -18.395 0.165815 934.055 0.0169773 -4.89481e-05 -0.00278712 0 -2.41172 2.99145e-05 1.40525 0.0161696 -0.0435002 -0.543252 -0.0121158 1.32834 0.553024 -0.299076 1.78372 -0.498749 -0.0513721 0.00686929 0.00865204 -2.41172 -0.299076 -0.0513721 0.00865204 2.7958 0.956314 8.03724 757.424
559 -20.2755 0.164136 935.022 0.0116276 -4.91044e-05 -0.00390053 0 -2.66687 2.83535e-05 1.43117 0.0179465 -0.0457916 -0.55457 -0.014982 1.30287 0.525574 -0.282515 1.67918 -0.508648 -0.0526036 0.00668105 0.00820282 -2.66687 -0.282515 -0.0526036 0.00820282 2.85428 0.9316 8.03724 761.801
560 -22.0584 0.162459 936.07 0.00659009 -5.69594e-05 -0.00536531 0 -2.3151 2.68235e-05 1.45623 0.0197905 -0.0479607 -0.565239 -0.0182958 1.27821 0.500107 -0.266924 1.58566 -0.518017 -0.053725 0.00650287 0.00778131 -2.3151 -0.266924 -0.053725 0.00778131 2.6457 0.94458 8.03724 766.225
561 -23.6878 0.160866 937.196 0.00199984 -7.41995e-05 -0.00717561 0 -2.55917 2.53863e-05 1.47935 0.0216271 -0.0499466 -0.575051 -0.0219616 1.25519 0.476896 -0.248475 1.50279 -0.526595 -0.0547956 0.00633975 0.00748096 -2.55917 -0.248475 -0.0547956 0.00748096 2.30157 0.772105 8.03724 770.824
562 -25.4291 0.159195 938.395 -0.00286748 -0.000108344 -0.00965781 0 -1.74057 2.37974e-05 1.49565 0.0237507 -0.0520646 -0.585354 -0.0256947 1.23023 0.453885 -0.248097 1.42329 -0.535734 -0.0557866 0.00616596 0.00714781 -1.74057 -0.248097 -0.0557866 0.00714781 2.0627 0.807947 8.03724 775.287
563 -26.8554 0.157649 939.653 -0.00684839 -0.000159884 -0.0126045 0 -1.94794 2.24774e-05 1.51391 0.0256319 -0.0538034 -0.593708 -0.0295603 1.20939 0.434008 -0.260839 1.35571 -0.543243 -0.0564885 0.00602317 0.0070297 -1.94794 -0.260839 -0.0564885 0.0070297 2.2558 0.816063 8.03724 779.723
564 -28.5546 0.156095 940.968 -0.0115675 -0.000239232 -0.0164554 0 -1.7448 2.08567e-05 1.52022 0.028039 -0.0558749 -0.603971 -0.0331122 1.18425 0.412895 -0.234964 1.28588 -0.552175 -0.0576492 0.0058533 0.00659504 -1.7448 -0.234964 -0.0576492 0.00659504 1.96242 0.767889 8.03724 784.125
565 -30.5528 0.154484 942.325 -0.0170964 -0.000365727 -0.0218424 0 -1.22495 1.89088e-05 1.51632 0.0311157 -0.0583115 -0.615922 -0.0360563 1.15426 0.390322 -0.223886 1.21298 -0.562673 -0.0589026 0.00565366 0.00623514 -1.22495 -0.223886 -0.0589026 0.00623514 1.506 0.584829 8.03724 788.468
566 -32.512 0.152731 943.711 -0.022519 -0.00057681 -0.0296154 0 -2.24819 1.69649e-05 1.51292 0.0344199 -0.0607079 -0.627693 -0.0377841 1.12433 0.368397 -0.210043 1.14344 -0.573006 -0.0601446 0.00545717 0.00577944 -2.24819 -0.210043 -0.0601446 0.00577944 1.8004 0.597858 8.03724 792.979
567 -34.0273 0.151152 945.13 -0.0266833 -0.000826418 -0.0379753 0 -2.49513 1.54526e-05 1.51537 0.0371667 -0.0625537 -0.636517 -0.0400351 1.10096 0.349773 -0.228202 1.08509 -0.580984 -0.060838 0.00530544 0.0057036 -2.49513 -0.228202 -0.060838 0.0057036 2.10776 0.651684 8.03724 797.318
568 -35.5038 0.149738 946.581 -0.0307106 -0.00107854 -0.0464062 0 -1.55022 1.3975e-05 1.51136 0.0400004 -0.0643424 -0.645334 -0.0425333 1.07811 0.331644 -0.213005 1.02895 -0.588726 -0.0617659 0.00515821 0.00541075 -1.55022 -0.213005 -0.0617659 0.00541075 1.57227 0.578411 8.03724 801.653
569 -37.0049 0.148194 948.06 -0.0348065 -0.0013577 -0.0556643 0 -1.42368 1.24604e-05 1.50231 0.043064 -0.0661619 -0.65425 -0.0438959 1.05466 0.313375 -0.211709 0.973056 -0.59662 -0.0626377 0.0050081 0.00516462 -1.42368 -0.211709 -0.0626377 0.00516462 1.57718 0.567912 8.03724 806.053
570 -38.6981 0.146646 949.56 -0.0394168 -0.00161632 -0.0649331 0 -0.925287 1.07507e-05 1.48358 0.0467301 -0.0682074 -0.664299 -0.0445727 1.02808 0.293943 -0.205501 0.914184 -0.605514 -0.0636238 0.00483896 0.00492146 -0.925287 -0.205501 -0.0636238 0.00492146 1.18593 0.474425 8.03724 810.238
571 -40.4064 0.145078 951.067 -0.0440605 -0.00183889 -0.073472 0 -0.576742 9.02375e-06 1.46193 0.0506617 -0.0702594 -0.674455 -0.0441046 1.00114 0.274337 -0.195121 0.855464 -0.614492 -0.0646314 0.00466824 0.00468003 -0.576742 -0.195121 -0.0646314 0.00468003 0.86112 0.413424 8.03724 814.486
572 -42.2627 0.14343 952.586 -0.049102 -0.00195638 -0.0798335 0 -0.200098 7.15206e-06 1.432 0.0551943 -0.0724746 -0.685673 -0.0433184 0.971764 0.253889 -0.160463 0.794731 -0.624247 -0.0659085 0.00448273 0.00424656 -0.200098 -0.160463 -0.0659085 0.00424656 0.581389 0.316917 8.03724 818.812
573 -43.789 0.141803 954.109 -0.0532407 -0.00202368 -0.0837593 0 -0.616573 5.61031e-06 1.40997 0.0591285 -0.0742611 -0.694558 -0.0419103 0.947521 0.23522 -0.187083 0.74027 -0.632288 -0.0666 0.00432981 0.0041323 -0.616573 -0.187083 -0.0666 0.0041323 1.14264 0.462284 8.03724 823.078
574 -45.6095 0.140211 955.631 -0.0581739 -0.00201057 -0.0851821 0 -0.426678 3.78919e-06 1.37421 0.0640321 -0.0763687 -0.705412 -0.0410864 0.918672 0.21519 -0.172486 0.68199 -0.64186 -0.0677002 0.00414778 0.00386809 -0.426678 -0.172486 -0.0677002 0.00386809 0.824975 0.331054 8.03724 827.185
575 -46.6618 0.138855 957.15 -0.0610056 -0.00207226 -0.0862773 0 -0.869864 2.73427e-06 1.35953 0.0669759 -0.0775049 -0.711474 -0.0416265 0.901976 0.199458 -0.188776 0.637626 -0.647408 -0.0681081 0.00404228 0.00390634 -0.869864 -0.188776 -0.0681081 0.00390634 1.22209 0.451422 8.03724 831.26
576 -48.0293 0.137498 958.671 -0.0646887 -0.00205974 -0.0856681 0 -0.446937 1.38393e-06 1.33016 0.0708869 -0.0789848 -0.719544 -0.0422607 0.880404 0.182696 -0.192217 0.589976 -0.654591 -0.0688586 0.00390568 0.00377406 -0.446937 -0.192217 -0.0688586 0.00377406 0.838326 0.339996 8.03724 835.136
577 -49.5665 0.136065 960.175 -0.0688408 -0.00191246 -0.0817086 0 -0.230368 -1.19109e-07 1.29303 0.0754022 -0.0805935 -0.728643 -0.0409483 0.856225 0.165654 -0.182758 0.541561 -0.662672 -0.0697235 0.00375201 0.00358568 -0.230368 -0.182758 -0.0697235 0.00358568 0.675544 0.309765 8.03724 838.937
578 -50.9904 0.134652 961.663 -0.0726971 -0.00176258 -0.0767216 0 -0.708883 -1.49855e-06 1.25773 0.0796807 -0.0819611 -0.737142 -0.0395375 0.833884 0.149746 -0.175235 0.496849 -0.670176 -0.0705753 0.00360931 0.00335952 -0.708883 -0.175235 -0.0705753 0.00335952 0.776503 0.316979 8.03724 842.855
579 -52.0635 0.133413 963.148 -0.0755826 -0.00171951 -0.0736207 0 0 -2.5171e-06 1.23185 0.0829259 -0.0828176 -0.743439 -0.0400225 0.817215 0.13613 -0.169104 0.459267 -0.675802 -0.0711394 0.00350231 0.00330649 0 -0.169104 -0.0711394 0.00330649 0.480785 0.289975 8.03724 846.763
580 -53.1114 0.132135 964.632 -0.0784268 -0.00165134 -0.0699115 0 -0.73555 -3.50382e-06 1.20453 0.0861327 -0.0835444 -0.749689 -0.0400215 0.800908 0.123333 -0.173413 0.423948 -0.681334 -0.0717517 0.00339711 0.00314798 -0.73555 -0.173413 -0.0717517 0.00314798 0.909358 0.310416 8.03724 850.614
581 -54.117 0.130923 966.11 -0.08115 -0.00161246 -0.0669711 0 -0.498918 -4.43066e-06 1.17673 0.0891965 -0.0841228 -0.755564 -0.0404442 0.785416 0.11154 -0.179032 0.391277 -0.686619 -0.0722416 0.00329662 0.00311334 -0.498918 -0.179032 -0.0722416 0.00311334 0.833857 0.31021 8.03724 854.277
582 -55.3163 0.129672 967.571 -0.0844109 -0.0015112 -0.0627554 0 0 -5.52266e-06 1.14094 0.0928267 -0.0847541 -0.762717 -0.0393728 0.767076 0.0999062 -0.16257 0.358419 -0.692915 -0.0729796 0.00317689 0.00293617 0 -0.16257 -0.0729796 0.00293617 0.500484 0.269097 8.03724 857.939
583 -56.3534 0.128464 969.025 -0.0872493 -0.00144161 -0.0594007 0 0 -6.44603e-06 1.10968 0.0959334 -0.0850096 -0.768956 -0.0388236 0.751298 0.0896146 -0.145797 0.329449 -0.69837 -0.0736597 0.00307315 0.00277491 0 -0.145797 -0.0736597 0.00277491 0.326462 0.206238 8.03724 861.714
584 -57.4791 0.12723 970.476 -0.0903466 -0.00135629 -0.0559459 0 0 -7.43333e-06 1.0742 0.0992393 -0.0851417 -0.775769 -0.0376319 0.734303 0.0798819 -0.13231 0.30151 -0.704291 -0.0744388 0.00296054 0.0025191 0 -0.13231 -0.0744388 0.0025191 0.323914 0.188524 8.03724 865.499
585 -58.4565 0.126044 971.922 -0.0930583 -0.00129343 -0.0532937 0 0 -8.26443e-06 1.04312 0.102032 -0.0848572 -0.781592 -0.0367658 0.719662 0.0713394 -0.128826 0.276947 -0.709433 -0.0750217 0.00286276 0.00240433 0 -0.128826 -0.0750217 0.00240433 0.291213 0.181723 8.03724 869.243
586 -59.3246 0.124925 973.36 -0.0954913 -0.00125694 -0.0515997 0 0 -8.97806e-06 1.01502 0.104433 -0.0842371 -0.786655 -0.0362944 0.706753 0.0637969 -0.138363 0.255063 -0.714 -0.0754305 0.00277591 0.00239153 0 -0.138363 -0.0754305 0.00239153 0.3147 0.186448 8.03724 872.82
587 -60.1925 0.123811 974.787 -0.0979449 -0.00121863 -0.0502081 0 0 -9.67439e-06 0.986126 0.106741 -0.0833877 -0.791783 -0.0355896 0.693946 0.0569275 -0.135348 0.23466 -0.718566 -0.0759059 0.00268909 0.00231676 0 -0.135348 -0.0759059 0.00231676 0.332763 0.182821 8.03724 876.376
588 -61.0408 0.122746 976.2 -0.100369 -0.00118393 -0.0492285 0 0 -1.0336e-05 0.957254 0.108892 -0.082283 -0.796763 -0.0348168 0.681523 0.0507312 -0.139812 0.215802 -0.723029 -0.076339 0.00260422 0.00226873 0 -0.139812 -0.076339 0.00226873 0.349726 0.183761 8.03724 879.766
589 -61.82 0.121716 977.598 -0.102628 -0.00115867 -0.0487666 0 0 -1.09194e-05 0.930319 0.110761 -0.0808828 -0.801362 -0.0341361 0.6702 0.0452484 -0.134687 0.198764 -0.727128 -0.0767605 0.00252627 0.00222008 0 -0.134687 -0.0767605 0.00222008 0.279017 0.174916 8.03724 883.127
590 -62.5462 0.120706 978.987 -0.104768 -0.00113996 -0.048725 0 0 -1.14403e-05 0.904794 0.112397 -0.07924 -0.805677 -0.0335373 0.659725 0.0403835 -0.133636 0.183254 -0.730948 -0.077183 0.00245362 0.00213547 0 -0.133636 -0.077183 0.00213547 0.334307 0.174942 8.03724 886.516
591 -63.1726 0.119744 980.366 -0.106659 -0.00112925 -0.0490899 0 0 -1.18598e-05 0.882472 0.113718 -0.0773518 -0.809404 -0.0330733 0.650752 0.0361474 -0.127965 0.169468 -0.734243 -0.0775515 0.00239095 0.00206825 0 -0.127965 -0.0775515 0.00206825 0.347954 0.196165 8.03724 889.863
592 -63.7552 0.118806 981.742 -0.108453 -0.00113225 -0.0500115 0 0 -1.22287e-05 0.861302 0.114862 -0.075371 -0.812877 -0.0329445 0.642459 0.0323916 -0.128448 0.156848 -0.737308 -0.0779024 0.00233267 0.00201305 0 -0.128448 -0.0779024 0.00201305 0.243742 0.153717 8.03724 893.228
593 -64.3188 0.117901 983.11 -0.11022 -0.00112789 -0.0508881 0 0 -1.25695e-05 0.840477 0.115887 -0.0733237 -0.816138 -0.0326492 0.634485 0.0290328 -0.13901 0.145145 -0.740273 -0.0781414 0.00227629 0.00201339 0 -0.13901 -0.0781414 0.00201339 0.34517 0.172339 8.03724 896.403
594 -64.8428 0.117041 984.462 -0.111903 -0.00112496 -0.0519298 0 0 -1.28652e-05 0.820838 0.116759 -0.0712055 -0.819205 -0.0323549 0.627117 0.0260568 -0.136297 0.134425 -0.74303 -0.0783994 0.00222386 0.00200757 0 -0.136297 -0.0783994 0.00200757 0.314449 0.168709 8.03724 899.488
595 -65.3057 0.116217 985.801 -0.113441 -0.00112795 -0.0532359 0 0 -1.30995e-05 0.803212 0.117463 -0.0690419 -0.821921 -0.0321971 0.620645 0.023446 -0.135249 0.124736 -0.745465 -0.0786342 0.00217756 0.00198931 0 -0.135249 -0.0786342 0.00198931 0.287175 0.173381 8.03724 902.527
596 -65.7532 0.115411 987.128 -0.114959 -0.00112872 -0.054564 0 0 -1.33118e-05 0.785944 0.118078 -0.0669047 -0.824572 -0.0320183 0.61442 0.0211122 -0.135441 0.115741 -0.747819 -0.0788862 0.00213279 0.00196359 0 -0.135441 -0.0788862 0.00196359 0.282952 0.158093 8.03724 905.554
597 -66.1603 0.114639 988.441 -0.116389 -0.00113193 -0.0560272 0 0 -1.34824e-05 0.769998 0.118581 -0.0647856 -0.826904 -0.0318858 0.608785 0.01905 -0.144404 0.107527 -0.749961 -0.0790352 0.00209205 0.00197507 0 -0.144404 -0.0790352 0.00197507 0.381048 0.179957 8.03724 908.434
598 -66.4541 0.113924 989.736 -0.117522 -0.00115184 -0.0580273 0 0 -1.35548e-05 0.758039 0.118907 -0.0627183 -0.828603 -0.0321728 0.604736 0.0172918 -0.144808 0.10039 -0.751507 -0.0791587 0.00206266 0.00200749 0 -0.144808 -0.0791587 0.00200749 0.278409 0.171913 8.03724 911.261
599 -66.7919 0.113215 991.015 -0.118797 -0.00115901 -0.059687 0 0 -1.36564e-05 0.744328 0.119244 -0.0608102 -0.830531 -0.0321964 0.600098 0.0156732 -0.155789 0.0934952 -0.753284 -0.0792755 0.00202886 0.00201015 0 -0.155789 -0.0792755 0.00201015 0.418426 0.191836 8.03724 913.96
600 -67.0949 0.112543 992.271 -0.119994 -0.00116899 -0.0614631 0 0 -1.37247e-05 0.731805 0.11951 -0.0589774 -0.832284 -0.0322642 0.595955 0.0142412 -0.155824 0.0872031 -0.754878 -0.0794052 0.00199855 0.00202404 0 -0.155824 -0.0794052 0.00202404 0.386704 0.187604 8.03724 916.564
601 -67.3739 0.111886 993.508 -0.121141 -0.0011799 -0.0632907 0 0 -1.37692e-05 0.720079 0.119723 -0.0572391 -0.833928 -0.0323665 0.592153 0.0129674 -0.155423 0.0814247 -0.756346 -0.0795528 0.00197063 0.00200008 0 -0.155423 -0.0795528 0.00200008 0.41555 0.189569 8.03724 919.165
602 -67.6055 0.111258 994.725 -0.122172 -0.00119357 -0.0652117 0 0 -1.3773e-05 0.710017 0.119877 -0.0555875 -0.835252 -0.0325316 0.589007 0.0118489 -0.160517 0.0762184 -0.757565 -0.0796344 0.00194746 0.00202109 0 -0.160517 -0.0796344 0.00202109 0.472763 0.197462 8.03724 921.674
603 -67.8229 0.110641 995.925 -0.123176 -0.00121328 -0.0673598 0 0 -1.37626e-05 0.700404 0.120001 -0.0540807 -0.836654 -0.0328702 0.586065 0.0108491 -0.138425 0.0714156 -0.758707 -0.0798725 0.00192572 0.00193328 0 -0.138425 -0.0798725 0.00193328 0.21686 0.152434 8.03724 924.279
604 -68.0395 0.110012 997.119 -0.124193 -0.00122677 -0.0692971 0 0 -1.37486e-05 0.690772 0.120105 -0.0526849 -0.838 -0.033059 0.583139 0.00994764 -0.138841 0.0669434 -0.759847 -0.0800565 0.00190405 0.00185308 0 -0.138841 -0.0800565 0.00185308 0.264156 0.157475 8.03724 926.882
605 -68.2317 0.109414 998.3 -0.125154 -0.00124244 -0.0713093 0 0 -1.37138e-05 0.681991 0.12018 -0.0513826 -0.83911 -0.0333065 0.580549 0.00914645 -0.141484 0.0628651 -0.760859 -0.0801362 0.00188482 0.0018669 0 -0.141484 -0.0801362 0.0018669 0.291481 0.167239 8.03724 929.349
606 -68.4057 0.108833 999.469 -0.126075 -0.00125937 -0.0733634 0 0 -1.36634e-05 0.673842 0.120234 -0.0501795 -0.840173 -0.0335878 0.578212 0.00843176 -0.139148 0.0591335 -0.761774 -0.0802671 0.00186741 0.00183107 0 -0.139148 -0.0802671 0.00183107 0.326042 0.164529 8.03724 931.818
607 -68.336 0.108331 1000.63 -0.126308 -0.00132092 -0.0769543 0 -0.312007 -1.34395e-05 0.674325 0.120215 -0.0490527 -0.839738 -0.0347458 0.579125 0.00789022 -0.146953 0.0564028 -0.761416 -0.0801968 0.00187422 0.00186925 -0.312007 -0.146953 -0.0801968 0.00186925 0.511692 0.224214 8.03724 934.234
608 -68.4877 0.107823 1001.78 -0.127168 -0.00134343 -0.0791767 0 0 -1.33724e-05 0.666855 0.120255 -0.0482969 -0.840624 -0.0354033 0.57711 0.00731477 -0.145661 0.0532383 -0.762206 -0.0802776 0.0018592 0.00187172 0 -0.145661 -0.0802776 0.00187172 0.330907 0.17413 8.03724 936.533
609 -68.5166 0.107323 1002.91 -0.127685 -0.00138616 -0.0820919 0 0 -1.32202e-05 0.663723 0.120262 -0.0475619 -0.840736 -0.0362484 0.576722 0.00684021 -0.149547 0.0506428 -0.762358 -0.0802346 0.0018563 0.00191781 0 -0.149547 -0.0802346 0.00191781 0.313701 0.169873 8.03724 938.8
610 -68.6116 0.106837 1004.03 -0.128396 -0.00141193 -0.0843822 0 0 -1.31148e-05 0.658199 0.120281 -0.0469766 -0.841239 -0.0368123 0.575449 0.00638851 -0.152856 0.048071 -0.762858 -0.0802281 0.00184679 0.00194441 0 -0.152856 -0.0802281 0.00194441 0.391294 0.195807 8.03724 940.861
611 -68.7272 0.10636 1005.13 -0.129175 -0.00143108 -0.0864248 0 0 -1.30232e-05 0.651974 0.120299 -0.0464194 -0.842008 -0.0371618 0.573902 0.00597301 -0.149758 0.045644 -0.763466 -0.0803768 0.00183523 0.00187177 0 -0.149758 -0.0803768 0.00187177 0.369262 0.174684 8.03724 943.022
612 -68.7349 0.10592 1006.21 -0.129643 -0.00147447 -0.0893396 0 0 -1.28596e-05 0.649568 0.1203 -0.0458735 -0.841991 -0.0380003 0.573798 0.00563073 -0.162039 0.0436645 -0.763507 -0.0803181 0.00183444 0.00192621 0 -0.162039 -0.0803181 0.00192621 0.422196 0.190239 8.03724 945.079
613 -68.7495 0.105507 1007.28 -0.130131 -0.00151539 -0.0921389 0 0 -1.27026e-05 0.646872 0.120302 -0.0454664 -0.842036 -0.0389068 0.573603 0.00532013 -0.162154 0.0418316 -0.763584 -0.0802848 0.00183298 0.00197008 0 -0.162154 -0.0802848 0.00197008 0.459435 0.205988 8.03724 946.992
614 -68.8189 0.1051 1008.32 -0.130782 -0.00154099 -0.0943561 0 0 -1.25829e-05 0.642244 0.120309 -0.0451326 -0.842433 -0.0394321 0.572675 0.00502417 -0.166005 0.0400276 -0.76395 -0.0803095 0.00182603 0.00196525 0 -0.166005 -0.0803095 0.00196525 0.519835 0.221511 8.03724 948.801
615 -68.8642 0.104704 1009.35 -0.131365 -0.00157138 -0.0967372 0 0 -1.24485e-05 0.638482 0.120312 -0.0448034 -0.842705 -0.0400094 0.572071 0.00476255 -0.167611 0.0384213 -0.764188 -0.0803389 0.0018215 0.00196531 0 -0.167611 -0.0803389 0.00196531 0.42942 0.194733 8.03724 950.659
616 -68.8898 0.104325 1010.35 -0.131893 -0.00160596 -0.0992571 0 0 -1.23029e-05 0.635403 0.120314 -0.0445135 -0.842769 -0.0407259 0.571728 0.00453094 -0.174353 0.0369899 -0.764323 -0.0802647 0.00181893 0.00202549 0 -0.174353 -0.0802647 0.00202549 0.473176 0.205846 8.03724 952.364
617 -68.866 0.103974 1011.34 -0.132272 -0.00165322 -0.10223 0 0 -1.21282e-05 0.634031 0.120313 -0.0442707 -0.842638 -0.0416848 0.572045 0.00433377 -0.170118 0.0357807 -0.764198 -0.0802612 0.00182131 0.00202004 0 -0.170118 -0.0802612 0.00202004 0.404142 0.202551 8.03724 954.096
618 -68.8637 0.103608 1012.31 -0.132713 -0.00169397 -0.104928 0 0 -1.19694e-05 0.631877 0.120312 -0.0441351 -0.842714 -0.0425928 0.572076 0.00415171 -0.162057 0.0346436 -0.764186 -0.0803497 0.00182154 0.00194812 0 -0.162057 -0.0803497 0.00194812 0.456903 0.205311 8.03724 955.866
619 -68.892 0.103248 1013.27 -0.133246 -0.00172474 -0.107233 0 0 -1.18313e-05 0.628676 0.120314 -0.0440178 -0.842869 -0.0432041 0.571697 0.0039804 -0.169097 0.0335512 -0.764335 -0.0803525 0.0018187 0.00196071 0 -0.169097 -0.0803525 0.00196071 0.468455 0.200297 8.03724 957.543
620 -68.8687 0.102889 1014.21 -0.133624 -0.00176974 -0.110055 0 0 -1.16637e-05 0.627264 0.120313 -0.0438966 -0.842743 -0.044056 0.572008 0.0038365 -0.165238 0.0326497 -0.764213 -0.0803511 0.00182103 0.00196626 0 -0.165238 -0.0803511 0.00196626 0.371865 0.186835 8.03724 959.266
621 -68.8385 0.102547 1015.14 -0.133977 -0.00181649 -0.11291 0 0 -1.14949e-05 0.626047 0.120311 -0.0438653 -0.84246 -0.0451089 0.572409 0.00370913 -0.177558 0.0318523 -0.764055 -0.0802294 0.00182404 0.00202774 0 -0.177558 -0.0802294 0.00202774 0.588078 0.230867 8.03724 960.783
622 -68.8074 0.102251 1016.04 -0.134324 -0.00186276 -0.115719 0 0 -1.1328e-05 0.62486 0.120308 -0.0438643 -0.842137 -0.0460498 0.572823 0.00359501 -0.195858 0.0311377 -0.763891 -0.0800734 0.00182714 0.00213991 0 -0.195858 -0.0800734 0.00213991 0.670399 0.255713 8.03724 962.087
623 -68.7405 0.102023 1016.9 -0.134559 -0.00191975 -0.118898 0 0 -1.11432e-05 0.624868 0.120301 -0.0438988 -0.841473 -0.047198 0.573714 0.00349987 -0.229848 0.0305596 -0.763541 -0.0797663 0.00183381 0.0023474 0 -0.229848 -0.0797663 0.0023474 0.851023 0.301173 8.03724 963.054
624 -68.6456 0.101848 1017.7 -0.134702 -0.00198605 -0.122381 0 0 -1.09459e-05 0.625787 0.120287 -0.0440128 -0.840563 -0.0485931 0.57498 0.00342128 -0.26516 0.030101 -0.763043 -0.0793636 0.00184328 0.00259939 0 -0.26516 -0.0793636 0.00259939 1.03959 0.356148 8.03724 963.625
625 -68.5509 0.101695 1018.45 -0.134836 -0.00205423 -0.125887 0 0 -1.07523e-05 0.626663 0.12027 -0.0442135 -0.839999 -0.0500482 0.576247 0.00335295 -0.254326 0.0297105 -0.762544 -0.079307 0.00185275 0.00263435 0 -0.254326 -0.079307 0.00263435 0.936058 0.331759 8.03724 964.305
626 -68.4549 0.101548 1019.15 -0.134959 -0.00212314 -0.129369 0 0 -1.05618e-05 0.62755 0.120248 -0.0444745 -0.839374 -0.0514993 0.577533 0.00329407 -0.259993 0.0293843 -0.76204 -0.0791963 0.00186235 0.00266204 0 -0.259993 -0.0791963 0.00266204 0.994052 0.349472 8.03724 964.98
627 -68.3557 0.101406 1019.82 -0.135063 -0.00219426 -0.132883 0 0 -1.03731e-05 0.628523 0.120221 -0.0447861 -0.838832 -0.0529946 0.578864 0.00324423 -0.251257 0.0291215 -0.761518 -0.0791866 0.00187227 0.00264322 0 -0.251257 -0.0791866 0.00264322 0.893415 0.331707 8.03724 965.723
628 -68.2626 0.101236 1020.47 -0.135178 -0.002264 -0.136296 0 0 -1.01913e-05 0.629271 0.120191 -0.0451371 -0.838369 -0.0544572 0.580115 0.00320098 -0.242375 0.0289025 -0.761029 -0.0792224 0.00188158 0.00257039 0 -0.242375 -0.0792224 0.00257039 0.921123 0.324993 8.03724 966.582
629 -68.1671 0.101056 1021.09 -0.135278 -0.00233491 -0.139701 0 0 -1.00116e-05 0.630087 0.120157 -0.0455105 -0.837779 -0.0559219 0.581399 0.00316504 -0.249381 0.0287359 -0.760526 -0.0791432 0.00189113 0.00258455 0 -0.249381 -0.0791432 0.00258455 0.937392 0.329893 8.03724 967.33
630 -68.0634 0.1009 1021.69 -0.135344 -0.00240985 -0.143198 0 0 -9.83113e-06 0.631158 0.120116 -0.045906 -0.837096 -0.0574629 0.582795 0.00313685 -0.25728 0.0286274 -0.759981 -0.0790161 0.00190149 0.00265738 0 -0.25728 -0.0790161 0.00265738 1.04328 0.352753 8.03724 967.915
631 -67.9439 0.10076 1022.25 -0.135353 -0.00249206 -0.146897 0 0 -9.64588e-06 0.632731 0.120062 -0.0463274 -0.836275 -0.0591433 0.584406 0.00311724 -0.27113 0.0285861 -0.759353 -0.0788351 0.00191344 0.00274646 0 -0.27113 -0.0788351 0.00274646 1.0153 0.358637 8.03724 968.428
632 -67.817 0.100634 1022.78 -0.135329 -0.00257919 -0.150707 0 0 -9.4605e-06 0.63452 0.119999 -0.0467873 -0.835497 -0.0609373 0.58612 0.00310448 -0.275076 0.0285976 -0.758686 -0.0787374 0.00192613 0.00277634 0 -0.275076 -0.0787374 0.00277634 1.05892 0.361088 8.03724 968.966
633 -67.6796 0.100488 1023.29 -0.135263 -0.00267306 -0.154684 0 0 -9.27352e-06 0.636623 0.119922 -0.0472837 -0.834751 -0.0628588 0.587979 0.0030987 -0.261891 0.0286642 -0.757963 -0.0787273 0.00193987 0.00275613 0 -0.261891 -0.0787273 0.00275613 0.874819 0.315165 8.03724 969.656
634 -67.5604 0.100342 1023.77 -0.135243 -0.00276015 -0.158358 0 0 -9.09947e-06 0.638108 0.11985 -0.0478165 -0.834017 -0.0646541 0.589594 0.00309481 -0.259637 0.0287398 -0.757337 -0.0786318 0.00195179 0.00277176 0 -0.259637 -0.0786318 0.00277176 0.976728 0.361611 8.03724 970.207
635 -67.4334 0.100216 1024.23 -0.135191 -0.00285184 -0.162123 0 0 -8.92498e-06 0.639832 0.119766 -0.0483571 -0.833242 -0.0664952 0.591317 0.00309642 -0.271521 0.0288591 -0.756669 -0.0785378 0.00196448 0.00280482 0 -0.271521 -0.0785378 0.00280482 0.974603 0.353556 8.03724 970.72
636 -67.2982 0.100087 1024.67 -0.135102 -0.0029498 -0.166032 0 0 -8.74994e-06 0.641805 0.11967 -0.0489154 -0.832436 -0.0684661 0.593156 0.00310347 -0.267078 0.0290221 -0.755958 -0.078456 0.00197801 0.00280831 0 -0.267078 -0.078456 0.00280831 0.963284 0.350374 8.03724 971.273
637 -67.1479 0.0999547 1025.08 -0.134957 -0.00305655 -0.170154 0 0 -8.57118e-06 0.644238 0.119555 -0.049489 -0.831499 -0.0705666 0.595203 0.00311677 -0.274913 0.0292371 -0.755168 -0.0783239 0.00199303 0.0028497 0 -0.274913 -0.0783239 0.0028497 1.07945 0.369821 8.03724 971.758
638 -67.0079 0.0998349 1025.47 -0.134834 -0.00316148 -0.17414 0 0 -8.401e-06 0.64631 0.119439 -0.050099 -0.830689 -0.0727027 0.597113 0.00313227 -0.270445 0.0294666 -0.754432 -0.0782646 0.00200703 0.00284427 0 -0.270445 -0.0782646 0.00284427 1.09526 0.367249 8.03724 972.208
639 -66.8604 0.0997271 1025.83 -0.134679 -0.00327087 -0.178185 0 0 -8.23077e-06 0.648601 0.11931 -0.0507177 -0.829679 -0.0748511 0.599127 0.00315229 -0.300452 0.029733 -0.753657 -0.0780439 0.00202177 0.00295059 0 -0.300452 -0.0780439 0.00295059 1.23559 0.396095 8.03724 972.487
640 -66.6797 0.0996751 1026.15 -0.134406 -0.00340159 -0.182821 0 0 -8.04852e-06 0.65192 0.119139 -0.0513563 -0.82838 -0.0774112 0.601602 0.00318114 -0.317763 0.030077 -0.752707 -0.0777125 0.00203983 0.00316185 0 -0.317763 -0.0777125 0.00316185 1.34063 0.444503 8.03724 972.417
641 -66.4251 0.0996893 1026.42 -0.133891 -0.00356295 -0.188239 0 -0.303526 -7.83686e-06 0.657484 0.118881 -0.0520122 -0.826727 -0.0804439 0.605075 0.00322523 -0.336514 0.0305597 -0.751377 -0.0774152 0.00206512 0.003297 -0.303526 -0.336514 -0.0774152 0.003297 1.62768 0.51862 8.03724 972.117
642 -66.2076 0.0997389 1026.64 -0.133469 -0.00374085 -0.194117 0 0 -7.64553e-06 0.661861 0.118639 -0.0528169 -0.825235 -0.0841431 0.60809 0.00326925 -0.361491 0.0310349 -0.750226 -0.0770961 0.00208701 0.00345336 0 -0.361491 -0.0770961 0.00345336 1.74645 0.543217 8.03724 971.568
643 -65.9664 0.0998401 1026.8 -0.132963 -0.00392382 -0.199923 0 0 -7.44836e-06 0.666887 0.118352 -0.0536614 -0.823678 -0.0877193 0.611422 0.003321 -0.371536 0.0315778 -0.748957 -0.0768318 0.00211114 0.00357701 0 -0.371536 -0.0768318 0.00357701 1.57575 0.546275 8.03724 970.869
644 -65.697 0.0998818 1026.92 -0.132351 -0.00413525 -0.206389 0 0 -7.24307e-06 0.672722 0.118009 -0.0545664 -0.822245 -0.0918906 0.615154 0.00338203 -0.359382 0.0322029 -0.747541 -0.0768421 0.00213808 0.00347653 0 -0.359382 -0.0768421 0.00347653 1.57924 0.491821 8.03724 970.66
645 -65.4519 0.0999746 1027.01 -0.131804 -0.00433435 -0.212289 0 0 -7.05314e-06 0.67773 0.117676 -0.0555243 -0.820512 -0.095737 0.618557 0.00344348 -0.404396 0.0328263 -0.746253 -0.0764217 0.00216256 0.0036797 0 -0.404396 -0.0764217 0.0036797 1.98957 0.613176 8.03724 969.766
646 -65.1695 0.100153 1027.03 -0.131122 -0.00457045 -0.219037 0 0 -6.85114e-06 0.683843 0.117268 -0.0565041 -0.818599 -0.100246 0.622492 0.00351549 -0.424923 0.0335445 -0.744769 -0.076021 0.0021908 0.00393549 0 -0.424923 -0.076021 0.00393549 2.11848 0.655313 8.03724 968.476
647 -64.8593 0.100428 1026.97 -0.130336 -0.00483843 -0.226412 0 0 -6.64175e-06 0.690733 0.116792 -0.0575286 -0.816525 -0.105354 0.626829 0.00359723 -0.452975 0.0343489 -0.743138 -0.0756086 0.0022218 0.00412291 0 -0.452975 -0.0756086 0.00412291 2.27827 0.732191 8.03724 966.71
648 -64.529 0.100713 1026.84 -0.12947 -0.00513703 -0.234321 0 0 -6.42855e-06 0.698144 0.116253 -0.058607 -0.814378 -0.111023 0.631463 0.00368801 -0.48535 0.0352326 -0.741402 -0.0752314 0.00225482 0.00427566 0 -0.48535 -0.0752314 0.00427566 2.58706 0.792798 8.03724 964.951
649 -64.1756 0.101038 1026.64 -0.128512 -0.00547461 -0.242924 0 0 -6.21044e-06 0.706159 0.115643 -0.0597389 -0.812225 -0.117384 0.636442 0.00378899 -0.484583 0.0362061 -0.739544 -0.0749711 0.00229016 0.00437217 0 -0.484583 -0.0749711 0.00437217 2.34538 0.759032 8.03724 963.22
650 -63.8316 0.101301 1026.39 -0.127569 -0.00582506 -0.251509 0 0 -6.00115e-06 0.713782 0.115015 -0.0609253 -0.810184 -0.123938 0.641308 0.00389484 -0.481736 0.0372183 -0.737735 -0.0747734 0.00232456 0.00441727 0 -0.481736 -0.0747734 0.00441727 2.37593 0.76731 8.03724 961.692
651 -63.4833 0.101548 1026.11 -0.126597 -0.00619828 -0.260294 0 0 -5.79474e-06 0.721452 0.114348 -0.06213 -0.808075 -0.130766 0.646254 0.00400764 -0.491688 0.0382889 -0.735903 -0.0745311 0.00235939 0.00446166 0 -0.491688 -0.0745311 0.00446166 2.55695 0.777687 8.03724 960.244
652 -63.1167 0.101866 1025.77 -0.125552 -0.00661189 -0.269659 0 0 -5.58547e-06 0.729585 0.113614 -0.0633381 -0.805787 -0.138201 0.651477 0.00413008 -0.507491 0.0394431 -0.733976 -0.0742077 0.00239604 0.00462132 0 -0.507491 -0.0742077 0.00462132 2.54895 0.798002 8.03724 958.446
653 -62.7346 0.102197 1025.39 -0.124441 -0.00706996 -0.279636 0 0 -5.37453e-06 0.738084 0.112815 -0.0645517 -0.803374 -0.146324 0.656944 0.00426231 -0.518013 0.0406816 -0.731967 -0.0738414 0.00243424 0.00474923 0 -0.518013 -0.0738414 0.00474923 2.71061 0.856398 8.03724 956.494
654 -62.3095 0.102549 1024.94 -0.123177 -0.00760766 -0.290899 0 0 -5.15112e-06 0.747747 0.111889 -0.0657562 -0.800616 -0.155696 0.663048 0.00441019 -0.557499 0.042059 -0.729733 -0.0733595 0.00247673 0.00494395 0 -0.557499 -0.0733595 0.00494395 3.18299 0.943894 8.03724 954.203
655 -61.8295 0.103057 1024.4 -0.121719 -0.00824619 -0.303712 0 0 -4.91086e-06 0.758894 0.110797 -0.0669523 -0.797233 -0.16663 0.669973 0.00457757 -0.621249 0.0436105 -0.72721 -0.0725475 0.0025247 0.00543525 0 -0.621249 -0.0725475 0.00543525 3.5545 1.08308 8.03724 951.028
656 -61.3148 0.10366 1023.75 -0.120132 -0.00900182 -0.318268 0 0 -4.66225e-06 0.770859 0.109578 -0.0681718 -0.793897 -0.179459 0.677434 0.0047632 -0.668168 0.0453219 -0.724505 -0.0719675 0.00257614 0.00570597 0 -0.668168 -0.0719675 0.00570597 3.78843 1.12913 8.03724 947.596
657 -60.7416 0.104384 1022.96 -0.118338 -0.00991131 -0.334985 0 0 -4.39625e-06 0.78432 0.108165 -0.0693843 -0.789981 -0.194517 0.685787 0.00497346 -0.729838 0.0472516 -0.721493 -0.0711213 0.00263342 0.0061339 0 -0.729838 -0.0711213 0.0061339 4.37905 1.31692 8.03724 943.306
658 -60.0473 0.105276 1022.03 -0.116133 -0.0111169 -0.356096 0 0 -4.08934e-06 0.801025 0.106383 -0.0705525 -0.78528 -0.214073 0.695963 0.00522461 -0.819926 0.0495501 -0.717844 -0.0701385 0.0027028 0.00666917 0 -0.819926 -0.0701385 0.00666917 4.91289 1.46468 8.03724 938.303
659 -59.3027 0.10627 1020.91 -0.113746 -0.012605 -0.380766 0 0 -3.76946e-06 0.818785 0.104396 -0.0717342 -0.780582 -0.237528 0.706952 0.00550808 -0.845998 0.0521315 -0.71393 -0.0694301 0.00277725 0.00705212 0 -0.845998 -0.0694301 0.00705212 4.50964 1.42404 8.03724 933.089
660 -58.4549 0.107239 1019.66 -0.111005 -0.014471 -0.409746 0 0 -3.41696e-06 0.839091 0.102053 -0.0728419 -0.775374 -0.265848 0.719549 0.00583818 -0.872758 0.0551271 -0.709473 -0.0687627 0.002862 0.00725306 0 -0.872758 -0.0687627 0.00725306 5.00478 1.54984 8.03724 927.995
661 -57.5622 0.1084 1018.24 -0.108102 -0.0168752 -0.444802 0 0 -3.05448e-06 0.860099 0.099509 -0.0739134 -0.769611 -0.300418 0.732902 0.00620942 -0.94559 0.0584787 -0.704781 -0.0677811 0.00295122 0.00763972 0 -0.94559 -0.0677811 0.00763972 5.95739 1.84019 8.03724 921.647
662 -56.6016 0.109655 1016.65 -0.104962 -0.0200672 -0.487942 0 0 -2.6733e-06 0.882387 0.0967009 -0.0748917 -0.763689 -0.343624 0.747377 0.00663269 -0.981425 0.0622832 -0.699732 -0.0670048 0.00304725 0.00797986 0 -0.981425 -0.0670048 0.00797986 5.96732 1.794 8.03724 915.288
663 -55.389 0.111032 1014.92 -0.100996 -0.0245556 -0.542908 0 -0.510932 -2.20661e-06 0.910974 0.0930896 -0.0755596 -0.755851 -0.400918 0.765745 0.00715699 -1.09083 0.0669919 -0.693373 -0.0656461 0.00316817 0.00861802 -0.510932 -1.09083 -0.0656461 0.00861802 7.08164 2.05852 8.03724 908.322
664 -53.903 0.112884 1012.95 -0.0961098 -0.0319154 -0.622817 0 0 -1.64529e-06 0.945955 0.0885795 -0.0758986 -0.74583 -0.487287 0.788532 0.00781401 -1.27153 0.0728843 -0.685553 -0.0635941 0.00331688 0.00964983 0 -1.27153 -0.0635941 0.00964983 8.6772 2.59325 8.03724 898.607
665 -52.3109 0.115185 1010.65 -0.0908756 -0.0428028 -0.722788 0 0 -1.05407e-06 0.982022 0.0837289 -0.0760147 -0.735269 -0.601014 0.81312 0.00857989 -1.43743 0.079723 -0.677189 -0.0615555 0.00347594 0.0107332 0 -1.43743 -0.0615555 0.0107332 10.0501 2.95111 8.03724 886.863
666 -50.1268 0.117951 1007.97 -0.0837085 -0.0628632 -0.868021 0 0 -2.54988e-07 1.03179 0.0771286 -0.075342 -0.721327 -0.788322 0.847152 0.00960937 -1.59139 0.0889247 -0.665715 -0.0593064 0.00369415 0.0117686 0 -1.59139 -0.0593064 0.0117686 11.1619 3.36821 8.03724 873.432
667 -47.5734 0.121261 1004.86 -0.0753405 -0.0993519 -1.05269 0 0 6.70056e-07 1.08711 0.0696294 -0.0740759 -0.705105 -1.0879 0.88727 0.0108987 -1.77602 0.100422 -0.652303 -0.0567518 0.0039492 0.0127831 0 -1.77602 -0.0567518 0.0127831 13.5178 4.00495 8.03724 857.662
668 -44.2567 0.125316 1001.27 -0.0645104 -0.168999 -1.24662 0 -0.415425 1.86422e-06 1.15604 0.0604411 -0.0717067 -0.684129 -1.60637 0.93966 0.0126133 -2.02826 0.115705 -0.634895 -0.0535142 0.00428023 0.013951 -0.415425 -2.02826 -0.0535142 0.013951 16.3328 4.85977 8.03724 839.367
669 -39.6821 0.130426 997.146 -0.0496185 -0.310264 -1.30752 0 -0.377487 3.5119e-06 1.24398 0.0490496 -0.0676195 -0.655921 -2.75307 1.01201 0.01502 -2.264 0.137162 -0.610874 -0.0497842 0.00473703 0.0151044 -0.377487 -2.264 -0.0497842 0.0151044 17.5294 5.33905 8.03724 818.705
670 -33.2504 0.136758 992.496 -0.0287849 -0.408899 -0.834008 0 -1.46924 5.84061e-06 1.35142 0.0358216 -0.0610466 -0.616092 -5.29468 1.11224 0.0185346 -2.59802 0.168455 -0.57714 -0.0443303 0.00537854 0.0162132 -1.46924 -2.59802 -0.0443303 0.0162132 22.6931 6.916 8.03724 795.18
671 -23.0915 0.14589 987.369 0.00400674 -0.215623 -0.229304 0 -0.882141 9.58503e-06 1.47974 0.0210163 -0.049628 -0.555231 -10.7746 1.26269 0.0251357 -2.68282 0.226926 -0.523817 -0.0378064 0.00639257 0.016698 -0.882141 -2.68282 -0.0378064 0.016698 25.8335 8.50572 8.03724 769.833
672 -8.44169 0.158089 982.126 0.0510773 -0.046656 -0.0421254 0 -5.10984 1.52426e-05 1.53961 0.00924081 -0.0320616 -0.469859 -11.8702 1.45106 0.0460395 -2.32776 0.408277 -0.446887 -0.0308272 0.00785553 0.0167757 -5.10984 -2.32776 -0.0308272 0.0167757 28.6563 9.68316 8.03724 747.051
673 4.09696 0.170755 977.184 0.0910589 -0.0107368 -0.00927806 0 -6.07758 2.09801e-05 1.34579 0.0044149 -0.0163342 -0.398539 -4.92742 1.57942 0.119075 -1.79493 1.00548 -0.38076 -0.0268916 0.00911305 0.0167012 -6.07758 -1.79493 -0.0268916 0.0167012 23.5723 7.90688 8.03724 729.334
674 10.8593 0.180112 972.631 0.111838 -0.0042147 -0.00351139 0 -6.89526 2.58322e-05 1.05676 0.00293741 -0.00775891 -0.361426 -1.03298 1.63567 0.254193 -1.33471 1.99312 -0.345082 -0.0261357 0.00979153 0.0164511 -6.89526 -1.33471 -0.0261357 0.0164511 17.8981 5.94173 8.03724 717.81
675 13.7213 0.186336 968.478 0.119692 -0.00248684 -0.00202004 0 -6.20171 3.03885e-05 0.839604 0.00246752 -0.00412637 -0.3466 -0.144825 1.65693 0.418031 -1.02886 3.01197 -0.329956 -0.0267232 0.0100792 0.0160849 -6.20171 -1.02886 -0.0267232 0.0160849 14.2563 4.65063 8.03724 711.016
676 13.8412 0.190193 964.742 0.11874 -0.00178448 -0.00145489 0 -4.67848 3.43882e-05 0.718407 0.00244763 -0.00394782 -0.347477 -0.0183662 1.65788 0.57291 -0.816856 3.78269 -0.329255 -0.0283145 0.0100925 0.0156129 -4.67848 -0.816856 -0.0283145 0.0156129 11.1005 3.64441 8.03724 707.847
677 12.2417 0.19234 961.419 0.112544 -0.00139006 -0.00116644 0 -4.38064 3.73382e-05 0.676318 0.00269633 -0.00592746 -0.358169 -0.00278077 1.64632 0.694117 -0.663695 4.20675 -0.337641 -0.0304605 0.00993303 0.0150232 -4.38064 -0.663695 -0.0304605 0.0150232 9.07516 2.99002 8.03724 706.955
678 10.1784 0.193301 958.519 0.105171 -0.00110626 -0.000961098 0 -3.80892 3.94555e-05 0.687473 0.00305395 -0.00847461 -0.371037 -0.00059559 1.63071 0.779814 -0.586189 4.35574 -0.348469 -0.0322948 0.00972713 0.0145244 -3.80892 -0.586189 -0.0322948 0.0145244 7.7125 2.62077 8.03724 707.794
679 7.54722 0.193441 956.04 0.0963238 -0.00089598 -0.000813313 0 -3.55375 4.05515e-05 0.727067 0.003578 -0.0117177 -0.387305 -0.000254017 1.60963 0.829816 -0.50939 4.29537 -0.362297 -0.034472 0.00946417 0.0139276 -3.55375 -0.50939 -0.034472 0.0139276 6.56867 2.25905 8.03724 709.764
680 4.97562 0.193065 953.967 0.0878845 -0.000725007 -0.00069178 0 -3.83064 4.10799e-05 0.783676 0.00417453 -0.0148768 -0.403008 -0.000244165 1.58773 0.853737 -0.4627 4.12193 -0.375829 -0.0363854 0.00920682 0.0134047 -3.83064 -0.4627 -0.0363854 0.0134047 5.98093 1.97447 8.03724 712.636
681 2.38238 0.192326 952.271 0.0795816 -0.000587268 -0.000599781 0 -3.86951 4.10703e-05 0.849247 0.00487256 -0.0180498 -0.418544 -0.000346517 1.56433 0.856301 -0.455236 3.88402 -0.389473 -0.0380186 0.00894737 0.0129845 -3.86951 -0.455236 -0.0380186 0.0129845 5.59662 1.83339 8.03724 715.811
682 -0.0501351 0.19127 950.917 0.0719329 -0.000473822 -0.00053528 0 -2.95885 4.07561e-05 0.920092 0.00562692 -0.0210086 -0.433112 -0.000534263 1.54122 0.84456 -0.429748 3.62589 -0.402246 -0.0395706 0.00870447 0.0125374 -2.95885 -0.429748 -0.0395706 0.0125374 4.84517 1.75182 8.03724 719.424
683 -2.34463 0.189972 949.891 0.0647862 -0.000381185 -0.000501343 0 -4.2493 4.02074e-05 0.989435 0.00644433 -0.0238033 -0.447151 -0.000811968 1.51822 0.823494 -0.387526 3.36936 -0.414351 -0.0412739 0.00847427 0.0119465 -4.2493 -0.387526 -0.0412739 0.0119465 4.9988 1.60699 8.03724 723.589
684 -4.49055 0.188562 949.173 0.0582194 -0.000305493 -0.000498456 0 -2.61332 3.95281e-05 1.05436 0.00730461 -0.0263918 -0.46003 -0.00119074 1.49588 0.797248 -0.364951 3.12775 -0.425598 -0.0426916 0.00826038 0.011519 -2.61332 -0.364951 -0.0426916 0.011519 4.00229 1.42498 8.03724 727.922
685 -7.00028 0.186773 948.722 0.0506461 -0.000247628 -0.000566442 0 -3.45953 3.82528e-05 1.11842 0.00845632 -0.0294397 -0.475132 -0.00180241 1.46842 0.76207 -0.353402 2.88644 -0.438825 -0.0443165 0.00800886 0.0108983 -3.45953 -0.353402 -0.0443165 0.0108983 4.29743 1.41527 8.03724 732.346
686 -8.52295 0.185309 948.514 0.0460266 -0.000195328 -0.00064383 0 -3.42085 3.76881e-05 1.18337 0.00923561 -0.0312685 -0.483997 -0.00252139 1.45117 0.734199 -0.368957 2.69776 -0.446836 -0.0450179 0.00785651 0.0108256 -3.42085 -0.368957 -0.0450179 0.0108256 4.27405 1.41454 8.03724 736.724
687 -10.4417 0.183662 948.526 0.040315 -0.000156 -0.000790947 0 -3.14251 3.66146e-05 1.23479 0.0103136 -0.0335806 -0.495508 -0.00345079 1.42878 0.701695 -0.35341 2.51169 -0.456923 -0.046249 0.00766468 0.0104499 -3.14251 -0.35341 -0.046249 0.0104499 3.78754 1.30023 8.03724 741.135
688 -11.9526 0.182043 948.734 0.0358187 -0.000123456 -0.000987858 0 -3.49025 3.57921e-05 1.28581 0.0112467 -0.0353974 -0.50444 -0.00458551 1.4106 0.672698 -0.353948 2.35441 -0.464882 -0.0470708 0.00751332 0.0102357 -3.49025 -0.353948 -0.0470708 0.0102357 3.91419 1.31663 8.03724 745.606
689 -13.7079 0.180352 949.129 0.030682 -9.88802e-05 -0.00126861 0 -2.27254 3.46364e-05 1.3262 0.0124239 -0.0375037 -0.51507 -0.00598337 1.38903 0.641974 -0.329614 2.2038 -0.474084 -0.048324 0.00733833 0.00977385 -2.27254 -0.329614 -0.048324 0.00977385 3.1652 1.1396 8.03724 750.214
690 -15.8985 0.178397 949.679 0.0243083 -8.14744e-05 -0.0017804 0 -3.25425 3.29277e-05 1.3614 0.0140645 -0.0401568 -0.528428 -0.0079057 1.36111 0.608042 -0.298245 2.05451 -0.485634 -0.0499129 0.00711869 0.00911209 -3.25425 -0.298245 -0.0499129 0.00911209 3.21829 1.01542 8.03724 754.863
691 -16.9913 0.176706 950.375 0.0211175 -6.67018e-05 -0.00229791 0 -3.46775 3.22134e-05 1.40922 0.0149551 -0.041466 -0.534584 -0.0100755 1.34687 0.584508 -0.335359 1.94884 -0.49139 -0.0502031 0.00700923 0.00916572 -3.46775 -0.335359 -0.0502031 0.00916572 3.59889 1.15538 8.03724 759.555
692 -18.8179 0.174905 951.204 0.0158887 -5.85615e-05 -0.00302889 0 -1.77728 3.07117e-05 1.43548 0.0165509 -0.0436602 -0.54553 -0.0126109 1.32272 0.555997 -0.307216 1.83279 -0.500954 -0.0514033 0.00682735 0.00882192 -1.77728 -0.307216 -0.0514033 0.00882192 2.55983 0.988435 8.03724 764.098
693 -20.9071 0.17289 952.139 0.00991724 -5.89184e-05 -0.00429002 0 -2.12276 2.88536e-05 1.45874 0.0185782 -0.0461887 -0.558379 -0.015688 1.29423 0.526555 -0.254636 1.72009 -0.511952 -0.0530451 0.0066182 0.00809657 -2.12276 -0.254636 -0.0530451 0.00809657 2.40735 0.87032 8.03724 768.974
694 -22.554 0.170942 953.179 0.00521514 -6.9012e-05 -0.00597894 0 -3.34023 2.73688e-05 1.48949 0.0203385 -0.0481856 -0.568016 -0.0191888 1.27119 0.501869 -0.281231 1.62778 -0.520649 -0.0538198 0.00645282 0.00788515 -3.34023 -0.281231 -0.0538198 0.00788515 3.13194 0.994929 8.03724 773.834
695 -24.222 0.169202 954.32 0.000519646 -8.53969e-05 -0.00773574 0 -1.55393 2.58319e-05 1.50836 0.0222548 -0.0501906 -0.577965 -0.0230279 1.24764 0.478223 -0.262556 1.5418 -0.529376 -0.0548755 0.00628686 0.00763465 -1.55393 -0.262556 -0.0548755 0.00763465 2.01882 0.775539 8.03724 778.543
696 -26.0256 0.167292 955.54 -0.00456675 -0.000127154 -0.0105915 0 -1.90549 2.40958e-05 1.52334 0.0245219 -0.0523753 -0.588723 -0.0266947 1.22155 0.454504 -0.25619 1.45851 -0.538874 -0.0559552 0.00610625 0.00724373 -1.90549 -0.25619 -0.0559552 0.00724373 2.18273 0.803398 8.03724 783.302
697 -27.6726 0.16556 956.832 -0.00918355 -0.000189301 -0.0139932 0 -1.7052 2.24857e-05 1.53614 0.0267643 -0.0543667 -0.598554 -0.0304937 1.19736 0.432858 -0.252724 1.38397 -0.547532 -0.0569636 0.00594159 0.00692054 -1.7052 -0.252724 -0.0569636 0.00692054 2.05065 0.72963 8.03724 788.015
698 -29.7168 0.163694 958.178 -0.0148899 -0.000296425 -0.0189204 0 -1.05036 2.04331e-05 1.53593 0.0297913 -0.0568392 -0.610715 -0.0337149 1.1669 0.409088 -0.24937 1.30442 -0.558268 -0.0581846 0.00573742 0.00657243 -1.05036 -0.24937 -0.0581846 0.00657243 1.63251 0.634445 8.03724 792.582
699 -31.5774 0.161787 959.561 -0.020087 -0.000478114 -0.0259116 0 -2.19457 1.85303e-05 1.53917 0.0328118 -0.0590984 -0.621725 -0.036053 1.13863 0.387114 -0.249641 1.23219 -0.568086 -0.059189 0.00555072 0.00628289 -2.19457 -0.249641 -0.059189 0.00628289 2.25891 0.734903 8.03724 797.255
700 -33.286 0.160074 960.986 -0.024813 -0.000688295 -0.033461 0 -1.30491 1.67764e-05 1.53897 0.0357909 -0.0611592 -0.631958 -0.0387417 1.1125 0.36667 -0.225179 1.16588 -0.577051 -0.0602875 0.00538024 0.00595494 -1.30491 -0.225179 -0.0602875 0.00595494 1.7105 0.652553 8.03724 801.894
701 -35.3864 0.158224 962.454 -0.0306209 -0.000948269 -0.0428093 0 -0.687381 1.45988e-05 1.52309 0.0397585 -0.0636947 -0.644726 -0.0402102 1.08002 0.343766 -0.185182 1.09274 -0.588083 -0.0618131 0.00517045 0.0053991 -0.687381 -0.185182 -0.0618131 0.0053991 0.941372 0.417099 8.03724 806.716
702 -37.0459 0.156365 963.951 -0.0352042 -0.0012775 -0.0535158 0 -1.42301 1.28603e-05 1.51644 0.0431492 -0.065696 -0.654363 -0.040738 1.05402 0.323746 -0.21386 1.02971 -0.596833 -0.0625342 0.00500405 0.00526587 -1.42301 -0.21386 -0.0625342 0.00526587 1.64025 0.609535 8.03724 811.466
703 -38.5046 0.154779 965.479 -0.0391916 -0.00159189 -0.063376 0 -0.3679 1.1336e-05 1.50754 0.0462917 -0.0674377 -0.663006 -0.0429054 1.03118 0.305207 -0.204791 0.971987 -0.604479 -0.0633856 0.00485864 0.0051344 -0.3679 -0.204791 -0.0633856 0.0051344 0.881939 0.413339 8.03724 816.122
704 -40.1687 0.152986 967.026 -0.0437722 -0.00179714 -0.0718974 0 -1.52682 9.585e-06 1.48879 0.0501107 -0.0694303 -0.672776 -0.0426344 1.00482 0.285171 -0.223568 0.910245 -0.613265 -0.0642027 0.00469157 0.00491799 -1.52682 -0.223568 -0.0642027 0.00491799 1.55373 0.543916 8.03724 820.625
705 -41.6835 0.151382 968.591 -0.0479078 -0.00199734 -0.0792769 0 -1.18422 7.999e-06 1.46909 0.0537615 -0.0712206 -0.681777 -0.0435023 0.98087 0.266209 -0.215486 0.852441 -0.621225 -0.0650924 0.0045402 0.00472168 -1.18422 -0.215486 -0.0650924 0.00472168 1.24722 0.429874 8.03724 825.096
706 -43.1617 0.149691 970.158 -0.0519411 -0.00210028 -0.0842717 0 -1.21899 6.45297e-06 1.44743 0.0575001 -0.0729472 -0.690429 -0.0431667 0.957427 0.247424 -0.221049 0.795827 -0.629003 -0.0658188 0.00439229 0.00460736 -1.21899 -0.221049 -0.0658188 0.00460736 1.38417 0.480473 8.03724 829.44
707 -44.5654 0.148096 971.732 -0.0557511 -0.00218411 -0.0877917 0 -0.418407 4.99516e-06 1.42397 0.0611895 -0.0745557 -0.698792 -0.0435482 0.935226 0.229289 -0.200794 0.741709 -0.636366 -0.0666784 0.00425225 0.0044071 -0.418407 -0.200794 -0.0666784 0.0044071 0.835819 0.414352 8.03724 833.834
708 -46.2466 0.14638 973.313 -0.0603392 -0.00209949 -0.0875635 0 -0.648055 3.25818e-06 1.38846 0.0658047 -0.076466 -0.708916 -0.042345 0.908568 0.20986 -0.188856 0.683866 -0.645216 -0.0677831 0.00408395 0.0040201 -0.648055 -0.188856 -0.0677831 0.0040201 0.987285 0.343267 8.03724 838.235
709 -47.6427 0.144765 974.892 -0.0641353 -0.00203351 -0.0860799 0 -0.666852 1.82566e-06 1.35988 0.0697712 -0.0779765 -0.7171 -0.041532 0.886493 0.192281 -0.192002 0.632395 -0.652562 -0.0684825 0.00394427 0.00393641 -0.666852 -0.192002 -0.0684825 0.00393641 0.830461 0.384741 8.03724 842.572
710 -48.8854 0.143231 976.476 -0.0675145 -0.00199759 -0.0843262 0 -1.13659 5.59434e-07 1.33281 0.0733993 -0.0792565 -0.724465 -0.0417923 0.866864 0.176026 -0.186034 0.585267 -0.659112 -0.0691724 0.00381971 0.00382294 -1.13659 -0.186034 -0.0691724 0.00382294 0.942637 0.322947 8.03724 846.852
711 -49.8108 0.141781 978.068 -0.0700145 -0.00197855 -0.0823615 0 -1.15494 -3.7235e-07 1.31394 0.0761433 -0.0800974 -0.729963 -0.042494 0.85232 0.161833 -0.185868 0.544876 -0.663981 -0.0697094 0.00372712 0.00364807 -1.15494 -0.185868 -0.0697094 0.00364807 1.16372 0.445897 8.03724 851.239
712 -50.8859 0.140411 979.673 -0.0729169 -0.00197304 -0.0806158 0 -0.23623 -1.43766e-06 1.28692 0.0793576 -0.081071 -0.736348 -0.0437126 0.835555 0.147743 -0.186856 0.50438 -0.669613 -0.0703549 0.00362001 0.00350691 -0.23623 -0.186856 -0.0703549 0.00350691 0.621711 0.301928 8.03724 855.43
713 -52.2648 0.138884 981.27 -0.0766745 -0.00181468 -0.0755282 0 -0.241472 -2.79424e-06 1.24786 0.0835423 -0.0823 -0.744612 -0.0422035 0.814071 0.133114 -0.16467 0.461764 -0.676867 -0.0712272 0.00348206 0.00327881 -0.241472 -0.16467 -0.0712272 0.00327881 0.560374 0.270349 8.03724 859.559
714 -53.6047 0.137372 982.86 -0.0803308 -0.00165464 -0.069966 0 0 -4.09147e-06 1.20923 0.0876264 -0.08332 -0.7526 -0.0403996 0.793349 0.119456 -0.159004 0.422111 -0.683909 -0.0720394 0.00334814 0.00305753 0 -0.159004 -0.0720394 0.00305753 0.530527 0.274702 8.03724 863.712
715 -54.7252 0.135983 984.439 -0.0833981 -0.0015465 -0.0653774 0 0 -5.15491e-06 1.17703 0.0910372 -0.0839127 -0.759233 -0.0394203 0.776121 0.107426 -0.159443 0.387569 -0.689804 -0.072665 0.00323605 0.00294777 0 -0.159443 -0.072665 0.00294777 0.462861 0.278039 8.03724 867.76
716 -55.4692 0.134738 986.013 -0.0854521 -0.0015109 -0.0625416 0 -0.766597 -5.83929e-06 1.1566 0.093299 -0.0839419 -0.763514 -0.0397935 0.764685 0.0974315 -0.1794 0.359497 -0.693739 -0.0729363 0.00316121 0.00299814 -0.766597 -0.1794 -0.0729363 0.00299814 0.883674 0.357571 8.03724 871.735
717 -56.3805 0.133522 987.587 -0.0879537 -0.00151704 -0.0610666 0 0 -6.66431e-06 1.12837 0.0960141 -0.0841085 -0.768865 -0.0407439 0.750887 0.087761 -0.176945 0.331438 -0.698513 -0.073423 0.00307043 0.00293927 0 -0.176945 -0.073423 0.00293927 0.506974 0.244334 8.03724 875.567
718 -57.2609 0.132318 989.14 -0.0904 -0.00145588 -0.0582791 0 -0.263046 -7.44848e-06 1.10036 0.0986096 -0.084048 -0.774023 -0.0400944 0.737563 0.0788978 -0.183035 0.305489 -0.703151 -0.0738534 0.00298222 0.0028906 -0.263046 -0.183035 -0.0738534 0.0028906 0.671307 0.278149 8.03724 879.28
719 -58.1999 0.131108 990.675 -0.09302 -0.00139719 -0.0558592 0 -0.267259 -8.27043e-06 1.0694 0.101311 -0.0838679 -0.77957 -0.0392953 0.723471 0.0706212 -0.176134 0.280718 -0.708091 -0.0743667 0.00288827 0.00278843 -0.267259 -0.176134 -0.0743667 0.00278843 0.624692 0.26734 8.03724 882.941
720 -59.0754 0.129943 992.189 -0.0954794 -0.00135423 -0.0540971 0 0 -9.01378e-06 1.0401 0.103752 -0.0834167 -0.784708 -0.0386876 0.710447 0.0632086 -0.172636 0.258247 -0.71269 -0.0748193 0.00280083 0.00274783 0 -0.172636 -0.0748193 0.00274783 0.482084 0.243441 8.03724 886.491
721 -59.6991 0.128833 993.687 -0.0972798 -0.00132839 -0.0529624 0 -0.821324 -9.51162e-06 1.0193 0.105452 -0.0824966 -0.788389 -0.0383422 0.701151 0.0569675 -0.181856 0.239471 -0.715993 -0.0751343 0.00273801 0.00269755 -0.821324 -0.181856 -0.0751343 0.00269755 1.01243 0.348164 8.03724 890.084
722 -60.2433 0.127898 995.173 -0.0988549 -0.0013657 -0.0535998 0 -0.276092 -9.91826e-06 1.00067 0.106877 -0.0815081 -0.791541 -0.0393829 0.693174 0.0514705 -0.186415 0.222589 -0.718842 -0.0753828 0.00268383 0.0027055 -0.276092 -0.186415 -0.0753828 0.0027055 0.680863 0.291989 8.03724 893.442
723 -60.9514 0.126907 996.645 -0.100903 -0.00135366 -0.0533734 0 0 -1.0464e-05 0.975397 0.108671 -0.0805864 -0.795829 -0.0391826 0.682824 0.0461725 -0.169242 0.205473 -0.72256 -0.0758828 0.00261314 0.0025732 0 -0.169242 -0.0758828 0.0025732 0.38509 0.210385 8.03724 896.893
724 -61.6523 0.125826 998.107 -0.102961 -0.00131569 -0.0527611 0 -0.28242 -1.09911e-05 0.950088 0.110372 -0.0794246 -0.800055 -0.0381897 0.672606 0.0413692 -0.157787 0.189552 -0.726254 -0.0763435 0.00254288 0.00244296 -0.28242 -0.157787 -0.0763435 0.00244296 0.518572 0.229612 8.03724 900.441
725 -62.2415 0.124817 999.562 -0.104723 -0.00131497 -0.053235 0 0 -1.14019e-05 0.928635 0.111724 -0.078057 -0.803555 -0.0380586 0.664108 0.0372014 -0.157346 0.175506 -0.729346 -0.0766935 0.00248408 0.00237193 0 -0.157346 -0.0766935 0.00237193 0.433745 0.20496 8.03724 903.888
726 -62.8251 0.123817 1001.01 -0.1065 -0.00129969 -0.0535426 0 -0.288133 -1.17978e-05 0.907038 0.113 -0.0765338 -0.80704 -0.0374689 0.655699 0.0334308 -0.15278 0.162406 -0.732424 -0.0770418 0.00242555 0.00231463 -0.288133 -0.15278 -0.0770418 0.00231463 0.380016 0.194841 8.03724 907.245
727 -63.3766 0.122836 1002.44 -0.108201 -0.0012904 -0.0541567 0 0 -1.21509e-05 0.886463 0.114129 -0.074891 -0.810275 -0.037041 0.647839 0.0300695 -0.154109 0.150393 -0.735317 -0.0773286 0.00237053 0.0022805 0 -0.154109 -0.0773286 0.0022805 0.356714 0.196134 8.03724 910.581
728 -63.8408 0.121902 1003.86 -0.109692 -0.00128799 -0.0550525 0 -0.584338 -1.24211e-05 0.868703 0.115029 -0.0731402 -0.812929 -0.0368309 0.641199 0.0271339 -0.168924 0.139668 -0.737775 -0.0774774 0.00232378 0.00232276 -0.584338 -0.168924 -0.0774774 0.00232276 0.779804 0.235809 8.03724 913.754
729 -64.3364 0.121024 1005.26 -0.111276 -0.00128728 -0.0561367 0 0 -1.27034e-05 0.849759 0.115918 -0.0713973 -0.815778 -0.0365966 0.634233 0.0244559 -0.173881 0.129491 -0.740367 -0.0776852 0.00227449 0.00233213 0 -0.173881 -0.0776852 0.00233213 0.460513 0.207614 8.03724 916.802
730 -64.8046 0.12018 1006.64 -0.112813 -0.0012802 -0.0571445 0 0 -1.29547e-05 0.831586 0.116699 -0.0695801 -0.818499 -0.036183 0.627649 0.0220641 -0.172172 0.120122 -0.74283 -0.0778961 0.00222765 0.00233046 0 -0.172172 -0.0778961 0.00233046 0.478629 0.218573 8.03724 919.72
731 -65.1857 0.119376 1008 -0.114127 -0.00128695 -0.0585874 0 0 -1.31238e-05 0.816478 0.117287 -0.0677247 -0.820758 -0.0361328 0.622315 0.019989 -0.16958 0.11182 -0.744835 -0.0781126 0.00218953 0.00231382 0 -0.16958 -0.0781126 0.00231382 0.451247 0.203283 8.03724 922.655
732 -65.5885 0.11859 1009.34 -0.115523 -0.0012844 -0.0598505 0 0 -1.33032e-05 0.800428 0.11786 -0.0659064 -0.823096 -0.0358594 0.616703 0.0180974 -0.176597 0.103957 -0.746954 -0.0782906 0.00214923 0.00229689 0 -0.176597 -0.0782906 0.00229689 0.554228 0.227107 8.03724 925.427
733 -65.9515 0.117846 1010.65 -0.116827 -0.00128607 -0.0612814 0 0 -1.34421e-05 0.785751 0.118331 -0.0640904 -0.825223 -0.0356819 0.611668 0.016423 -0.179181 0.096803 -0.748864 -0.0784715 0.00211291 0.00228015 0 -0.179181 -0.0784715 0.00228015 0.537017 0.225063 8.03724 928.122
734 -66.2396 0.117149 1011.94 -0.117938 -0.00129925 -0.0630752 0 0 -1.35138e-05 0.773733 0.118672 -0.0623058 -0.826797 -0.0357864 0.607686 0.0149676 -0.197854 0.0904547 -0.75038 -0.0785012 0.00208409 0.00235611 0 -0.197854 -0.0785012 0.00235611 0.626277 0.253054 8.03724 930.646
735 -66.5219 0.116491 1013.2 -0.11905 -0.00131013 -0.064835 0 0 -1.35757e-05 0.761815 0.118979 -0.0606321 -0.828423 -0.0358802 0.603799 0.013658 -0.200132 0.0845527 -0.751865 -0.0786133 0.00205584 0.00237764 0 -0.200132 -0.0786133 0.00237764 0.572396 0.244876 8.03724 933.095
736 -66.7889 0.115839 1014.43 -0.120133 -0.00132091 -0.0666163 0 0 -1.36206e-05 0.750382 0.119242 -0.0590488 -0.829996 -0.0359812 0.600136 0.0124856 -0.194436 0.0791102 -0.75327 -0.0787554 0.00202913 0.00236252 0 -0.194436 -0.0787554 0.00236252 0.558772 0.232869 8.03724 935.586
737 -67.0352 0.115207 1015.65 -0.121174 -0.00133275 -0.0684472 0 0 -1.3645e-05 0.739646 0.119461 -0.0575477 -0.831491 -0.0361025 0.596766 0.011439 -0.186844 0.0741172 -0.754566 -0.0789297 0.00200449 0.00232809 0 -0.186844 -0.0789297 0.00232809 0.482966 0.218993 8.03724 938.066
738 -67.2776 0.114562 1016.86 -0.122218 -0.00134251 -0.0702283 0 0 -1.36622e-05 0.729015 0.119653 -0.0561326 -0.833092 -0.0361891 0.593462 0.0104959 -0.167103 0.0694848 -0.75584 -0.0792325 0.00198025 0.00217334 0 -0.167103 -0.0792325 0.00217334 0.428123 0.206057 8.03724 940.686
739 -67.506 0.113921 1018.06 -0.123237 -0.00135202 -0.0720097 0 0 -1.36651e-05 0.718862 0.119814 -0.0547836 -0.83452 -0.0362596 0.590356 0.00965062 -0.162805 0.0652243 -0.757042 -0.0794361 0.0019574 0.0020982 0 -0.162805 -0.0794361 0.0020982 0.401915 0.198577 8.03724 943.278
740 -67.7202 0.113292 1019.26 -0.12423 -0.00136201 -0.0738111 0 0 -1.3654e-05 0.709207 0.119945 -0.0535031 -0.835883 -0.0363508 0.587452 0.00889321 -0.153264 0.0613121 -0.758168 -0.0796504 0.00193598 0.00202589 0 -0.153264 -0.0796504 0.00202589 0.340148 0.182075 8.03724 945.887
741 -67.9201 0.11266 1020.45 -0.125195 -0.00137237 -0.075625 0 0 -1.36294e-05 0.700052 0.12005 -0.0522886 -0.837108 -0.0364511 0.584748 0.00821443 -0.153129 0.0577239 -0.75922 -0.0798043 0.00191598 0.00197449 0 -0.153129 -0.0798043 0.00197449 0.33637 0.173254 8.03724 948.507
742 -68.0973 0.112071 1021.62 -0.126108 -0.00138523 -0.0775194 0 0 -1.35856e-05 0.691703 0.120129 -0.0511414 -0.838076 -0.0366111 0.582357 0.00760958 -0.163771 0.0544615 -0.760152 -0.0798221 0.00189824 0.00202482 0 -0.163771 -0.0798221 0.00202482 0.420333 0.197326 8.03724 950.904
743 -68.2587 0.111489 1022.79 -0.126986 -0.00139968 -0.0794628 0 0 -1.35285e-05 0.683906 0.120189 -0.0500744 -0.839065 -0.0368244 0.580183 0.00706826 -0.159592 0.0514819 -0.761002 -0.0799453 0.00188209 0.00199218 0 -0.159592 -0.0799453 0.00199218 0.401573 0.186667 8.03724 953.337
744 -68.4056 0.110926 1023.94 -0.127833 -0.0014153 -0.0814395 0 0 -1.34594e-05 0.676621 0.120234 -0.049085 -0.839959 -0.0370672 0.57821 0.0065834 -0.156256 0.0487615 -0.761774 -0.0800517 0.0018674 0.00196596 0 -0.156256 -0.0800517 0.00196596 0.407304 0.186512 8.03724 955.701
745 -68.5342 0.110396 1025.08 -0.128636 -0.00143298 -0.0834787 0 0 -1.33763e-05 0.669976 0.120266 -0.0481707 -0.840665 -0.037357 0.576485 0.0061504 -0.16286 0.0462907 -0.762451 -0.0800686 0.00185453 0.00199179 0 -0.16286 -0.0800686 0.00199179 0.447325 0.203601 8.03724 957.911
746 -68.6396 0.109892 1026.21 -0.12938 -0.00145415 -0.0856297 0 0 -1.32766e-05 0.664147 0.120286 -0.0473356 -0.841157 -0.0377296 0.575072 0.00576554 -0.181013 0.0440634 -0.763006 -0.0799953 0.00184398 0.00207265 0 -0.181013 -0.0799953 0.00207265 0.629993 0.236222 8.03724 959.976
747 -68.7206 0.109437 1027.3 -0.130058 -0.00147988 -0.0879306 0 0 -1.316e-05 0.659174 0.120298 -0.046591 -0.84158 -0.0382183 0.573989 0.00542439 -0.180305 0.0420651 -0.763432 -0.0799833 0.00183587 0.00213498 0 -0.180305 -0.0799833 0.00213498 0.486447 0.21741 8.03724 961.94
748 -68.796 0.108981 1028.38 -0.130725 -0.00150549 -0.0902138 0 0 -1.304e-05 0.654376 0.120307 -0.0459388 -0.842063 -0.0387156 0.572981 0.00511704 -0.175102 0.0402364 -0.763829 -0.0800626 0.00182833 0.00209193 0 -0.175102 -0.0800626 0.00209193 0.512967 0.220305 8.03724 963.968
749 -68.8598 0.108544 1029.44 -0.131362 -0.00153241 -0.0925286 0 0 -1.29129e-05 0.649978 0.120312 -0.0453631 -0.842442 -0.0392369 0.57213 0.00484179 -0.176681 0.0385785 -0.764165 -0.0800993 0.00182194 0.00209662 0 -0.176681 -0.0800993 0.00209662 0.486462 0.212632 8.03724 965.941
750 -68.916 0.108107 1030.48 -0.13198 -0.00156 -0.0948524 0 0 -1.27817e-05 0.645836 0.120315 -0.0448599 -0.842809 -0.0397808 0.571379 0.00459442 -0.174631 0.0370706 -0.764461 -0.0801644 0.00181631 0.00207047 0 -0.174631 -0.0801644 0.00207047 0.463954 0.202036 8.03724 967.919
751 -68.9509 0.107698 1031.5 -0.132538 -0.00159149 -0.097301 0 0 -1.26378e-05 0.642435 0.120316 -0.0444193 -0.842894 -0.0403975 0.570912 0.0043756 -0.194614 0.0357296 -0.764645 -0.0800619 0.00181281 0.00214827 0 -0.194614 -0.0800619 0.00214827 0.601516 0.237448 8.03724 969.632
752 -68.9663 0.107326 1032.49 -0.133039 -0.00162754 -0.0998995 0 0 -1.24828e-05 0.639707 0.120317 -0.0440542 -0.842915 -0.0411293 0.570707 0.00418235 -0.194542 0.034541 -0.764726 -0.0800004 0.00181127 0.00222025 0 -0.194542 -0.0800004 0.00222025 0.630239 0.250031 8.03724 971.263
753 -68.972 0.106979 1033.45 -0.13351 -0.00166515 -0.102533 0 0 -1.23237e-05 0.637297 0.120317 -0.0437644 -0.842862 -0.0418997 0.57063 0.00401 -0.207545 0.0334756 -0.764756 -0.0799166 0.00181069 0.00226047 0 -0.207545 -0.0799166 0.00226047 0.75531 0.268488 8.03724 972.788
754 -68.9573 0.106657 1034.37 -0.133919 -0.00170798 -0.105338 0 0 -1.21539e-05 0.635583 0.120316 -0.0435462 -0.842758 -0.0427841 0.570826 0.00385906 -0.208195 0.0325451 -0.764679 -0.0798907 0.00181216 0.00227787 0 -0.208195 -0.0798907 0.00227787 0.782056 0.27642 8.03724 974.204
755 -68.9384 0.106359 1035.27 -0.134313 -0.00175137 -0.108136 0 0 -1.19841e-05 0.633991 0.120316 -0.0434016 -0.842618 -0.0436873 0.571076 0.0037242 -0.212051 0.0317116 -0.76458 -0.079852 0.00181404 0.00230948 0 -0.212051 -0.079852 0.00230948 0.733874 0.278974 8.03724 975.536
756 -68.8995 0.106099 1036.13 -0.134644 -0.00179984 -0.111093 0 0 -1.18049e-05 0.63307 0.120314 -0.0433177 -0.842176 -0.0446863 0.571592 0.00360714 -0.235739 0.0309956 -0.764377 -0.0796176 0.00181791 0.00246506 0 -0.235739 -0.0796176 0.00246506 0.956276 0.343247 8.03724 976.577
757 -68.8327 0.105894 1036.95 -0.134885 -0.0018567 -0.114329 0 0 -1.16118e-05 0.633091 0.12031 -0.0433058 -0.841617 -0.0458703 0.572482 0.00350816 -0.257966 0.0304048 -0.764026 -0.0794163 0.00182458 0.00259107 0 -0.257966 -0.0794163 0.00259107 0.973555 0.345809 8.03724 977.478
758 -68.7551 0.105677 1037.73 -0.135086 -0.00191794 -0.117689 0 0 -1.14158e-05 0.633448 0.120303 -0.04338 -0.841201 -0.0471711 0.573518 0.00342276 -0.245861 0.0299048 -0.763618 -0.0794155 0.00183235 0.00259172 0 -0.245861 -0.0794155 0.00259172 0.786291 0.31082 8.03724 978.536
759 -68.6906 0.105408 1038.49 -0.135321 -0.00197525 -0.120861 0 0 -1.1231e-05 0.633328 0.120294 -0.043525 -0.840922 -0.0483928 0.57438 0.00334525 -0.237389 0.0294502 -0.763278 -0.0794829 0.0018388 0.00248076 0 -0.237389 -0.0794829 0.00248076 0.813204 0.295849 8.03724 979.76
760 -68.6213 0.105158 1039.22 -0.135535 -0.00203396 -0.124046 0 0 -1.10468e-05 0.633356 0.120283 -0.0437107 -0.840463 -0.04962 0.575306 0.00327792 -0.241534 0.0290645 -0.762914 -0.0793943 0.00184573 0.00253141 0 -0.241534 -0.0793943 0.00253141 0.809961 0.307898 8.03724 980.754
761 -68.5505 0.104912 1039.93 -0.135738 -0.00209376 -0.127231 0 0 -1.0865e-05 0.633422 0.12027 -0.043934 -0.84007 -0.0508712 0.576254 0.00321937 -0.233705 0.028738 -0.762542 -0.0793815 0.00185281 0.00252033 0 -0.233705 -0.0793815 0.00252033 0.861926 0.316736 8.03724 981.803
762 -68.4851 0.104667 1040.63 -0.135951 -0.00215192 -0.130318 0 0 -1.06894e-05 0.633293 0.120255 -0.044186 -0.839806 -0.0520846 0.57713 0.00316753 -0.223281 0.028455 -0.762198 -0.0794676 0.00185935 0.00244641 0 -0.223281 -0.0794676 0.00244641 0.711329 0.277034 8.03724 983.02
763 -68.4058 0.10443 1041.31 -0.136116 -0.0022143 -0.133515 0 0 -1.05094e-05 0.633627 0.120235 -0.0444517 -0.839159 -0.0533511 0.578192 0.00312499 -0.253636 0.0282409 -0.761781 -0.0792453 0.00186726 0.00256325 0 -0.253636 -0.0792453 0.00256325 0.940061 0.337574 8.03724 983.974
764 -68.3009 0.10425 1041.96 -0.136194 -0.00228742 -0.137056 0 0 -1.03186e-05 0.634803 0.120204 -0.0447509 -0.838434 -0.0548533 0.579599 0.00309336 -0.263522 0.028112 -0.76123 -0.0790812 0.00187775 0.00268005 0 -0.263522 -0.0790812 0.00268005 0.985327 0.338964 8.03724 984.757
765 -68.1868 0.104102 1042.58 -0.136234 -0.00236492 -0.140699 0 0 -1.01267e-05 0.636259 0.120164 -0.0450998 -0.837637 -0.0564553 0.581132 0.00306946 -0.277732 0.0280413 -0.760631 -0.0788951 0.00188915 0.00275159 0 -0.277732 -0.0788951 0.00275159 1.07947 0.384399 8.03724 985.366
766 -68.0695 0.103938 1043.16 -0.136254 -0.00244594 -0.144411 0 0 -9.93673e-06 0.637792 0.120118 -0.0454996 -0.837014 -0.0581434 0.582712 0.0030519 -0.261127 0.0280176 -0.760014 -0.0789013 0.00190088 0.00272149 0 -0.261127 -0.0789013 0.00272149 0.95748 0.343955 8.03724 986.119
767 -67.9469 0.103796 1043.72 -0.136249 -0.00252936 -0.148143 0 0 -9.74782e-06 0.639474 0.120064 -0.0459346 -0.836157 -0.0598497 0.584365 0.00304043 -0.277534 0.02804 -0.759369 -0.0787007 0.00191314 0.00282412 0 -0.277534 -0.0787007 0.00282412 1.12775 0.401878 8.03724 986.635
768 -67.8059 0.103696 1044.24 -0.136177 -0.00262184 -0.152124 0 0 -9.55317e-06 0.641736 0.119993 -0.0464058 -0.835124 -0.0617328 0.586268 0.00303691 -0.306777 0.0281268 -0.758628 -0.0784232 0.00192722 0.00298036 0 -0.306777 -0.0784232 0.00298036 1.36114 0.44792 8.03724 986.882
769 -67.6391 0.103658 1044.71 -0.136012 -0.00272835 -0.15651 0 0 -9.34932e-06 0.64481 0.119898 -0.046928 -0.83394 -0.0639061 0.588524 0.00304249 -0.31672 0.0282893 -0.757752 -0.0781319 0.00194389 0.00315334 0 -0.31672 -0.0781319 0.00315334 1.36992 0.473451 8.03724 986.785
770 -67.4216 0.103638 1045.12 -0.135674 -0.00285978 -0.161635 0 0 -9.12409e-06 0.649505 0.119758 -0.0475004 -0.832517 -0.0664738 0.591475 0.00306105 -0.334686 0.0285647 -0.756608 -0.077874 0.00196564 0.00324818 0 -0.334686 -0.077874 0.00324818 1.55332 0.509877 8.03724 986.766
771 -67.2322 0.103649 1045.5 -0.13541 -0.00298575 -0.166466 0 0 -8.91801e-06 0.653194 0.119621 -0.048193 -0.83135 -0.0692014 0.594051 0.00308062 -0.340293 0.0288417 -0.755613 -0.0777223 0.00198458 0.00331899 0 -0.340293 -0.0777223 0.00331899 1.51227 0.500447 8.03724 986.62
772 -67.0346 0.103649 1045.83 -0.135107 -0.00311761 -0.171369 0 0 -8.71238e-06 0.657106 0.119462 -0.0489301 -0.830103 -0.0718837 0.596744 0.00310604 -0.357301 0.0291665 -0.754574 -0.0775333 0.00200433 0.00338389 0 -0.357301 -0.0775333 0.00338389 1.6642 0.508173 8.03724 986.456
773 -66.8152 0.103716 1046.1 -0.134722 -0.00326444 -0.176627 0 0 -8.50066e-06 0.661678 0.119269 -0.0497075 -0.828536 -0.0748332 0.599741 0.00313938 -0.387954 0.0295592 -0.753421 -0.0771415 0.00202625 0.00359594 0 -0.387954 -0.0771415 0.00359594 1.94099 0.593937 8.03724 985.79
774 -66.5375 0.10388 1046.29 -0.134136 -0.00344792 -0.18288 0 0 -8.26557e-06 0.66807 0.118998 -0.0505354 -0.826427 -0.0784706 0.603546 0.00318684 -0.440802 0.0300781 -0.751962 -0.0765193 0.002054 0.00395419 0 -0.440802 -0.0765193 0.00395419 2.30564 0.70835 8.03724 984.451
775 -66.2273 0.10417 1046.38 -0.133428 -0.00366003 -0.189806 0 0 -8.02042e-06 0.675406 0.118662 -0.0514665 -0.824241 -0.082753 0.607813 0.00324534 -0.480178 0.0306941 -0.750332 -0.0759947 0.002085 0.00425626 0 -0.480178 -0.0759947 0.00425626 2.5142 0.788168 8.03724 982.644
776 -65.8723 0.104519 1046.36 -0.132558 -0.00391022 -0.197607 0 0 -7.75999e-06 0.68406 0.118236 -0.0524961 -0.821899 -0.0877248 0.612714 0.0033173 -0.52346 0.0314299 -0.748466 -0.0755533 0.00212047 0.00445184 0 -0.52346 -0.0755533 0.00445184 2.72283 0.841335 8.03724 980.672
777 -65.487 0.104941 1046.24 -0.13157 -0.0041967 -0.206143 0 0 -7.49165e-06 0.693541 0.117726 -0.053648 -0.819239 -0.0934928 0.618059 0.00340144 -0.569241 0.0322731 -0.746441 -0.0749569 0.00215898 0.00479747 0 -0.569241 -0.0749569 0.00479747 3.0817 0.919276 8.03724 978.226
778 -65.0503 0.105516 1045.98 -0.130396 -0.00453646 -0.215775 0 0 -7.20606e-06 0.704504 0.11709 -0.0549037 -0.816071 -0.100211 0.624145 0.00350189 -0.634227 0.0332624 -0.744146 -0.0741277 0.00220263 0.00523178 0 -0.634227 -0.0741277 0.00523178 3.86481 1.14624 8.03724 974.829
779 -64.5426 0.106331 1045.56 -0.128971 -0.004955 -0.227027 0 0 -6.89512e-06 0.717519 0.116278 -0.0562696 -0.812537 -0.108418 0.631258 0.00362344 -0.713801 0.0344423 -0.741479 -0.0733118 0.00225336 0.00568251 0 -0.713801 -0.0733118 0.00568251 4.1791 1.27074 8.03724 970.549
780 -63.999 0.107126 1044.98 -0.127406 -0.00544599 -0.239536 0 0 -6.57538e-06 0.731438 0.115326 -0.057774 -0.809094 -0.118059 0.638923 0.00376243 -0.737153 0.0357765 -0.738621 -0.0727805 0.00230771 0.0059237 0 -0.737153 -0.0727805 0.0059237 4.2265 1.27232 8.03724 966.553
781 -63.3424 0.108032 1044.24 -0.12545 -0.00608784 -0.254938 0 0 -6.21295e-06 0.74863 0.114072 -0.0593682 -0.804821 -0.13038 0.648241 0.00393392 -0.785056 0.0374065 -0.735169 -0.0720256 0.00237335 0.00630796 0 -0.785056 -0.0720256 0.00630796 4.46768 1.34032 8.03724 961.752
782 -62.7156 0.108993 1043.35 -0.123565 -0.0067736 -0.270399 0 0 -5.8723e-06 0.764567 0.112777 -0.0611115 -0.80089 -0.143565 0.657197 0.00411612 -0.8244 0.0391232 -0.731874 -0.0714522 0.00243601 0.00653653 0 -0.8244 -0.0714522 0.00653653 4.69064 1.3837 8.03724 956.945
783 -61.8748 0.110094 1042.32 -0.12097 -0.00771432 -0.290124 0 -0.283312 -5.44666e-06 0.786798 0.110908 -0.0627924 -0.795361 -0.160897 0.66928 0.0043526 -0.899531 0.0413385 -0.727462 -0.0704185 0.00251991 0.00705819 -0.283312 -0.899531 -0.0704185 0.00705819 5.59758 1.64381 8.03724 951.453
784 -61.0484 0.11132 1041.12 -0.118382 -0.00895134 -0.314778 0 0 -5.03577e-06 0.808067 0.10893 -0.0646732 -0.790201 -0.183727 0.681298 0.00461396 -0.927566 0.0437662 -0.72311 -0.0696945 0.00260268 0.00739707 0 -0.927566 -0.0696945 0.00739707 5.30279 1.63445 8.03724 945.512
785 -60.2749 0.112478 1039.78 -0.115948 -0.0101972 -0.337606 0 0 -4.65723e-06 0.827286 0.106977 -0.0665668 -0.785249 -0.205574 0.69261 0.00488849 -0.982539 0.0462962 -0.719044 -0.068885 0.00267999 0.00770049 0 -0.982539 -0.068885 0.00770049 6.03546 1.7903 8.03724 939.432
786 -59.36 0.113809 1038.26 -0.113035 -0.0118845 -0.366548 0 0 -4.22661e-06 0.850381 0.104553 -0.0683111 -0.779472 -0.233988 0.706093 0.0052165 -1.03066 0.049306 -0.714235 -0.0680089 0.00277145 0.00810388 0 -1.03066 -0.0680089 0.00810388 6.25519 1.86834 8.03724 932.706
787 -58.4358 0.115245 1036.57 -0.110071 -0.0139122 -0.398853 0 0 -3.80074e-06 0.873218 0.102001 -0.0699764 -0.773884 -0.26646 0.719824 0.00557786 -1.049 0.0526003 -0.709376 -0.0673717 0.00286385 0.00833785 0 -1.049 -0.0673717 0.00833785 6.14563 1.85686 8.03724 925.776
788 -57.4662 0.116651 1034.73 -0.106943 -0.0164445 -0.436198 0 0 -3.36431e-06 0.896835 0.0992334 -0.0714892 -0.767622 -0.304596 0.734333 0.00598297 -1.13635 0.0562726 -0.70428 -0.0663021 0.00296075 0.00877489 0 -1.13635 -0.0663021 0.00877489 7.32294 2.14942 8.03724 918.344
789 -56.2618 0.118435 1032.67 -0.103039 -0.0200727 -0.485111 0 0 -2.83845e-06 0.926714 0.0956963 -0.0726612 -0.759767 -0.35645 0.752508 0.00647987 -1.23393 0.0607666 -0.69795 -0.0648978 0.00308112 0.00949877 0 -1.23393 -0.0648978 0.00949877 7.99892 2.39409 8.03724 909.355
790 -54.9284 0.120423 1030.38 -0.0987016 -0.0255533 -0.551568 0 0 -2.26858e-06 0.959132 0.091694 -0.0736019 -0.751365 -0.42815 0.772804 0.00706488 -1.32096 0.0660342 -0.690943 -0.0636356 0.00321438 0.0100287 0 -1.32096 -0.0636356 0.0100287 8.48712 2.5676 8.03724 899.711
791 -53.3651 0.12265 1027.84 -0.093616 -0.0334514 -0.634375 0 -0.492448 -1.61444e-06 0.996791 0.0869484 -0.0741419 -0.74147 -0.52118 0.796778 0.00777258 -1.41179 0.072387 -0.68274 -0.0620999 0.00337037 0.0107533 -0.492448 -1.41179 -0.0620999 0.0107533 9.4672 2.83943 8.03724 888.976
792 -51.5164 0.125146 1025.03 -0.087583 -0.0473015 -0.754253 0 0 -8.51362e-07 1.04046 0.0813148 -0.0742085 -0.729865 -0.667769 0.825466 0.00864909 -1.51996 0.0802346 -0.673014 -0.0604061 0.00355533 0.0114715 0 -1.51996 -0.0604061 0.0114715 10.2348 3.07203 8.03724 877.357
793 -49.5202 0.127847 1021.96 -0.0810765 -0.0684167 -0.894253 0 0 -3.84234e-08 1.08534 0.07532 -0.0738886 -0.717493 -0.863677 0.856659 0.00968205 -1.62962 0.0894436 -0.662527 -0.0587207 0.00375477 0.0121127 0 -1.62962 -0.0587207 0.0121127 11.2205 3.3428 8.03724 864.993
794 -46.6904 0.131049 1018.58 -0.071884 -0.110683 -1.08272 0 0 1.10358e-06 1.14914 0.0671118 -0.072396 -0.699963 -1.21174 0.901215 0.011097 -1.76426 0.10207 -0.647661 -0.0563392 0.00403747 0.0129748 0 -1.76426 -0.0563392 0.0129748 12.3439 3.78018 8.03724 851.191
795 -43.2282 0.134892 1014.85 -0.0606674 -0.192536 -1.25918 0 0 2.49392e-06 1.22161 0.0577341 -0.0699251 -0.678487 -1.84915 0.955993 0.0129252 -1.94297 0.118355 -0.629478 -0.0533914 0.00438324 0.0139906 0 -1.94297 -0.0533914 0.0139906 14.5563 4.41746 8.03724 835.1
796 -38.7833 0.13971 1010.71 -0.0463208 -0.318308 -1.21669 0 -0.184779 4.27894e-06 1.30612 0.0469991 -0.0660295 -0.650839 -3.06462 1.02619 0.0153601 -2.21657 0.140017 -0.606146 -0.0495205 0.00482695 0.0152202 -0.184779 -2.21657 -0.0495205 0.0152202 16.762 5.11561 8.03724 816.578
797 -32.5375 0.145971 1006.1 -0.0262488 -0.362645 -0.698582 0 -0.642707 6.80363e-06 1.40901 0.0345424 -0.0597133 -0.612177 -5.71626 1.12326 0.0189025 -2.549 0.171478 -0.573373 -0.0442541 0.00545019 0.0162442 -0.642707 -2.549 -0.0442541 0.0162442 20.9955 6.5034 8.03724 794.883
798 -22.6962 0.155262 1001.06 0.00524151 -0.172145 -0.187475 0 -0.867667 1.08481e-05 1.53318 0.0205685 -0.0487325 -0.552861 -10.7902 1.26829 0.025536 -2.6808 0.230077 -0.521735 -0.0375584 0.00643218 0.0167045 -0.867667 -2.6808 -0.0375584 0.0167045 25.9302 8.61663 8.03724 770.751
799 -8.41142 0.16791 995.909 0.0507784 -0.0374531 -0.0352529 0 -3.63596 1.70001e-05 1.58314 0.00921974 -0.0317222 -0.470003 -11.595 1.45151 0.047086 -2.29078 0.416444 -0.446679 -0.0311829 0.00785949 0.0167631 -3.63596 -2.29078 -0.0311829 0.0167631 25.9639 8.95181 8.03724 749.61
800 3.82335 0.18048 991.063 0.0894514 -0.00897425 -0.00811139 0 -5.38351 2.31749e-05 1.38834 0.00448643 -0.0165145 -0.400286 -4.86246 1.57701 0.118396 -1.77454 0.997833 -0.382178 -0.0271943 0.0090861 0.0166878 -5.38351 -1.77454 -0.0271943 0.0166878 22.408 7.67982 8.03724 733.483
801 10.3594 0.189941 986.593 0.109369 -0.00366918 -0.00319559 0 -6.24122 2.82506e-05 1.0946 0.00302693 -0.00830404 -0.364331 -1.06594 1.63185 0.249476 -1.335 1.9543 -0.347695 -0.0263781 0.00974185 0.016433 -6.24122 -1.335 -0.0263781 0.016433 18.0555 6.00992 8.03724 722.472
802 12.8387 0.19603 982.506 0.116031 -0.00222417 -0.00189645 0 -5.37961 3.26838e-05 0.874255 0.00260274 -0.00517972 -0.352016 -0.164878 1.65059 0.405149 -1.00246 2.92057 -0.334577 -0.0274297 0.0099913 0.0159793 -5.37961 -1.00246 -0.0274297 0.0159793 13.4471 4.45887 8.03724 716.657
803 12.9954 0.199641 978.831 0.115288 -0.00160275 -0.00137001 0 -4.53274 3.65178e-05 0.75558 0.0025766 -0.00495886 -0.352565 -0.0237637 1.6518 0.551173 -0.806033 3.64776 -0.333702 -0.0288702 0.0100079 0.0154982 -4.53274 -0.806033 -0.0288702 0.0154982 10.9024 3.61982 8.03724 714.182
804 12.1434 0.202005 975.567 0.111483 -0.00122481 -0.00106422 0 -3.91233 3.98107e-05 0.711263 0.00271218 -0.00599083 -0.358316 -0.00373973 1.6456 0.67387 -0.714695 4.09788 -0.33815 -0.0300896 0.00992336 0.0151788 -3.91233 -0.714695 -0.0300896 0.0151788 9.2484 3.17832 8.03724 713.233
805 9.84773 0.202898 972.717 0.103459 -0.00098132 -0.000885759 0 -4.12886 4.1737e-05 0.713545 0.00311591 -0.00880462 -0.373091 -0.00079815 1.62811 0.758491 -0.583053 4.25256 -0.350219 -0.0325663 0.00969385 0.0144921 -4.12886 -0.583053 -0.0325663 0.0144921 7.7599 2.54094 8.03724 714.25
806 7.47978 0.20299 970.276 0.0954731 -0.000789219 -0.00074258 0 -4.11182 4.2949e-05 0.752067 0.00359322 -0.0116938 -0.387602 -0.000308194 1.60904 0.811354 -0.527741 4.21742 -0.362668 -0.034391 0.0094571 0.0139609 -4.11182 -0.527741 -0.034391 0.0139609 6.9973 2.31502 8.03724 716.383
807 4.82987 0.202441 968.235 0.0868686 -0.000639983 -0.000635486 0 -4.22829 4.33321e-05 0.808435 0.00421167 -0.0149181 -0.403663 -0.000268945 1.58643 0.835168 -0.494094 4.05157 -0.376609 -0.036246 0.009192 0.0134296 -4.22829 -0.494094 -0.036246 0.0134296 6.70235 2.13932 8.03724 719.226
808 2.20626 0.201566 966.563 0.0785536 -0.000518775 -0.000554252 0 -3.29369 4.32106e-05 0.873821 0.00492303 -0.0180918 -0.419635 -0.000364842 1.56272 0.838373 -0.438608 3.82286 -0.390385 -0.0381803 0.00893003 0.0129172 -3.29369 -0.438608 -0.0381803 0.0129172 5.26847 1.83168 8.03724 722.618
809 -0.356908 0.200207 965.244 0.0705565 -0.000420172 -0.000502446 0 -3.8907 4.26827e-05 0.944616 0.00573145 -0.0211915 -0.435136 -0.000560092 1.53817 0.826113 -0.408983 3.56761 -0.403885 -0.0399244 0.0086733 0.0123961 -3.8907 -0.408983 -0.0399244 0.0123961 5.15357 1.68592 8.03724 726.594
810 -2.43566 0.198742 964.26 0.0641206 -0.000335954 -0.000472617 0 -3.3131 4.22385e-05 1.01723 0.00647723 -0.0236853 -0.447397 -0.000841289 1.51733 0.807989 -0.42394 3.32742 -0.414807 -0.0410554 0.0084656 0.0121011 -3.3131 -0.42394 -0.0410554 0.0121011 4.7268 1.63347 8.03724 730.87
811 -4.76658 0.197159 963.573 0.0570389 -0.000270721 -0.000485564 0 -3.34643 4.12865e-05 1.08292 0.00742508 -0.0264856 -0.46131 -0.00125158 1.49289 0.780474 -0.417184 3.08442 -0.427071 -0.0424706 0.00823236 0.0116859 -3.34643 -0.417184 -0.0424706 0.0116859 4.81667 1.58982 8.03724 734.975
812 -6.61107 0.195741 963.139 0.0514505 -0.00021534 -0.000526304 0 -3.41744 4.05591e-05 1.14713 0.00826749 -0.0286903 -0.472178 -0.0017806 1.47276 0.753381 -0.418643 2.87287 -0.436778 -0.0434475 0.00804777 0.0115055 -3.41744 -0.418643 -0.0434475 0.0115055 4.62959 1.56963 8.03724 738.947
813 -8.5169 0.194143 962.945 0.0457502 -0.000171734 -0.000613717 0 -3.43871 3.9591e-05 1.20399 0.00923249 -0.0309673 -0.483839 -0.0024763 1.45124 0.723288 -0.375747 2.67425 -0.446805 -0.0448914 0.00785709 0.0110277 -3.43871 -0.375747 -0.0448914 0.0110277 3.7943 1.32687 8.03724 743.367
814 -10.3911 0.192298 962.981 0.0402134 -0.000137015 -0.000761463 0 -2.37222 3.84966e-05 1.25653 0.0102815 -0.0331986 -0.49511 -0.00338704 1.42943 0.692281 -0.355929 2.49274 -0.456637 -0.0461428 0.00767012 0.0105491 -2.37222 -0.355929 -0.0461428 0.0105491 3.4805 1.27761 8.03724 747.988
815 -12.523 0.190296 963.213 0.0339838 -0.000110515 -0.00102599 0 -1.81086 3.69887e-05 1.30502 0.011613 -0.0357458 -0.507902 -0.00466445 1.40374 0.65839 -0.340915 2.31908 -0.467838 -0.0475203 0.00745711 0.0100764 -1.81086 -0.340915 -0.0475203 0.0100764 3.22232 1.20351 8.03724 752.581
816 -14.5258 0.188127 963.624 0.0281371 -8.97082e-05 -0.00144838 0 -3.79263 3.54534e-05 1.35566 0.0130186 -0.0381531 -0.520139 -0.00640793 1.37864 0.625756 -0.309948 2.16514 -0.478426 -0.0489686 0.00725576 0.00946049 -3.79263 -0.309948 -0.0489686 0.00946049 3.67248 1.16701 8.03724 757.676
817 -15.6701 0.186401 964.218 0.0248118 -7.18352e-05 -0.00180272 0 -2.82402 3.47197e-05 1.40452 0.0138833 -0.0395038 -0.526628 -0.00824941 1.36409 0.60152 -0.340665 2.0491 -0.484422 -0.0493476 0.00714174 0.00953997 -2.82402 -0.340665 -0.0493476 0.00953997 3.23724 1.13774 8.03724 762.49
818 -16.961 0.184576 964.969 0.0210807 -5.92454e-05 -0.00226629 0 -2.83294 3.37628e-05 1.44124 0.0149271 -0.0410389 -0.534241 -0.0102862 1.34731 0.576859 -0.336778 1.93857 -0.491214 -0.05004 0.00701258 0.00938546 -2.83294 -0.336778 -0.05004 0.00938546 3.29128 1.14138 8.03724 767.294
819 -18.7194 0.182662 965.863 0.016052 -5.22554e-05 -0.00295636 0 -2.88251 3.22474e-05 1.4648 0.0164657 -0.0431405 -0.544906 -0.0126828 1.32397 0.549365 -0.315285 1.82488 -0.500465 -0.051277 0.00683665 0.00895079 -2.88251 -0.315285 -0.051277 0.00895079 2.94847 0.964979 8.03724 772.06
820 -20.1746 0.180757 966.868 0.0119044 -5.06503e-05 -0.00392245 0 -3.11537 3.0977e-05 1.4948 0.0178488 -0.0448786 -0.553426 -0.0154552 1.30423 0.525382 -0.324236 1.72856 -0.508127 -0.0519893 0.00669094 0.00877352 -3.11537 -0.324236 -0.0519893 0.00877352 3.35355 1.0566 8.03724 776.741
821 -21.6077 0.178978 967.972 0.00785976 -5.42956e-05 -0.00504839 0 -2.05104 2.96816e-05 1.51956 0.0193068 -0.0465836 -0.561649 -0.0185637 1.28452 0.502651 -0.353363 1.64042 -0.515639 -0.0525577 0.0065481 0.00876488 -2.05104 -0.353363 -0.0525577 0.00876488 2.74682 0.992034 8.03724 781.167
822 -22.7945 0.177363 969.162 0.00451478 -6.24378e-05 -0.00625782 0 -1.86652 2.86009e-05 1.54243 0.0205988 -0.0479973 -0.568895 -0.0218566 1.26791 0.48271 -0.320279 1.5644 -0.521877 -0.0534477 0.00642947 0.00844859 -1.86652 -0.320279 -0.0534477 0.00844859 2.40096 0.901695 8.03724 785.72
823 -24.6492 0.175391 970.44 -0.000684571 -8.75663e-05 -0.00837045 0 -1.83196 2.67536e-05 1.55095 0.0227756 -0.0502192 -0.580361 -0.025171 1.24149 0.458707 -0.27407 1.47823 -0.531632 -0.0549733 0.00624397 0.00768667 -1.83196 -0.27407 -0.0549733 0.00768667 2.33458 0.827837 8.03724 790.614
824 -26.6547 0.173335 971.786 -0.00628009 -0.000139271 -0.0115731 0 -1.65854 2.46938e-05 1.5575 0.025357 -0.0526233 -0.592422 -0.0285097 1.21236 0.434599 -0.252555 1.39445 -0.542176 -0.0562893 0.00604344 0.00719298 -1.65854 -0.252555 -0.0562893 0.00719298 2.06307 0.776216 8.03724 795.462
825 -28.7035 0.171195 973.191 -0.0119854 -0.000232922 -0.0161853 0 -2.33522 2.2538e-05 1.56263 0.0282629 -0.0550856 -0.604749 -0.0316767 1.18199 0.41101 -0.245284 1.31457 -0.552972 -0.0576148 0.00583814 0.00669747 -2.33522 -0.245284 -0.0576148 0.00669747 2.26547 0.705048 8.03724 800.441
826 -30.4573 0.169182 974.649 -0.0168195 -0.000365475 -0.0217122 0 -0.914462 2.06823e-05 1.57017 0.0309592 -0.0571796 -0.614996 -0.0348537 1.15574 0.390224 -0.251363 1.24522 -0.562161 -0.058499 0.00566341 0.006523 -0.914462 -0.251363 -0.058499 0.006523 1.69992 0.690502 8.03724 805.341
827 -32.6301 0.167035 976.147 -0.0228224 -0.000572121 -0.0295363 0 -1.12718 1.8334e-05 1.56302 0.0346172 -0.0597871 -0.627997 -0.0369084 1.1226 0.366924 -0.232994 1.16923 -0.573596 -0.0598469 0.00544594 0.00610111 -1.12718 -0.232994 -0.0598469 0.00610111 1.46903 0.6093 8.03724 810.234
828 -34.5623 0.164995 977.681 -0.0281417 -0.000839014 -0.0388329 0 -1.51551 1.62276e-05 1.55707 0.0381672 -0.062103 -0.639458 -0.0386497 1.09276 0.345523 -0.230787 1.10039 -0.58377 -0.0609397 0.00525246 0.00583741 -1.51551 -0.230787 -0.0609397 0.00583741 1.66835 0.561843 8.03724 815.106
829 -36.3673 0.163064 979.246 -0.0330743 -0.00113434 -0.048851 0 -0.526935 1.42557e-05 1.54806 0.0417303 -0.0642533 -0.650162 -0.0402386 1.06472 0.325144 -0.218564 1.03567 -0.59324 -0.0619946 0.00507238 0.00558991 -0.526935 -0.218564 -0.0619946 0.00558991 1.10963 0.486464 8.03724 819.906
830 -38.0405 0.16107 980.838 -0.0376545 -0.00145723 -0.0594889 0 -1.2741 1.24102e-05 1.53823 0.04528 -0.0662475 -0.659962 -0.0407731 1.03842 0.305465 -0.233486 0.97404 -0.602062 -0.0628045 0.00490461 0.00540748 -1.2741 -0.233486 -0.0628045 0.00540748 1.56554 0.583856 8.03724 824.75
831 -40.0292 0.159077 982.46 -0.0430736 -0.0016874 -0.0687772 0 -0.571748 1.02281e-05 1.51219 0.0497716 -0.0686029 -0.671964 -0.0412388 1.00711 0.283892 -0.201767 0.907057 -0.612505 -0.0641652 0.00470602 0.00495056 -0.571748 -0.201767 -0.0641652 0.00495056 1.01867 0.407459 8.03724 829.59
832 -42.032 0.15711 984.091 -0.0485287 -0.00183014 -0.075885 0 -0.397541 8.03008e-06 1.48236 0.0546175 -0.0709569 -0.683826 -0.0400498 0.975411 0.262068 -0.202634 0.840133 -0.623037 -0.0652954 0.00450574 0.00465904 -0.397541 -0.202634 -0.0652954 0.00465904 0.881487 0.393304 8.03724 834.286
833 -43.8538 0.155135 985.729 -0.0534767 -0.00191288 -0.0803867 0 -0.205588 6.03596e-06 1.45348 0.0592924 -0.0730644 -0.694665 -0.03922 0.946534 0.241301 -0.185888 0.777327 -0.632615 -0.066373 0.00432358 0.0043742 -0.205588 -0.185888 -0.066373 0.0043742 0.769027 0.37553 8.03724 839.06
834 -45.4289 0.153264 987.38 -0.0577438 -0.00196857 -0.0828341 0 -0.212671 4.31748e-06 1.42731 0.0635311 -0.074843 -0.703994 -0.0391921 0.921558 0.222081 -0.184631 0.720049 -0.640902 -0.0672577 0.004166 0.00419503 -0.212671 -0.184631 -0.0672577 0.00419503 0.614344 0.321082 8.03724 843.817
835 -47.1644 0.151358 989.04 -0.062449 -0.00189655 -0.0818262 0 -0.220691 2.43996e-06 1.3913 0.0683924 -0.0767626 -0.714279 -0.0383937 0.894088 0.202293 -0.18163 0.661419 -0.650032 -0.0682392 0.00399237 0.00395557 -0.220691 -0.18163 -0.0682392 0.00395557 0.577813 0.319301 8.03724 848.491
836 -48.5989 0.149571 990.702 -0.0663374 -0.00182981 -0.0795456 0 -0.904081 8.96502e-07 1.3615 0.0725535 -0.0782609 -0.722744 -0.0380032 0.871397 0.184486 -0.184027 0.609563 -0.657597 -0.0689957 0.00384851 0.00381886 -0.904081 -0.184027 -0.0689957 0.00381886 0.898696 0.352844 8.03724 853.135
837 -49.6653 0.147972 992.373 -0.0692123 -0.00182571 -0.0778186 0 -1.15209 -2.38535e-07 1.34034 0.0757089 -0.079261 -0.729038 -0.0389546 0.854607 0.169081 -0.186282 0.565575 -0.663214 -0.0695656 0.0037417 0.00371552 -1.15209 -0.186282 -0.0695656 0.00371552 1.1556 0.37943 8.03724 857.757
838 -50.4249 0.146482 994.057 -0.071237 -0.00186421 -0.0767499 0 -0.46712 -1.03255e-06 1.3264 0.0779718 -0.0798473 -0.733288 -0.0408374 0.84275 0.155739 -0.210433 0.528166 -0.667193 -0.0697609 0.00366603 0.00381436 -0.46712 -0.210433 -0.0697609 0.00381436 0.942076 0.476169 8.03724 862.299
839 -51.4914 0.145045 995.755 -0.0741077 -0.00189044 -0.075642 0 0 -2.13823e-06 1.2979 0.0811865 -0.0807681 -0.739653 -0.0427453 0.826124 0.141881 -0.202205 0.488374 -0.672792 -0.0704206 0.00355956 0.00367197 0 -0.202205 -0.0704206 0.00367197 0.612432 0.311788 8.03724 866.649
840 -52.817 0.143479 997.444 -0.0777078 -0.00174874 -0.0709787 0 -0.488883 -3.50223e-06 1.2588 0.0852299 -0.0818775 -0.747566 -0.0414765 0.805487 0.127728 -0.193839 0.447194 -0.679778 -0.0712144 0.0034267 0.00346591 -0.488883 -0.193839 -0.0712144 0.00346591 0.67511 0.289271 8.03724 870.85
841 -53.747 0.142041 999.12 -0.0802248 -0.0016688 -0.0673514 0 -0.247776 -4.43427e-06 1.23297 0.0880645 -0.0823918 -0.753014 -0.0411873 0.791134 0.115871 -0.197081 0.413463 -0.684665 -0.071683 0.00333377 0.003396 -0.247776 -0.197081 -0.071683 0.003396 0.847227 0.384192 8.03724 875.059
842 -54.7972 0.140588 1000.79 -0.0830895 -0.00160873 -0.0642765 0 -0.757286 -5.47755e-06 1.20092 0.0912673 -0.0829424 -0.759277 -0.0410777 0.774959 0.104407 -0.186946 0.380301 -0.690203 -0.0723028 0.00322846 0.00325757 -0.757286 -0.186946 -0.0723028 0.00325757 0.962133 0.341326 8.03724 879.219
843 -55.6664 0.139321 1002.45 -0.0854602 -0.00157057 -0.0618063 0 -0.513558 -6.31536e-06 1.1744 0.093888 -0.0831575 -0.764322 -0.0412929 0.7617 0.0943465 -0.192688 0.351335 -0.694769 -0.0726947 0.00314162 0.00325111 -0.513558 -0.192688 -0.0726947 0.00325111 0.656405 0.29835 8.03724 883.188
844 -56.6685 0.137939 1004.09 -0.0882072 -0.00150231 -0.0589029 0 -0.260647 -7.27082e-06 1.14196 0.0968707 -0.0833618 -0.770378 -0.0406068 0.746508 0.0846574 -0.173518 0.322811 -0.700034 -0.0733851 0.0030415 0.00304369 -0.260647 -0.173518 -0.0733851 0.00304369 0.611462 0.257761 8.03724 887.255
845 -57.6554 0.136593 1005.73 -0.0909283 -0.00143589 -0.0562731 0 0 -8.19217e-06 1.10924 0.0997492 -0.0833577 -0.776273 -0.0397785 0.731653 0.0757858 -0.168649 0.296369 -0.705219 -0.0739964 0.0029429 0.00288995 0 -0.168649 -0.0739964 0.00288995 0.391511 0.225909 8.03724 891.248
846 -58.6513 0.13524 1007.34 -0.0936973 -0.00135635 -0.0536011 0 0 -9.10402e-06 1.07553 0.102578 -0.0831051 -0.782213 -0.0384539 0.716756 0.0676207 -0.162519 0.27166 -0.710458 -0.0745985 0.00284327 0.00274255 0 -0.162519 -0.0745985 0.00274255 0.422701 0.228042 8.03724 895.217
847 -59.5137 0.133949 1008.94 -0.0961256 -0.0012988 -0.051688 0 -0.273623 -9.86599e-06 1.04609 0.104947 -0.0824627 -0.787297 -0.0374396 0.703935 0.0604642 -0.164931 0.249887 -0.715002 -0.075052 0.00275686 0.0026894 -0.273623 -0.164931 -0.075052 0.0026894 0.486437 0.253737 8.03724 899.12
848 -60.407 0.132703 1010.53 -0.0986526 -0.00125764 -0.0504822 0 0 -1.06371e-05 1.01482 0.107295 -0.0816373 -0.79257 -0.0366133 0.690795 0.053896 -0.165433 0.229369 -0.719694 -0.0755428 0.00266762 0.00260296 0 -0.165433 -0.0755428 0.00260296 0.399079 0.216393 8.03724 902.91
849 -61.1463 0.131511 1012.1 -0.100784 -0.00123463 -0.0499582 0 0 -1.12423e-05 0.988704 0.109151 -0.0804427 -0.796966 -0.0360651 0.679985 0.0482285 -0.163089 0.211523 -0.723584 -0.075976 0.00259366 0.00253428 0 -0.163089 -0.075976 0.00253428 0.370909 0.198504 8.03724 906.741
850 -61.9187 0.130351 1013.65 -0.10303 -0.00120394 -0.0495241 0 0 -1.18625e-05 0.960749 0.11099 -0.0790922 -0.801427 -0.0352671 0.668772 0.0430363 -0.169968 0.194624 -0.727647 -0.0762965 0.00251639 0.00253901 0 -0.169968 -0.0762965 0.00253901 0.448572 0.220327 8.03724 910.3
851 -62.6364 0.129225 1015.19 -0.105152 -0.00118037 -0.0494901 0 0 -1.2414e-05 0.934407 0.112593 -0.0774964 -0.805764 -0.0345299 0.65843 0.0384323 -0.15391 0.17928 -0.731422 -0.0767865 0.0024446 0.00241325 0 -0.15391 -0.0767865 0.00241325 0.350152 0.194605 8.03724 913.982
852 -63.3122 0.12811 1016.72 -0.107184 -0.00116086 -0.0497565 0 0 -1.291e-05 0.909248 0.113999 -0.0757 -0.809875 -0.0338453 0.648762 0.0343398 -0.143424 0.165263 -0.734977 -0.0772754 0.002377 0.00226576 0 -0.143424 -0.0772754 0.00226576 0.295683 0.175619 8.03724 917.739
853 -63.9397 0.127022 1018.24 -0.10911 -0.00114576 -0.0503023 0 0 -1.33461e-05 0.88556 0.115207 -0.0737339 -0.81361 -0.0332394 0.639845 0.0307167 -0.141937 0.152502 -0.738278 -0.0776464 0.00231423 0.00218992 0 -0.141937 -0.0776464 0.00218992 0.304381 0.179469 8.03724 921.41
854 -64.5214 0.125972 1019.75 -0.110937 -0.00113436 -0.0510837 0 0 -1.37262e-05 0.863293 0.116233 -0.0716435 -0.817066 -0.0327162 0.631633 0.0275112 -0.142971 0.140873 -0.741338 -0.0779839 0.00225603 0.00213302 0 -0.142971 -0.0779839 0.00213302 0.356636 0.178515 8.03724 925.017
855 -65.0242 0.124996 1021.25 -0.112572 -0.00113092 -0.0521853 0 0 -1.4022e-05 0.843752 0.117043 -0.0694516 -0.819908 -0.0323585 0.624578 0.0247163 -0.159455 0.130475 -0.743984 -0.0781297 0.00220572 0.00218643 0 -0.159455 -0.0781297 0.00218643 0.45845 0.217023 8.03724 928.343
856 -65.3696 0.124117 1022.73 -0.113796 -0.0011481 -0.0539252 0 -0.29882 -1.41679e-05 0.829864 0.117557 -0.0672048 -0.821793 -0.0324853 0.619732 0.0223641 -0.175442 0.12162 -0.745809 -0.0781547 0.00217101 0.00230073 -0.29882 -0.175442 -0.0781547 0.00230073 0.714747 0.285756 8.03724 931.467
857 -65.7006 0.123298 1024.19 -0.114987 -0.00117403 -0.055987 0 0 -1.42917e-05 0.816273 0.11801 -0.0652038 -0.823679 -0.0330966 0.615149 0.0202644 -0.178654 0.113392 -0.747543 -0.078274 0.00213804 0.00233008 0 -0.178654 -0.078274 0.00233008 0.493975 0.232603 8.03724 934.52
858 -66.0936 0.122434 1025.63 -0.11638 -0.00117472 -0.0573849 0 -0.302146 -1.44648e-05 0.800074 0.118504 -0.0633 -0.82613 -0.0329409 0.609686 0.0183132 -0.164752 0.105355 -0.749618 -0.0786105 0.00209857 0.00220022 -0.302146 -0.164752 -0.0786105 0.00220022 0.564523 0.212641 8.03724 937.751
859 -66.4218 0.121615 1027.06 -0.117608 -0.00118411 -0.0590786 0 -0.303597 -1.45727e-05 0.786288 0.118874 -0.0614176 -0.828084 -0.0329592 0.605161 0.0166108 -0.162073 0.0981619 -0.751344 -0.0788054 0.00206574 0.00217554 -0.303597 -0.162073 -0.0788054 0.00217554 0.525157 0.215227 8.03724 940.848
860 -66.6663 0.12083 1028.48 -0.118613 -0.00121174 -0.0613547 0 0 -1.46022e-05 0.77557 0.119124 -0.0596616 -0.829516 -0.0334862 0.601821 0.0151427 -0.162094 0.0918215 -0.752623 -0.0789349 0.00204143 0.00216924 0 -0.162094 -0.0789349 0.00216924 0.43411 0.204028 8.03724 943.924
861 -66.8995 0.120099 1029.88 -0.119605 -0.00123329 -0.063466 0 0 -1.46192e-05 0.765111 0.119343 -0.0580372 -0.830787 -0.03386 0.598624 0.0138254 -0.178775 0.0859325 -0.75385 -0.0789549 0.00201809 0.00223211 0 -0.178775 -0.0789549 0.00223211 0.485355 0.221108 8.03724 946.76
862 -67.1818 0.119381 1031.25 -0.120751 -0.0012415 -0.0651935 0 0 -1.46726e-05 0.752744 0.11958 -0.0565309 -0.832434 -0.0339109 0.594768 0.0126053 -0.17779 0.0802348 -0.755336 -0.0790886 0.00198985 0.00223625 0 -0.17779 -0.0790886 0.00223625 0.425969 0.207935 8.03724 949.519
863 -67.4423 0.118673 1032.6 -0.121853 -0.00125078 -0.0669702 0 0 -1.47029e-05 0.741177 0.119771 -0.0550718 -0.833951 -0.0339728 0.591223 0.011518 -0.179487 0.0750121 -0.756706 -0.0792093 0.00196379 0.00222149 0 -0.179487 -0.0792093 0.00222149 0.515082 0.230156 8.03724 952.243
864 -67.6844 0.117976 1033.93 -0.122918 -0.00126093 -0.0687851 0 0 -1.47139e-05 0.730275 0.119924 -0.0536741 -0.835474 -0.0340663 0.587938 0.0105474 -0.166234 0.0702191 -0.757979 -0.0794345 0.00193957 0.00214274 0 -0.166234 -0.0794345 0.00214274 0.36762 0.194191 8.03724 955.036
865 -67.9167 0.117274 1035.25 -0.123972 -0.0012701 -0.0705739 0 0 -1.4713e-05 0.719722 0.120048 -0.0523416 -0.836929 -0.0341432 0.584796 0.00967652 -0.15921 0.0657969 -0.759201 -0.0796444 0.00191633 0.00205761 0 -0.15921 -0.0796444 0.00205761 0.396318 0.18824 8.03724 957.864
866 -68.1268 0.116607 1036.56 -0.124977 -0.00128088 -0.0724172 0 0 -1.4691e-05 0.709979 0.120141 -0.0510692 -0.838145 -0.0342529 0.581962 0.0089008 -0.16673 0.0617619 -0.760307 -0.0797339 0.00189531 0.00206759 0 -0.16673 -0.0797339 0.00206759 0.441037 0.204868 8.03724 960.509
867 -68.318 0.115959 1037.84 -0.125942 -0.00129322 -0.0743122 0 0 -1.46514e-05 0.70092 0.120209 -0.04987 -0.839271 -0.0344114 0.579388 0.00820856 -0.167239 0.0580757 -0.761313 -0.0798342 0.00187617 0.00205411 0 -0.167239 -0.0798342 0.00205411 0.481901 0.206089 8.03724 963.127
868 -68.4826 0.115362 1039.11 -0.126843 -0.00130874 -0.0763127 0 0 -1.45888e-05 0.692832 0.120254 -0.0487483 -0.840149 -0.0346456 0.577179 0.00759418 -0.17683 0.0547367 -0.762179 -0.0798298 0.00185971 0.00211513 0 -0.17683 -0.0798298 0.00211513 0.579087 0.236007 8.03724 965.524
869 -68.617 0.114799 1040.36 -0.127668 -0.0013286 -0.0784585 0 0 -1.45018e-05 0.685835 0.120282 -0.0477168 -0.840877 -0.0349859 0.575377 0.0070506 -0.187345 0.0517283 -0.762886 -0.0798372 0.00184625 0.00216819 0 -0.187345 -0.0798372 0.00216819 0.505268 0.221586 8.03724 967.864
870 -68.7374 0.11425 1041.58 -0.12846 -0.00134978 -0.0806424 0 0 -1.44034e-05 0.679328 0.1203 -0.0467889 -0.84158 -0.0353761 0.573767 0.00656433 -0.183362 0.048982 -0.76352 -0.0798947 0.00183421 0.00217244 0 -0.183362 -0.0798947 0.00217244 0.494263 0.21939 8.03724 970.168
871 -68.8428 0.113727 1042.78 -0.129217 -0.00137244 -0.0828693 0 0 -1.42933e-05 0.673355 0.120311 -0.0459553 -0.84223 -0.0358015 0.57236 0.00612975 -0.178093 0.046482 -0.764074 -0.0799798 0.00182367 0.00214675 0 -0.178093 -0.0799798 0.00214675 0.471215 0.220717 8.03724 972.424
872 -68.944 0.113189 1043.97 -0.129969 -0.00139416 -0.085049 0 0 -1.41801e-05 0.667513 0.120316 -0.0452079 -0.842869 -0.0362095 0.571009 0.00573791 -0.180943 0.0441833 -0.764607 -0.0800754 0.00181353 0.00208929 0 -0.180943 -0.0800754 0.00208929 0.555329 0.226132 8.03724 974.745
873 -69.027 0.112694 1045.14 -0.130674 -0.00141851 -0.0873129 0 0 -1.40538e-05 0.662333 0.120317 -0.0445346 -0.843343 -0.0366746 0.569904 0.0053889 -0.180367 0.0421064 -0.765043 -0.0801045 0.00180523 0.00211942 0 -0.180367 -0.0801045 0.00211942 0.449912 0.212294 8.03724 976.924
874 -69.0566 0.11219 1046.3 -0.131232 -0.00144897 -0.0897736 0 -0.315279 -1.38913e-05 0.659033 0.120316 -0.0439169 -0.843622 -0.0372128 0.569488 0.00508775 -0.16739 0.0403095 -0.765208 -0.0802166 0.00180211 0.00203494 -0.315279 -0.16739 -0.0802166 0.00203494 0.646961 0.240398 8.03724 979.261
875 -69.1026 0.111712 1047.45 -0.131829 -0.00148475 -0.0924442 0 0 -1.374e-05 0.655196 0.120315 -0.0434535 -0.843801 -0.0380351 0.568897 0.00481263 -0.184171 0.0386337 -0.765442 -0.0801573 0.00179766 0.00208623 0 -0.184171 -0.0801573 0.00208623 0.609049 0.232717 8.03724 981.377
876 -69.1446 0.111274 1048.57 -0.132423 -0.00151469 -0.0948601 0 0 -1.35883e-05 0.651443 0.120312 -0.0430436 -0.843898 -0.0386254 0.568337 0.00456428 -0.199576 0.0371001 -0.765663 -0.0800281 0.00179345 0.00219306 0 -0.199576 -0.0800281 0.00219306 0.720914 0.262433 8.03724 983.18
877 -69.1638 0.11088 1049.66 -0.13295 -0.00154935 -0.0974358 0 0 -1.34227e-05 0.648503 0.120311 -0.0426929 -0.843887 -0.0393247 0.56808 0.00434535 -0.214543 0.0357411 -0.765765 -0.0799135 0.00179151 0.00231242 0 -0.214543 -0.0799135 0.00231242 0.671479 0.265588 8.03724 984.885
878 -69.1547 0.110514 1050.72 -0.133393 -0.00159051 -0.100236 0 0 -1.32401e-05 0.646564 0.120311 -0.0424136 -0.843658 -0.0401707 0.568199 0.00415445 -0.23504 0.0345559 -0.765718 -0.0797325 0.00179241 0.00241749 0 -0.23504 -0.0797325 0.00241749 0.887107 0.308292 8.03724 986.361
879 -69.1246 0.110209 1051.73 -0.13377 -0.00163688 -0.103208 0 0 -1.30462e-05 0.645349 0.120313 -0.0422198 -0.843351 -0.0411427 0.568598 0.00398741 -0.248477 0.0335193 -0.76556 -0.0795866 0.00179541 0.00253777 0 -0.248477 -0.0795866 0.00253777 0.886473 0.323491 8.03724 987.662
880 -69.0777 0.109923 1052.7 -0.134093 -0.00168768 -0.106318 0 0 -1.28445e-05 0.644701 0.120316 -0.0421132 -0.842961 -0.0422176 0.56922 0.00384121 -0.258441 0.0326141 -0.765314 -0.0794477 0.0018001 0.00261869 0 -0.258441 -0.0794477 0.00261869 0.931328 0.33262 8.03724 988.839
881 -69.0084 0.109669 1053.61 -0.134343 -0.00174439 -0.109615 0 0 -1.26318e-05 0.644814 0.120317 -0.0420889 -0.842249 -0.0434107 0.57014 0.00371521 -0.289796 0.0318418 -0.76495 -0.0791057 0.00180701 0.00282869 0 -0.289796 -0.0791057 0.00282869 1.25468 0.407856 8.03724 989.636
882 -68.9143 0.109474 1054.47 -0.13451 -0.00180933 -0.113181 0 0 -1.24071e-05 0.645767 0.120315 -0.0421583 -0.841603 -0.0447991 0.571393 0.00360842 -0.29518 0.0312003 -0.764455 -0.0789646 0.00181642 0.00292685 0 -0.29518 -0.0789646 0.00292685 1.14963 0.391584 8.03724 990.368
883 -68.6682 0.109335 1055.26 -0.134204 -0.00192294 -0.118502 0 0 -1.20917e-05 0.652006 0.120291 -0.0423472 -0.84 -0.0472006 0.574676 0.00354505 -0.3128 0.030904 -0.763162 -0.0786791 0.00184101 0.00305595 0 -0.3128 -0.0786791 0.00305595 1.17509 0.414622 8.03724 990.991
884 -68.5131 0.109226 1056 -0.134158 -0.00201021 -0.122736 0 0 -1.184e-05 0.654925 0.120262 -0.0427432 -0.838833 -0.0491492 0.57675 0.0034762 -0.346367 0.0305339 -0.762347 -0.0783425 0.00185651 0.00324119 0 -0.346367 -0.0783425 0.00324119 1.60924 0.500076 8.03724 991.261
885 -68.3508 0.109207 1056.66 -0.134076 -0.00210214 -0.127061 0 0 -1.15892e-05 0.658048 0.120219 -0.0432197 -0.837601 -0.0511222 0.578925 0.00341959 -0.3688 0.0302486 -0.761494 -0.0779793 0.00187273 0.00346998 0 -0.3688 -0.0779793 0.00346998 1.63506 0.535551 8.03724 991.099
886 -68.1776 0.109183 1057.25 -0.133948 -0.0022008 -0.131545 0 0 -1.13373e-05 0.661508 0.120161 -0.0437667 -0.836534 -0.0532418 0.581252 0.00337507 -0.380987 0.0300502 -0.760584 -0.0778402 0.00189004 0.00350099 0 -0.380987 -0.0778402 0.00350099 1.69502 0.531587 8.03724 991.088
887 -67.9747 0.109229 1057.76 -0.13372 -0.00231081 -0.136329 0 -0.310886 -1.1074e-05 0.665897 0.120077 -0.0443744 -0.835011 -0.0555742 0.583963 0.00334495 -0.412633 0.0299623 -0.759526 -0.0773955 0.00191016 0.00375856 -0.310886 -0.412633 -0.0773955 0.00375856 2.09717 0.652098 8.03724 990.446
888 -67.6982 0.109387 1058.17 -0.133238 -0.00245801 -0.142288 0 0 -1.07717e-05 0.672848 0.119933 -0.0450912 -0.833091 -0.0587035 0.587719 0.00333799 -0.449763 0.0300652 -0.758064 -0.0769645 0.00193795 0.00398919 0 -0.449763 -0.0769645 0.00398919 2.23215 0.703721 8.03724 989.478
889 -67.4553 0.109551 1058.51 -0.132845 -0.00259686 -0.147799 0 0 -1.04969e-05 0.678501 0.119781 -0.0459194 -0.83171 -0.0616783 0.591013 0.00333368 -0.448758 0.030178 -0.756787 -0.0768857 0.00196224 0.00397888 0 -0.448758 -0.0768857 0.00397888 2.08523 0.675116 8.03724 988.715
890 -67.2109 0.10971 1058.79 -0.132431 -0.00274188 -0.153366 0 0 -1.02275e-05 0.68414 0.119604 -0.0468141 -0.830279 -0.0647551 0.594337 0.00333777 -0.45108 0.0303541 -0.755502 -0.0767636 0.00198668 0.0039722 0 -0.45108 -0.0767636 0.0039722 2.13128 0.677265 8.03724 988.097
891 -66.9613 0.109917 1059.01 -0.131984 -0.00289567 -0.159066 0 0 -9.96128e-06 0.689897 0.119399 -0.0477623 -0.828799 -0.0680004 0.597743 0.00335046 -0.442507 0.0305971 -0.754189 -0.0766214 0.00201165 0.00402486 0 -0.442507 -0.0766214 0.00402486 2.02963 0.67634 8.03724 987.246
892 -66.7076 0.110017 1059.18 -0.131509 -0.00305711 -0.164846 0 0 -9.69895e-06 0.695734 0.119167 -0.0487461 -0.827368 -0.0713397 0.601215 0.00337099 -0.448258 0.0309014 -0.752855 -0.0765499 0.00203701 0.00396636 0 -0.448258 -0.0765499 0.00396636 2.07011 0.649177 8.03724 986.866
893 -66.4259 0.110131 1059.32 -0.130929 -0.00323382 -0.170906 0 0 -9.42701e-06 0.702467 0.11888 -0.0497533 -0.825686 -0.0749349 0.605084 0.00340313 -0.450703 0.0313027 -0.751374 -0.0763777 0.00206518 0.00401959 0 -0.450703 -0.0763777 0.00401959 2.0318 0.670467 8.03724 986.323
894 -66.1879 0.110236 1059.41 -0.130469 -0.00340935 -0.176798 0 0 -9.18533e-06 0.707644 0.118616 -0.0508366 -0.824309 -0.0787067 0.608362 0.00343506 -0.442299 0.0316929 -0.750122 -0.0762761 0.00208899 0.00403841 0 -0.442299 -0.0762761 0.00403841 1.92587 0.648898 8.03724 985.783
895 -65.9623 0.110288 1059.46 -0.130034 -0.00357679 -0.182254 0 0 -8.95573e-06 0.71238 0.118347 -0.0519105 -0.822934 -0.0821262 0.611479 0.00347058 -0.441989 0.0321086 -0.748936 -0.0761102 0.00211155 0.00406494 0 -0.441989 -0.0761102 0.00406494 2.17428 0.686208 8.03724 985.229
896 -65.7244 0.110355 1059.47 -0.129552 -0.0037532 -0.187804 0 -0.300768 -8.72539e-06 0.717456 0.118047 -0.0529604 -0.821587 -0.0856795 0.614754 0.00351314 -0.429844 0.0325824 -0.747693 -0.0760301 0.00213519 0.00410032 -0.300768 -0.429844 -0.0760301 0.00410032 1.9428 0.617884 8.03724 984.713
897 -65.4426 0.110395 1059.45 -0.128912 -0.00396367 -0.194145 0 -0.299235 -8.47624e-06 0.72399 0.117665 -0.0540102 -0.819794 -0.0899051 0.618669 0.00356909 -0.448799 0.0331728 -0.746211 -0.0757469 0.00216337 0.00414773 -0.299235 -0.448799 -0.0757469 0.00414773 2.53433 0.728271 8.03724 984.126
898 -65.1171 0.110592 1059.37 -0.128115 -0.0042263 -0.201749 0 0 -8.20925e-06 0.731922 0.11719 -0.0550975 -0.817622 -0.0950712 0.623225 0.00363925 -0.479446 0.0338873 -0.744492 -0.0753259 0.00219605 0.00437908 0 -0.479446 -0.0753259 0.00437908 2.28185 0.745267 8.03724 982.928
899 -64.8489 0.110727 1059.25 -0.127487 -0.00445543 -0.208167 0 0 -7.97858e-06 0.737842 0.116775 -0.0562295 -0.815956 -0.0996267 0.626977 0.00370536 -0.490511 0.0345572 -0.743082 -0.0750964 0.00222287 0.00445978 0 -0.490511 -0.0750964 0.00445978 2.38815 0.763711 8.03724 981.801
900 -64.5626 0.110943 1059.06 -0.126789 -0.004706 -0.214925 0 0 -7.74383e-06 0.744308 0.116309 -0.0573465 -0.814093 -0.104469 0.630994 0.00377983 -0.515393 0.0352983 -0.741577 -0.0747672 0.00225148 0.00460657 0 -0.515393 -0.0747672 0.00460657 2.66358 0.824461 8.03724 980.34
901 -64.2474 0.111237 1058.83 -0.125986 -0.00499092 -0.22232 0 0 -7.49968e-06 0.751653 0.115769 -0.0584603 -0.811966 -0.109922 0.635431 0.00386501 -0.543524 0.0361322 -0.739921 -0.0743289 0.00228299 0.00485929 0 -0.543524 -0.0743289 0.00485929 2.88856 0.907688 8.03724 978.515
902 -63.9241 0.111534 1058.54 -0.125141 -0.00530052 -0.230062 0 0 -7.25693e-06 0.759172 0.115187 -0.0595947 -0.810058 -0.115835 0.639998 0.00395787 -0.551213 0.0370303 -0.738221 -0.0741524 0.00231531 0.00487247 0 -0.551213 -0.0741524 0.00487247 2.97612 0.880279 8.03724 976.973
903 -63.5553 0.111928 1058.19 -0.124138 -0.00566208 -0.238731 0 0 -6.99712e-06 0.768071 0.114489 -0.0607267 -0.807518 -0.122583 0.645227 0.00406528 -0.598009 0.0380564 -0.736283 -0.0735872 0.00235217 0.00518885 0 -0.598009 -0.0735872 0.00518885 3.00351 0.958712 8.03724 974.678
904 -63.1509 0.11236 1057.76 -0.123006 -0.00608211 -0.248397 0 0 -6.72576e-06 0.777978 0.113685 -0.0618882 -0.804757 -0.130422 0.650984 0.00418696 -0.650187 0.039207 -0.734158 -0.072992 0.00239258 0.00549417 0 -0.650187 -0.072992 0.00549417 3.47825 1.06296 8.03724 972.035
905 -62.6965 0.112891 1057.22 -0.121699 -0.00658549 -0.259494 0 0 -6.43622e-06 0.789327 0.112735 -0.0630799 -0.801786 -0.139692 0.657484 0.00432697 -0.679149 0.0405185 -0.731769 -0.0724547 0.00243801 0.005772 0 -0.679149 -0.0724547 0.005772 3.80907 1.15963 8.03724 968.738
906 -62.1312 0.113612 1056.55 -0.12002 -0.00724852 -0.273427 0 0 -6.10017e-06 0.803979 0.11149 -0.0642918 -0.797879 -0.15178 0.665609 0.00449918 -0.773608 0.0421185 -0.728798 -0.071575 0.00249449 0.00617235 0 -0.773608 -0.071575 0.00617235 4.76692 1.42406 8.03724 964.402
907 -61.5141 0.114626 1055.71 -0.118157 -0.00804397 -0.289277 0 0 -5.74703e-06 0.819963 0.110057 -0.0655744 -0.793667 -0.166107 0.674533 0.00469629 -0.851838 0.0439359 -0.725555 -0.0706681 0.00255617 0.00670145 0 -0.851838 -0.0706681 0.00670145 5.13719 1.53812 8.03724 959.235
908 -60.8351 0.115703 1054.7 -0.116076 -0.0090252 -0.307793 0 0 -5.37246e-06 0.837555 0.1084 -0.0668991 -0.789313 -0.183361 0.684417 0.00492303 -0.887078 0.0460125 -0.721986 -0.0699513 0.00262405 0.0070692 0 -0.887078 -0.0699513 0.0070692 5.26477 1.56956 8.03724 954.05
909 -60.1498 0.116774 1053.55 -0.113956 -0.0101496 -0.327804 0 0 -5.00306e-06 0.854967 0.106651 -0.0682657 -0.784997 -0.202531 0.694456 0.00517084 -0.913148 0.0482659 -0.718383 -0.0693061 0.00269256 0.00736217 0 -0.913148 -0.0693061 0.00736217 5.32134 1.61746 8.03724 948.849
910 -59.2515 0.117903 1052.26 -0.111141 -0.0117196 -0.353978 0 -0.271852 -4.54367e-06 0.878554 0.104261 -0.0695023 -0.779321 -0.228575 0.707689 0.00548513 -0.966481 0.0511149 -0.713668 -0.0684346 0.00278222 0.00775034 -0.271852 -0.966481 -0.0684346 0.00775034 5.8587 1.73996 8.03724 943.264
911 -58.3219 0.119303 1050.78 -0.108199 -0.0137753 -0.386152 0 0 -4.07821e-06 0.902508 0.10168 -0.0707481 -0.772939 -0.261153 0.721525 0.00583865 -1.09004 0.0542991 -0.708776 -0.067038 0.00287525 0.00844289 0 -1.09004 -0.067038 0.00844289 7.15163 2.12566 8.03724 935.649
912 -57.3721 0.121016 1049.06 -0.105178 -0.0162684 -0.422187 0 0 -3.6131e-06 0.926367 0.0989596 -0.0719514 -0.766853 -0.298188 0.735753 0.00623207 -1.1486 0.0578203 -0.703784 -0.0660389 0.00297019 0.00894777 0 -1.1486 -0.0660389 0.00894777 7.42832 2.23431 8.03724 927.307
913 -56.3071 0.122868 1047.1 -0.101774 -0.0195603 -0.465816 0 0 -3.10469e-06 0.953029 0.0958303 -0.0729732 -0.759975 -0.344081 0.751825 0.00669084 -1.23929 0.0619089 -0.698187 -0.0648643 0.00307662 0.00951502 0 -1.23929 -0.0648643 0.00951502 8.0755 2.42274 8.03724 918.394
914 -55.0552 0.124956 1044.89 -0.0977594 -0.024369 -0.523403 0 0 -2.52146e-06 0.98435 0.0920766 -0.0737288 -0.752001 -0.406514 0.77087 0.00724351 -1.33491 0.066819 -0.691608 -0.063594 0.00320173 0.0100688 0 -1.33491 -0.063594 0.0100688 8.93098 2.66174 8.03724 908.499
915 -53.5618 0.127398 1042.4 -0.0929662 -0.0315283 -0.598508 0 -0.246996 -1.84072e-06 1.02152 0.0875443 -0.0741279 -0.74238 -0.491115 0.793764 0.007919 -1.46877 0.0728041 -0.683768 -0.0619636 0.00335084 0.0108063 -0.246996 -1.46877 -0.0619636 0.0108063 10.0809 2.98007 8.03724 897.355
916 -51.8397 0.130173 1039.6 -0.0874255 -0.0435085 -0.703816 0 0 -1.0676e-06 1.06333 0.0822959 -0.0741637 -0.731381 -0.618323 0.820436 0.00874361 -1.59712 0.0800877 -0.674713 -0.0601912 0.00352303 0.0115811 0 -1.59712 -0.0601912 0.0115811 11.3292 3.36545 8.03724 884.753
917 -49.8769 0.133349 1036.43 -0.0811156 -0.0623001 -0.832803 0 0 -1.98566e-07 1.10944 0.0763811 -0.0737587 -0.719161 -0.794685 0.85107 0.00974191 -1.69727 0.0888771 -0.6644 -0.0584798 0.00371914 0.0122886 0 -1.69727 -0.0584798 0.0122886 12.094 3.60367 8.03724 870.896
918 -47.2061 0.136893 1032.92 -0.0725542 -0.0985286 -1.00554 0 0 9.71992e-07 1.17174 0.0685754 -0.0723688 -0.702641 -1.0964 0.893075 0.0110841 -1.84241 0.100698 -0.650369 -0.0562578 0.00398596 0.0130996 0 -1.84241 -0.0562578 0.0130996 12.9472 3.91259 8.03724 856.502
919 -44.0317 0.14088 1029.05 -0.0624051 -0.166197 -1.17806 0 -0.207514 2.35437e-06 1.24047 0.0598388 -0.0701871 -0.682799 -1.62405 0.943254 0.0127864 -2.03168 0.115657 -0.633703 -0.0533984 0.0043029 0.0141174 -0.207514 -2.03168 -0.0533984 0.0141174 15.181 4.57579 8.03724 840.33
920 -39.6626 0.1461 1024.72 -0.0484898 -0.285734 -1.20641 0 -0.565095 4.25525e-06 1.32937 0.0490032 -0.0663777 -0.655716 -2.65749 1.01232 0.0151419 -2.27136 0.136354 -0.610769 -0.0496867 0.00473904 0.015187 -0.565095 -2.27136 -0.0496867 0.015187 17.6207 5.4065 8.03724 821.121
921 -33.9513 0.1524 1019.95 -0.0303625 -0.361022 -0.788446 0 -0.666438 6.75314e-06 1.42827 0.0370965 -0.060731 -0.620895 -4.86383 1.10154 0.0184004 -2.48888 0.164924 -0.580787 -0.045418 0.0053092 0.016072 -0.666438 -2.48888 -0.045418 0.016072 19.6626 6.07131 8.03724 800.572
922 -25.4054 0.160925 1014.81 -0.00335688 -0.205239 -0.243536 0 -0.40017 1.05412e-05 1.54486 0.0237989 -0.0514111 -0.569158 -9.25394 1.22968 0.0239287 -2.67149 0.213183 -0.535933 -0.0393871 0.00616218 0.0166353 -0.40017 -2.67149 -0.0393871 0.0166353 24.1424 7.74471 8.03724 778.271
923 -12.494 0.172941 1009.51 0.0372594 -0.0505872 -0.0486804 0 -3.26379 1.64559e-05 1.62847 0.0116529 -0.0363521 -0.493594 -11.9901 1.403 0.0388241 -2.41551 0.341223 -0.468155 -0.0328897 0.00745108 0.0167572 -3.26379 -2.41551 -0.0328897 0.0167572 26.476 9.0132 8.03724 756.78
924 0.55742 0.185902 1004.46 0.078094 -0.0113071 -0.010474 0 -5.86962 2.3119e-05 1.50003 0.00545075 -0.0204068 -0.418811 -6.49322 1.54644 0.0907731 -1.92153 0.767919 -0.399417 -0.0281522 0.00875826 0.0167143 -5.86962 -1.92153 -0.0281522 0.0167143 24.2578 8.22694 8.03724 740.295
925 8.26024 0.196529 999.791 0.101611 -0.00414085 -0.00369768 0 -5.72765 2.85772e-05 1.20529 0.00343576 -0.0108237 -0.376222 -1.73105 1.61516 0.203468 -1.43525 1.61007 -0.358748 -0.0270057 0.00953165 0.016498 -5.72765 -1.43525 -0.0270057 0.016498 18.234 6.05389 8.03724 728.469
926 11.72 0.20336 995.501 0.111373 -0.00234563 -0.00203509 0 -5.73291 3.32067e-05 0.95978 0.00278612 -0.00651652 -0.357959 -0.312004 1.64229 0.349153 -1.09927 2.55134 -0.340485 -0.0273526 0.00987895 0.0161377 -5.73291 -1.09927 -0.0273526 0.0161377 14.4886 4.80437 8.03724 721.683
927 12.754 0.207606 991.634 0.113381 -0.00162866 -0.00139836 0 -5.1671 3.74349e-05 0.809146 0.0026154 -0.00521639 -0.353756 -0.0463202 1.65001 0.498846 -0.84321 3.34968 -0.334998 -0.0287414 0.0099833 0.015625 -5.1671 -0.84321 -0.0287414 0.015625 11.3618 3.71283 8.03724 718.741
928 12.1635 0.210012 988.195 0.110416 -0.00123139 -0.00107012 0 -4.59987 4.09116e-05 0.742007 0.00270965 -0.00591732 -0.35823 -0.00721899 1.64571 0.627769 -0.719733 3.87354 -0.338069 -0.0300864 0.0099249 0.0151776 -4.59987 -0.719733 -0.0300864 0.0151776 9.81644 3.21351 8.03724 717.839
929 9.99282 0.211112 985.173 0.102844 -0.000982346 -0.00088515 0 -4.62514 4.29562e-05 0.731884 0.00308942 -0.00855149 -0.371859 -0.00145227 1.62922 0.719352 -0.636696 4.09138 -0.349475 -0.0320916 0.009708 0.0146812 -4.62514 -0.636696 -0.0320916 0.0146812 8.44537 2.70433 8.03724 718.344
930 8.06371 0.211489 982.556 0.0962231 -0.00078052 -0.00072861 0 -4.55156 4.45725e-05 0.764072 0.00346995 -0.010879 -0.38354 -0.000446835 1.61382 0.782787 -0.598742 4.1244 -0.359614 -0.033441 0.00951519 0.0143423 -4.55156 -0.598742 -0.033441 0.0143423 7.80561 2.57599 8.03724 720.063
931 5.70146 0.2113 980.352 0.0885305 -0.000627818 -0.00061404 0 -3.29483 4.53487e-05 0.80956 0.00399672 -0.013716 -0.398328 -0.000276379 1.59405 0.818916 -0.503547 4.0175 -0.372002 -0.0356056 0.0092796 0.0137125 -3.29483 -0.503547 -0.0356056 0.0137125 6.16377 2.13693 8.03724 722.77
932 3.0804 0.210292 978.536 0.0802521 -0.000508883 -0.000533192 0 -3.69417 4.53318e-05 0.871167 0.00467428 -0.0168668 -0.414232 -0.000328852 1.57076 0.82941 -0.463752 3.81597 -0.385799 -0.0374501 0.00901723 0.0131961 -3.69417 -0.463752 -0.0374501 0.0131961 5.65639 1.94204 8.03724 726.172
933 1.06082 0.209163 977.09 0.0738822 -0.000405945 -0.000466589 0 -4.26393 4.5392e-05 0.94154 0.00527104 -0.01928 -0.426218 -0.000466897 1.55187 0.828935 -0.470087 3.60109 -0.396439 -0.0385938 0.00881489 0.0128521 -4.26393 -0.470087 -0.0385938 0.0128521 6.11716 1.98817 8.03724 729.97
934 -1.32871 0.207817 975.992 0.0665783 -0.000327269 -0.000432786 0 -3.56327 4.4788e-05 1.00423 0.0060693 -0.0221257 -0.440687 -0.000680756 1.52853 0.814033 -0.435468 3.35927 -0.408992 -0.0402718 0.00857618 0.0124206 -3.56327 -0.435468 -0.0402718 0.0124206 4.95005 1.66923 8.03724 733.944
935 -3.63962 0.206157 975.202 0.0596102 -0.000263465 -0.000433825 0 -3.19999 4.39222e-05 1.07075 0.00695121 -0.0248725 -0.454621 -0.00101761 1.50485 0.790628 -0.399763 3.12074 -0.421139 -0.0418269 0.00834517 0.0119804 -3.19999 -0.399763 -0.0418269 0.0119804 4.5009 1.55457 8.03724 738.24
936 -5.81412 0.204223 974.698 0.0531178 -0.000211472 -0.000478239 0 -3.5328 4.28994e-05 1.1401 0.00789332 -0.0274553 -0.467656 -0.00152222 1.48153 0.762135 -0.391474 2.89682 -0.432589 -0.0431951 0.00812744 0.0114794 -3.5328 -0.391474 -0.0431951 0.0114794 4.57885 1.5603 8.03724 742.873
937 -7.8786 0.202342 974.463 0.0470244 -0.000169358 -0.000557183 0 -3.11786 4.17774e-05 1.20105 0.00889719 -0.029898 -0.480202 -0.00216917 1.45854 0.73165 -0.357793 2.69161 -0.443439 -0.0446849 0.00792111 0.0109777 -3.11786 -0.357793 -0.0446849 0.0109777 3.91923 1.34761 8.03724 747.657
938 -10.2587 0.200012 974.474 0.0400899 -0.000137091 -0.000732589 0 -3.54481 4.01244e-05 1.25836 0.010207 -0.0327244 -0.494561 -0.00313431 1.43093 0.696034 -0.335808 2.49219 -0.455971 -0.0462725 0.00768279 0.0104082 -3.54481 -0.335808 -0.0462725 0.0104082 3.8858 1.26837 8.03724 752.714
939 -12.2278 0.197984 974.695 0.0344051 -0.00011001 -0.000971745 0 -2.07879 3.87334e-05 1.31511 0.01142 -0.0350455 -0.506159 -0.00437881 1.40734 0.66364 -0.340533 2.32309 -0.466292 -0.0473533 0.00748651 0.0101527 -2.07879 -0.340533 -0.0473533 0.0101527 3.00366 1.14712 8.03724 757.573
940 -14.0071 0.195838 975.102 0.0292768 -8.84598e-05 -0.00131814 0 -2.38691 3.73939e-05 1.36951 0.0126369 -0.0371506 -0.516623 -0.00597896 1.38527 0.63299 -0.357955 2.17476 -0.475661 -0.0482696 0.00730834 0.00992189 -2.38691 -0.357955 -0.0482696 0.00992189 3.41919 1.16956 8.03724 762.42
941 -15.9105 0.193595 975.676 0.0238338 -7.27045e-05 -0.00182948 0 -3.03767 3.58062e-05 1.41573 0.0140732 -0.0394078 -0.527941 -0.00799831 1.36097 0.601976 -0.352057 2.0365 -0.485692 -0.049366 0.00711759 0.00957359 -3.03767 -0.352057 -0.049366 0.00957359 3.60654 1.19627 8.03724 767.34
942 -17.4655 0.191519 976.406 0.0194231 -6.1159e-05 -0.00243944 0 -2.23098 3.45064e-05 1.45943 0.0153516 -0.0412399 -0.537233 -0.0103469 1.34071 0.574989 -0.332554 1.92021 -0.493851 -0.050344 0.00696243 0.0092849 -2.23098 -0.332554 -0.050344 0.0092849 3.20501 1.16129 8.03724 772.361
943 -19.2693 0.18935 977.285 0.0143319 -5.52536e-05 -0.00327232 0 -2.36008 3.2855e-05 1.49028 0.0169732 -0.0433769 -0.548158 -0.0130602 1.31659 0.54704 -0.309212 1.80715 -0.503343 -0.0515969 0.00678192 0.00882385 -2.36008 -0.309212 -0.0515969 0.00882385 2.90324 1.03174 8.03724 777.452
944 -21.2575 0.187124 978.29 0.0087576 -5.73385e-05 -0.0045547 0 -2.3861 3.09235e-05 1.51573 0.0189408 -0.0457357 -0.560034 -0.0162571 1.28937 0.518862 -0.305261 1.69916 -0.513803 -0.052814 0.00658301 0.0084017 -2.3861 -0.305261 -0.052814 0.0084017 2.80248 0.934218 8.03724 782.433
945 -22.6604 0.185109 979.401 0.00482339 -6.68248e-05 -0.00608259 0 -3.47748 2.95657e-05 1.54864 0.0204574 -0.0474023 -0.568316 -0.0197854 1.26969 0.496427 -0.317044 1.61423 -0.521212 -0.0535464 0.00644212 0.00818347 -3.47748 -0.317044 -0.0535464 0.00818347 3.27509 1.01716 8.03724 787.464
946 -24.3953 0.183056 980.606 1.54718e-05 -8.86923e-05 -0.00810714 0 -2.60488 2.78023e-05 1.56741 0.0224703 -0.0494555 -0.578568 -0.0235209 1.24508 0.47255 -0.311179 1.52773 -0.530315 -0.0545214 0.006269 0.0079847 -2.60488 -0.311179 -0.0545214 0.0079847 2.70108 0.893147 8.03724 792.349
947 -26.4086 0.180846 981.891 -0.00555112 -0.000136046 -0.0111907 0 -2.47292 2.5675e-05 1.5775 0.0250321 -0.051847 -0.590591 -0.0272005 1.21591 0.447595 -0.294884 1.44057 -0.540903 -0.055756 0.00606766 0.00756768 -2.47292 -0.294884 -0.055756 0.00756768 2.701 0.878513 8.03724 797.252
948 -28.3619 0.178658 983.24 -0.0109263 -0.000222263 -0.0155458 0 -2.16996 2.35711e-05 1.58691 0.0277585 -0.0541664 -0.602263 -0.0306667 1.1871 0.424007 -0.280854 1.36012 -0.55117 -0.0569656 0.00587242 0.00716921 -2.16996 -0.280854 -0.0569656 0.00716921 2.35605 0.848734 8.03724 802.256
949 -30.3899 0.176501 984.654 -0.0164779 -0.000350642 -0.0211143 0 -1.21595 2.13527e-05 1.58881 0.0308532 -0.0565713 -0.614363 -0.0339399 1.15674 0.40063 -0.266853 1.28204 -0.561813 -0.0582203 0.00567002 0.00680009 -1.21595 -0.266853 -0.0582203 0.00680009 1.96552 0.714268 8.03724 807.209
950 -32.5512 0.174301 986.111 -0.0223928 -0.000558745 -0.0290109 0 -1.4425 1.89489e-05 1.584 0.0344807 -0.0591411 -0.627235 -0.036154 1.12379 0.376766 -0.260025 1.20392 -0.573188 -0.0595006 0.0054537 0.00640377 -1.4425 -0.260025 -0.0595006 0.00640377 1.91967 0.671526 8.03724 812.022
951 -34.5367 0.172114 987.61 -0.0278017 -0.000828622 -0.0384388 0 -1.34822 1.67239e-05 1.57816 0.0381162 -0.0614963 -0.639176 -0.0379903 1.09317 0.35443 -0.231659 1.13184 -0.58363 -0.0608014 0.00525513 0.00599594 -1.34822 -0.231659 -0.0608014 0.00599594 1.3646 0.544106 8.03724 817.108
952 -36.7067 0.169767 989.162 -0.0336931 -0.00113281 -0.0492349 0 -0.709821 1.42818e-05 1.56113 0.042432 -0.0640631 -0.652198 -0.0388391 1.0594 0.330969 -0.21439 1.05718 -0.595028 -0.0622076 0.00503837 0.00549324 -0.709821 -0.21439 -0.0622076 0.00549324 1.12148 0.463075 8.03724 822.334
953 -38.8325 0.167502 990.741 -0.039458 -0.00144614 -0.060413 0 -0.740382 1.18783e-05 1.54056 0.0470276 -0.0665704 -0.664677 -0.0386587 1.02599 0.307675 -0.22175 0.984066 -0.606213 -0.0632903 0.00482568 0.00526337 -0.740382 -0.22175 -0.0632903 0.00526337 1.29217 0.500638 8.03724 827.234
954 -40.4357 0.165396 992.35 -0.0437872 -0.00173977 -0.0701551 0 -1.15079 1.00573e-05 1.52894 0.0507366 -0.0684443 -0.674086 -0.0392981 1.00064 0.287637 -0.23297 0.922158 -0.614658 -0.0640934 0.00466508 0.00512246 -1.15079 -0.23297 -0.0640934 0.00512246 1.49936 0.533534 8.03724 832.247
955 -42.156 0.163349 993.99 -0.0484149 -0.00191197 -0.0772842 0 -0.596506 8.11443e-06 1.50683 0.05493 -0.0704351 -0.684292 -0.0396608 0.973431 0.266866 -0.224249 0.8586 -0.623694 -0.0650914 0.00449325 0.00486599 -0.596506 -0.224249 -0.0650914 0.00486599 1.13245 0.487264 8.03724 837.226
956 -43.378 0.161551 995.656 -0.0516928 -0.0021036 -0.0831649 0 -1.22254 6.72634e-06 1.49415 0.05806 -0.0718227 -0.691452 -0.0411491 0.954001 0.249164 -0.234613 0.80539 -0.630139 -0.0656836 0.00437068 0.00477604 -1.22254 -0.234613 -0.0656836 0.00477604 1.60576 0.552851 8.03724 842.098
957 -44.8434 0.159706 997.34 -0.0556163 -0.00216519 -0.0863664 0 -0.839941 5.08189e-06 1.46788 0.0619439 -0.0734727 -0.700083 -0.0420643 0.930788 0.230338 -0.234977 0.748911 -0.637839 -0.066469 0.00422426 0.00465062 -0.839941 -0.234977 -0.066469 0.00465062 1.1906 0.440672 8.03724 846.812
958 -45.9363 0.157943 999.038 -0.0585317 -0.00222146 -0.0882286 0 -1.07229 3.8553e-06 1.45037 0.064945 -0.0746552 -0.706438 -0.0429352 0.913449 0.213813 -0.240347 0.70023 -0.643595 -0.066958 0.00411479 0.00459404 -1.07229 -0.240347 -0.066958 0.00459404 1.41998 0.532991 8.03724 851.51
959 -47.4403 0.156109 1000.74 -0.0625457 -0.0021377 -0.0870605 0 0 2.19553e-06 1.41551 0.0691793 -0.0762771 -0.715341 -0.0426226 0.889743 0.19559 -0.230882 0.646202 -0.651479 -0.0678272 0.00396487 0.00440083 0 -0.230882 -0.0678272 0.00440083 0.880357 0.446937 8.03724 856.066
960 -48.9075 0.154297 1002.45 -0.066484 -0.00202036 -0.0841307 0 -0.68194 5.82294e-07 1.37938 0.0734572 -0.0778021 -0.724237 -0.041791 0.866556 0.178037 -0.207238 0.594551 -0.659215 -0.0688401 0.00381774 0.00406429 -0.68194 -0.207238 -0.0688401 0.00406429 0.901243 0.374813 8.03724 860.713
961 -50.0573 0.152553 1004.16 -0.0695544 -0.00194976 -0.0812577 0 -0.696444 -6.65961e-07 1.35199 0.0768726 -0.0788843 -0.731009 -0.0417703 0.848492 0.162647 -0.213894 0.550019 -0.665265 -0.0694473 0.0037027 0.0039575 -0.696444 -0.213894 -0.0694473 0.0039575 1.06366 0.376262 8.03724 865.33
962 -51.2103 0.150867 1005.88 -0.0726408 -0.00186568 -0.077738 0 -0.949163 -1.90339e-06 1.322 0.0803485 -0.0798969 -0.73784 -0.0416545 0.830437 0.147943 -0.214491 0.507542 -0.671337 -0.0700898 0.00358722 0.00379078 -0.949163 -0.214491 -0.0700898 0.00379078 1.16737 0.407928 8.03724 869.761
963 -52.5624 0.149202 1007.58 -0.0762564 -0.00175688 -0.0734974 0 0 -3.33023e-06 1.28285 0.0844451 -0.0810382 -0.7459 -0.0410555 0.809474 0.133262 -0.198114 0.464703 -0.678425 -0.0709279 0.00345244 0.00361043 0 -0.198114 -0.0709279 0.00361043 0.577302 0.2854 8.03724 874.098
964 -53.7363 0.147563 1009.28 -0.0794161 -0.00162852 -0.0685306 0 -0.247785 -4.55314e-06 1.24884 0.0880315 -0.0818237 -0.752759 -0.0398877 0.791301 0.120054 -0.207169 0.426572 -0.684608 -0.071486 0.00333486 0.00354072 -0.247785 -0.207169 -0.071486 0.00354072 0.812637 0.335261 8.03724 878.375
965 -54.839 0.145981 1010.96 -0.0823938 -0.0015371 -0.0643755 0 -0.505285 -5.68107e-06 1.21573 0.0913901 -0.0823811 -0.759247 -0.0392194 0.774339 0.107966 -0.207805 0.391684 -0.690416 -0.0720557 0.00322441 0.00344743 -0.505285 -0.207805 -0.0720557 0.00344743 0.974323 0.348712 8.03724 882.62
966 -55.9344 0.144462 1012.64 -0.0853577 -0.00146448 -0.0608198 0 -0.257737 -6.77876e-06 1.18142 0.0946874 -0.0827661 -0.765717 -0.0387162 0.757642 0.0967832 -0.203757 0.359175 -0.696172 -0.0726603 0.00311495 0.00334773 -0.257737 -0.203757 -0.0726603 0.00334773 0.686906 0.291614 8.03724 886.786
967 -56.9583 0.14299 1014.3 -0.0881474 -0.00138729 -0.0573683 0 -0.261913 -7.78276e-06 1.14857 0.0977237 -0.0828627 -0.771875 -0.0378918 0.74213 0.0866553 -0.191175 0.329628 -0.701558 -0.0733293 0.00301252 0.00315055 -0.261913 -0.191175 -0.0733293 0.00315055 0.674793 0.291401 8.03724 890.999
968 -57.9112 0.141513 1015.96 -0.0907618 -0.00133102 -0.0547118 0 -0.266089 -8.69356e-06 1.11718 0.100488 -0.0826855 -0.77759 -0.0372946 0.727797 0.0775472 -0.18349 0.302841 -0.706571 -0.0739364 0.00291719 0.00298773 -0.266089 -0.18349 -0.0739364 0.00298773 0.643383 0.285799 8.03724 895.26
969 -58.7892 0.140107 1017.62 -0.0931868 -0.00130631 -0.0531517 0 0 -9.50736e-06 1.08749 0.102961 -0.0822614 -0.782849 -0.0372062 0.714706 0.0694155 -0.172281 0.278635 -0.711183 -0.0744956 0.00282949 0.00287204 0 -0.172281 -0.0744956 0.00287204 0.420996 0.222898 8.03724 899.472
970 -59.6079 0.138715 1019.27 -0.0954783 -0.00127336 -0.0517175 0 -0.273554 -1.02456e-05 1.05911 0.1052 -0.0815784 -0.787686 -0.0367601 0.702544 0.0621269 -0.174687 0.256614 -0.715497 -0.0749361 0.00274744 0.00279874 -0.273554 -0.174687 -0.0749361 0.00279874 0.553944 0.223861 8.03724 903.597
971 -60.1459 0.137447 1020.92 -0.0970184 -0.00128764 -0.0516619 0 0 -1.06834e-05 1.0407 0.10662 -0.0804913 -0.79079 -0.0372829 0.694631 0.0561029 -0.18151 0.238581 -0.718321 -0.0751629 0.00269375 0.00280921 0 -0.18151 -0.0751629 0.00280921 0.505226 0.273439 8.03724 907.658
972 -60.8555 0.136172 1022.57 -0.0990497 -0.00127457 -0.0512958 0 -0.279067 -1.12814e-05 1.01486 0.108435 -0.0794747 -0.795051 -0.0370714 0.684209 0.0502793 -0.176564 0.220214 -0.722061 -0.0756126 0.00262263 0.00269 -0.279067 -0.176564 -0.0756126 0.00269 0.588009 0.259112 8.03724 911.682
973 -61.4645 0.134979 1024.2 -0.100819 -0.00128271 -0.0516752 0 0 -1.1763e-05 0.992386 0.109922 -0.0782783 -0.798613 -0.0372782 0.675355 0.0451933 -0.17811 0.20388 -0.725257 -0.075917 0.00256183 0.00266485 0 -0.17811 -0.075917 0.00266485 0.448269 0.244607 8.03724 915.531
974 -61.946 0.133837 1025.83 -0.102271 -0.00129443 -0.0523213 0 -0.567596 -1.21116e-05 0.974219 0.111059 -0.076886 -0.801498 -0.0374913 0.668336 0.0407897 -0.174924 0.189533 -0.727805 -0.0762058 0.00251338 0.00261613 -0.567596 -0.174924 -0.0762058 0.00261613 0.676889 0.25988 8.03724 919.395
975 -62.3996 0.132742 1027.45 -0.103646 -0.00132622 -0.0536474 0 0 -1.24176e-05 0.956817 0.112076 -0.0755046 -0.804087 -0.038201 0.661832 0.0368574 -0.186826 0.176311 -0.730177 -0.0763779 0.00246828 0.00261874 0 -0.186826 -0.0763779 0.00261874 0.540832 0.254695 8.03724 923.052
976 -63.0255 0.131661 1029.05 -0.10552 -0.00130399 -0.0538668 0 0 -1.28794e-05 0.93243 0.113416 -0.0741789 -0.807754 -0.0375913 0.652851 0.033051 -0.188084 0.16274 -0.73347 -0.0766891 0.00240565 0.00259074 0 -0.188084 -0.0766891 0.00259074 0.597932 0.254988 8.03724 926.513
977 -63.5845 0.130639 1030.62 -0.107234 -0.00128957 -0.0544202 0 0 -1.3264e-05 0.91053 0.114536 -0.0726307 -0.810988 -0.0369869 0.644881 0.0297003 -0.193147 0.150522 -0.736411 -0.0769272 0.00234973 0.00261009 0 -0.193147 -0.0769272 0.00261009 0.564741 0.252051 8.03724 929.864
978 -63.9525 0.129723 1032.17 -0.108446 -0.0013073 -0.0558715 0 0 -1.3459e-05 0.895787 0.115231 -0.0708807 -0.813139 -0.037099 0.639659 0.0269029 -0.195227 0.140276 -0.738347 -0.0771051 0.00231291 0.00259138 0 -0.195227 -0.0771051 0.00259138 0.525169 0.270909 8.03724 933.261
979 -64.4761 0.128732 1033.71 -0.110104 -0.00129518 -0.0567053 0 0 -1.37886e-05 0.874793 0.116157 -0.069278 -0.81632 -0.0367428 0.632266 0.0242068 -0.186575 0.12978 -0.741102 -0.0774787 0.00226053 0.00248497 0 -0.186575 -0.0774787 0.00248497 0.534044 0.23127 8.03724 936.693
980 -64.9556 0.12778 1035.23 -0.111664 -0.00128336 -0.0576265 0 0 -1.40662e-05 0.855426 0.116937 -0.0675484 -0.81908 -0.036199 0.625534 0.0218203 -0.194229 0.120238 -0.743624 -0.0776681 0.00221256 0.00251921 0 -0.194229 -0.0776681 0.00251921 0.549085 0.236366 8.03724 939.93
981 -65.3953 0.126852 1036.72 -0.113137 -0.00127613 -0.0587416 0 0 -1.42974e-05 0.837485 0.117591 -0.0657501 -0.821711 -0.0357813 0.619393 0.0197059 -0.183766 0.111548 -0.745937 -0.0779424 0.00216857 0.00246008 0 -0.183766 -0.0779424 0.00246008 0.444005 0.216748 8.03724 943.149
982 -65.8062 0.125937 1038.2 -0.114553 -0.00127074 -0.0599651 0 0 -1.44932e-05 0.820546 0.118147 -0.0639254 -0.824158 -0.0354229 0.613684 0.0178248 -0.18071 0.103586 -0.748098 -0.0781867 0.00212747 0.00239415 0 -0.18071 -0.0781867 0.00239415 0.507195 0.232386 8.03724 946.296
983 -66.183 0.125068 1039.65 -0.115896 -0.00126816 -0.0613119 0 0 -1.46504e-05 0.804812 0.118607 -0.0620986 -0.826338 -0.0351382 0.608471 0.0161559 -0.190474 0.0963224 -0.750081 -0.078347 0.00208977 0.00240647 0 -0.190474 -0.078347 0.00240647 0.523804 0.234814 8.03724 949.351
984 -66.5287 0.124218 1041.09 -0.117174 -0.00126866 -0.0627825 0 0 -1.47727e-05 0.790175 0.118985 -0.0603038 -0.828464 -0.0349492 0.60371 0.0146742 -0.177327 0.0896895 -0.751899 -0.0786198 0.00205519 0.00231728 0 -0.177327 -0.0786198 0.00231728 0.453813 0.217518 8.03724 952.478
985 -66.8563 0.123384 1042.52 -0.118421 -0.00126913 -0.0642788 0 0 -1.48724e-05 0.776146 0.119304 -0.0585605 -0.830493 -0.0347713 0.599216 0.0133502 -0.174172 0.0835853 -0.753623 -0.078893 0.00202242 0.00223378 0 -0.174172 -0.078893 0.00223378 0.364787 0.189358 8.03724 955.636
986 -67.1568 0.122552 1043.93 -0.119611 -0.00127181 -0.0658604 0 0 -1.49427e-05 0.763083 0.11956 -0.0568744 -0.832326 -0.0346523 0.59511 0.012173 -0.16789 0.0780094 -0.755204 -0.0791151 0.00199235 0.00216398 0 -0.16789 -0.0791151 0.00216398 0.367621 0.186864 8.03724 958.75
987 -67.436 0.121755 1045.34 -0.12076 -0.00127568 -0.0674911 0 0 -1.49895e-05 0.750773 0.119767 -0.0552592 -0.833983 -0.0345732 0.591309 0.0111233 -0.165428 0.0729009 -0.756672 -0.0792753 0.00196442 0.00214709 0 -0.165428 -0.0792753 0.00214709 0.3851 0.194014 8.03724 961.766
988 -67.6903 0.120985 1046.73 -0.121857 -0.00128163 -0.0691945 0 0 -1.50107e-05 0.739358 0.119927 -0.0537209 -0.835437 -0.0345493 0.587858 0.0101892 -0.168602 0.0682386 -0.75801 -0.0793654 0.00193898 0.00215826 0 -0.168602 -0.0793654 0.00215826 0.429201 0.209769 8.03724 964.657
989 -67.693 0.120306 1048.11 -0.122253 -0.00133785 -0.0725076 0 0 -1.48239e-05 0.737379 0.119929 -0.0522807 -0.835353 -0.0356259 0.587821 0.00947188 -0.181873 0.0647523 -0.758025 -0.0792662 0.0019387 0.00224209 0 -0.181873 -0.0792662 0.00224209 0.519528 0.248177 8.03724 967.488
990 -67.899 0.119628 1049.47 -0.12323 -0.00134943 -0.0743685 0 0 -1.48018e-05 0.727563 0.12004 -0.0511721 -0.836507 -0.0359365 0.585033 0.00872945 -0.191968 0.0608546 -0.759109 -0.079316 0.00191808 0.00227769 0 -0.191968 -0.079316 0.00227769 0.536819 0.238823 8.03724 970.126
991 -68.0801 0.118985 1050.8 -0.124149 -0.00136289 -0.0762869 0 0 -1.4757e-05 0.718701 0.120122 -0.0501054 -0.837543 -0.0361159 0.582589 0.00806913 -0.191065 0.0573154 -0.760062 -0.0793811 0.00189997 0.00230216 0 -0.191065 -0.0793811 0.00230216 0.512067 0.229704 8.03724 972.713
992 -68.2431 0.118355 1052.12 -0.125028 -0.00137797 -0.0782556 0 0 -1.46959e-05 0.710516 0.120184 -0.0490976 -0.838502 -0.0363408 0.580394 0.00747928 -0.19725 0.0540875 -0.760919 -0.0794663 0.00188366 0.0022903 0 -0.19725 -0.0794663 0.0022903 0.581544 0.226494 8.03724 975.254
993 -68.383 0.117772 1053.4 -0.125852 -0.00139605 -0.0803199 0 0 -1.46152e-05 0.703188 0.120228 -0.0481552 -0.839238 -0.0366371 0.578512 0.00695442 -0.205663 0.051162 -0.761656 -0.0794519 0.00186965 0.00233671 0 -0.205663 -0.0794519 0.00233671 0.700214 0.274808 8.03724 977.516
994 -68.4964 0.117232 1054.65 -0.126608 -0.00141836 -0.0825228 0 0 -1.45132e-05 0.696836 0.120257 -0.0472901 -0.839864 -0.0370376 0.57699 0.00648898 -0.205697 0.048526 -0.762253 -0.0794701 0.0018583 0.00237724 0 -0.205697 -0.0794701 0.00237724 0.619717 0.261876 8.03724 979.744
995 -68.6053 0.11668 1055.87 -0.127359 -0.00144003 -0.0846928 0 0 -1.44073e-05 0.690637 0.12028 -0.0465119 -0.840576 -0.0374416 0.575532 0.00606935 -0.200023 0.0461021 -0.762825 -0.0795986 0.00184741 0.00231385 0 -0.200023 -0.0795986 0.00231385 0.588908 0.247513 8.03724 982.082
996 -68.7048 0.116143 1057.07 -0.12809 -0.00146219 -0.0868689 0 0 -1.42942e-05 0.684776 0.120296 -0.0458055 -0.841239 -0.0378542 0.574201 0.00569239 -0.188762 0.0438873 -0.763349 -0.0797279 0.00183746 0.00226332 0 -0.188762 -0.0797279 0.00226332 0.500275 0.232008 8.03724 984.369
997 -68.8082 0.115587 1058.26 -0.128838 -0.0014818 -0.0889418 0 0 -1.41838e-05 0.67877 0.120308 -0.0451631 -0.842023 -0.0382174 0.572821 0.00534982 -0.17175 0.0418362 -0.763892 -0.0799579 0.00182713 0.00212499 0 -0.17175 -0.0799579 0.00212499 0.388573 0.20144 8.03724 986.864
998 -68.899 0.11505 1059.44 -0.129557 -0.00150225 -0.0910311 0 0 -1.40644e-05 0.673227 0.120314 -0.0445622 -0.84248 -0.0385774 0.571608 0.00504275 -0.187951 0.039973 -0.76437 -0.0799278 0.00181803 0.0021621 0 -0.187951 -0.0799278 0.0021621 0.565811 0.236708 8.03724 989.137
999 -68.9602 0.114571 1060.59 -0.130196 -0.00152863 -0.093323 0 0 -1.39242e-05 0.668767 0.120317 -0.0440138 -0.842649 -0.0390745 0.57079 0.00477236 -0.207695 0.0383214 -0.764693 -0.0797675 0.00181189 0.00232002 0 -0.207695 -0.0797675 0.00232002 0.687231 0.266879 8.03724 991.053
1000 -68.9951 0.114128 1061.71 -0.13076 -0.00156048 -0.0958001 0 0 -1.37665e-05 0.665257 0.120317 -0.0435372 -0.842714 -0.0397015 0.570324 0.00453433 -0.228214 0.0368595 -0.764877 -0.0796447 0.00180839 0.00241808 0 -0.228214 -0.0796447 0.00241808 0.768378 0.290698 8.03724 992.865
1001 -69.003 0.113753 1062.79 -0.131245 -0.00159856 -0.0984878 0 0 -1.35918e-05 0.662709 0.120317 -0.0431458 -0.842594 -0.0404767 0.570217 0.00432579 -0.243997 0.0355758 -0.764919 -0.0794817 0.00180759 0.00255468 0 -0.243997 -0.0794817 0.00255468 0.945678 0.333194 8.03724 994.389
1002 -68.9894 0.113422 1063.82 -0.131666 -0.00164176 -0.101343 0 0 -1.34046e-05 0.66091 0.120317 -0.0428475 -0.842452 -0.0413714 0.570397 0.00414274 -0.24953 0.0344475 -0.764848 -0.079413 0.00180894 0.002612 0 -0.24953 -0.079413 0.002612 0.821153 0.325869 8.03724 995.848
1003 -68.9655 0.113095 1064.82 -0.132054 -0.00168727 -0.104255 0 0 -1.32132e-05 0.65945 0.120317 -0.0426419 -0.842258 -0.0423278 0.570714 0.00398035 -0.260338 0.0334433 -0.764723 -0.0793461 0.00181132 0.0026336 0 -0.260338 -0.0793461 0.0026336 1.00223 0.343684 8.03724 997.276
1004 -68.9167 0.112823 1065.78 -0.132364 -0.0017392 -0.107376 0 0 -1.30082e-05 0.658862 0.120315 -0.042518 -0.84175 -0.0434102 0.571363 0.00383995 -0.282434 0.0325818 -0.764467 -0.0790993 0.00181619 0.00282951 0 -0.282434 -0.0790993 0.00282951 0.999237 0.357862 8.03724 998.402
1005 -68.8494 0.112576 1066.68 -0.132613 -0.00179693 -0.110676 0 0 -1.27944e-05 0.658902 0.120311 -0.0424859 -0.841245 -0.0446344 0.57226 0.00371845 -0.287033 0.0318438 -0.764113 -0.0789542 0.00182292 0.00291472 0 -0.287033 -0.0789542 0.00291472 1.05629 0.395145 8.03724 999.423
1006 -68.7831 0.112307 1067.55 -0.132859 -0.00185481 -0.113943 0 0 -1.25852e-05 0.658869 0.120306 -0.0425414 -0.840923 -0.0458775 0.573144 0.00361033 -0.284455 0.0311878 -0.763765 -0.0789875 0.00182954 0.00284492 0 -0.284455 -0.0789875 0.00284492 1.15485 0.38277 8.03724 1000.67
1007 -68.6987 0.112105 1068.37 -0.133045 -0.00191787 -0.117357 0 0 -1.23681e-05 0.659453 0.120295 -0.0426592 -0.840245 -0.0471987 0.574269 0.00351803 -0.307172 0.0306399 -0.763322 -0.0787614 0.00183797 0.00297067 0 -0.307172 -0.0787614 0.00297067 1.34959 0.447006 8.03724 1001.41
1008 -68.4693 0.111971 1069.13 -0.132788 -0.00202174 -0.122181 0 -0.312609 -1.20644e-05 0.665111 0.120252 -0.0428201 -0.838712 -0.0491904 0.577318 0.0034643 -0.329545 0.0304034 -0.762124 -0.0784484 0.00186075 0.00316628 -0.312609 -0.329545 -0.0784484 0.00316628 1.49614 0.499024 8.03724 1001.96
1009 -68.355 0.111817 1069.84 -0.132853 -0.00210682 -0.126285 0 0 -1.18376e-05 0.666655 0.12022 -0.0432308 -0.838095 -0.0512846 0.578872 0.0034013 -0.322793 0.0300616 -0.761515 -0.0784522 0.00187233 0.00311588 0 -0.322793 -0.0784522 0.00311588 1.36252 0.442087 8.03724 1002.7
1010 -68.213 0.111697 1070.51 -0.132828 -0.00219352 -0.130344 0 0 -1.15993e-05 0.669103 0.120174 -0.0436767 -0.837057 -0.0531143 0.580779 0.00335254 -0.350965 0.0298262 -0.760769 -0.0781745 0.00188652 0.00324668 0 -0.350965 -0.0781745 0.00324668 1.6699 0.530535 8.03724 1003.02
1011 -68.0399 0.111684 1071.11 -0.132696 -0.00229438 -0.134827 0 0 -1.13472e-05 0.672604 0.120106 -0.0441812 -0.835961 -0.0552501 0.583108 0.00331834 -0.357903 0.0297029 -0.759859 -0.0780054 0.00190382 0.00334699 0 -0.357903 -0.0780054 0.00334699 1.50031 0.502627 8.03724 1003.14
1012 -67.8532 0.111697 1071.64 -0.13251 -0.00240227 -0.13946 0 0 -1.10922e-05 0.676533 0.120018 -0.0447418 -0.834501 -0.0574886 0.585626 0.00329476 -0.407658 0.0296594 -0.758878 -0.0775455 0.00192248 0.00360761 0 -0.407658 -0.0775455 0.00360761 2.00609 0.629336 8.03724 1002.82
1013 -67.5172 0.111841 1072.09 -0.131856 -0.00256649 -0.145857 0 -0.308364 -1.07553e-05 0.685539 0.119823 -0.0453758 -0.832236 -0.0608546 0.590152 0.0033053 -0.43972 0.0299088 -0.75712 -0.0770713 0.0019559 0.00388219 -0.308364 -0.43972 -0.0770713 0.00388219 2.23456 0.69465 8.03724 1002.11
1014 -67.2637 0.11205 1072.45 -0.131422 -0.0027239 -0.151898 0 0 -1.04733e-05 0.691618 0.119645 -0.0462386 -0.83053 -0.0643441 0.593618 0.00331177 -0.467237 0.0301072 -0.75578 -0.0767313 0.0019814 0.00403015 0 -0.467237 -0.0767313 0.00403015 2.49431 0.762803 8.03724 1001
1015 -66.9733 0.112315 1072.72 -0.130862 -0.00289391 -0.158131 0 0 -1.01772e-05 0.698853 0.11941 -0.0471556 -0.828583 -0.0678373 0.597576 0.00333191 -0.492506 0.0304186 -0.754254 -0.0763398 0.00201042 0.00423899 0 -0.492506 -0.0763398 0.00423899 2.42969 0.779046 8.03724 999.671
1016 -66.6102 0.11259 1072.9 -0.130055 -0.0031106 -0.165622 0 0 -9.8468e-06 0.708459 0.119071 -0.0482068 -0.82621 -0.0724888 0.602547 0.00337344 -0.517805 0.0309131 -0.752345 -0.075912 0.00204672 0.00443313 0 -0.517805 -0.075912 0.00443313 2.69826 0.822746 8.03724 998.233
1017 -66.3034 0.112924 1072.99 -0.129403 -0.00330949 -0.172302 0 0 -9.55603e-06 0.716031 0.118747 -0.0493516 -0.824273 -0.0766315 0.606766 0.00341342 -0.530831 0.0313837 -0.750731 -0.0756192 0.0020774 0.00456085 0 -0.530831 -0.0756192 0.00456085 2.52163 0.820088 8.03724 996.72
1018 -65.9954 0.113192 1073.01 -0.128727 -0.0035203 -0.179114 0 0 -9.27141e-06 0.723567 0.118388 -0.0505431 -0.822382 -0.0810139 0.611017 0.00346109 -0.528128 0.0319158 -0.749112 -0.0753784 0.00210821 0.00463823 0 -0.528128 -0.0753784 0.00463823 2.69396 0.828399 8.03724 995.278
1019 -65.6883 0.11347 1072.97 -0.128038 -0.0037405 -0.18596 0 0 -8.99401e-06 0.730999 0.117998 -0.0517613 -0.820424 -0.0855276 0.615269 0.00351565 -0.543688 0.0325027 -0.747497 -0.0750659 0.0021389 0.00477304 0 -0.543688 -0.0750659 0.00477304 2.84451 0.872461 8.03724 993.714
1020 -65.3695 0.11378 1072.85 -0.127294 -0.00397975 -0.193101 0 0 -8.71659e-06 0.73876 0.11756 -0.0529973 -0.818435 -0.0903843 0.6197 0.00357913 -0.552874 0.0331639 -0.745821 -0.0747848 0.00217078 0.00488921 0 -0.552874 -0.0747848 0.00488921 2.84488 0.895462 8.03724 991.907
1021 -65.027 0.114174 1072.65 -0.12646 -0.0042453 -0.20069 0 0 -8.43289e-06 0.747235 0.117054 -0.0542452 -0.816058 -0.0956923 0.624477 0.00365355 -0.599042 0.0339184 -0.744021 -0.0742419 0.00220501 0.00518142 0 -0.599042 -0.0742419 0.00518142 3.29553 0.995089 8.03724 989.597
1022 -64.6412 0.114691 1072.34 -0.125472 -0.00455723 -0.209204 0 0 -8.13268e-06 0.757054 0.116441 -0.0555177 -0.813405 -0.101884 0.629881 0.00374301 -0.647803 0.0348037 -0.741994 -0.0736549 0.00224356 0.00550265 0 -0.647803 -0.0736549 0.00550265 3.6073 1.11313 8.03724 986.666
1023 -64.2084 0.115326 1071.91 -0.124318 -0.00492609 -0.218797 0 0 -7.81465e-06 0.768301 0.115702 -0.0568338 -0.810501 -0.109151 0.635972 0.00384926 -0.696916 0.0358357 -0.739719 -0.073069 0.00228683 0.00573944 0 -0.696916 -0.073069 0.00573944 4.23842 1.26803 8.03724 983.17
1024 -63.7082 0.11619 1071.33 -0.122933 -0.00537583 -0.229901 0 0 -7.469e-06 0.781595 0.114784 -0.0582008 -0.807012 -0.117916 0.643046 0.00397731 -0.778879 0.0370601 -0.73709 -0.0722586 0.00233681 0.00620535 0 -0.778879 -0.0722586 0.00620535 4.52918 1.35241 8.03724 978.786
1025 -63.1486 0.117096 1070.61 -0.12134 -0.00592069 -0.242645 0 0 -7.10079e-06 0.796607 0.113682 -0.0596423 -0.803221 -0.128473 0.651005 0.00412807 -0.849952 0.0384838 -0.73415 -0.0714639 0.00239273 0.00661994 0 -0.849952 -0.0714639 0.00661994 5.01581 1.475 8.03724 974.096
1026 -62.5214 0.118189 1069.7 -0.119512 -0.00659043 -0.257442 0 0 -6.70659e-06 0.81355 0.112358 -0.0611532 -0.799046 -0.141269 0.659983 0.00430545 -0.911445 0.0401413 -0.730853 -0.0706485 0.00245542 0.00706766 0 -0.911445 -0.0706485 0.00706766 5.42081 1.58235 8.03724 968.624
1027 -61.807 0.119487 1068.61 -0.117385 -0.00743374 -0.274961 0 0 -6.27729e-06 0.832991 0.110748 -0.0627167 -0.794318 -0.157091 0.670282 0.00451627 -0.968182 0.0420937 -0.727098 -0.0697467 0.00252684 0.00755079 0 -0.968182 -0.0697467 0.00755079 5.65826 1.71863 8.03724 962.466
1028 -61.0044 0.120798 1067.33 -0.114958 -0.00849588 -0.295614 0 0 -5.81346e-06 0.854861 0.108821 -0.064315 -0.789307 -0.176575 0.68194 0.00476485 -1.00873 0.0443779 -0.722878 -0.0690358 0.00260708 0.00780497 0 -1.00873 -0.0690358 0.00780497 5.95485 1.81693 8.03724 956.321
1029 -60.1498 0.122181 1065.88 -0.112347 -0.00976681 -0.318633 0 -0.27579 -5.33467e-06 0.877875 0.106655 -0.0659239 -0.783994 -0.19925 0.694429 0.00504772 -1.05057 0.0469584 -0.718393 -0.0682933 0.00269237 0.00809536 -0.27579 -1.05057 -0.0682933 0.00809536 6.50428 1.93732 8.03724 949.894
1030 -59.2789 0.123712 1064.25 -0.109654 -0.0114086 -0.346614 0 0 -4.85685e-06 0.900882 0.104333 -0.0675523 -0.778482 -0.227244 0.707294 0.00536425 -1.10858 0.0498247 -0.713808 -0.067453 0.00277956 0.00845957 0 -1.10858 -0.067453 0.00845957 7.08294 2.07574 8.03724 942.591
1031 -58.3536 0.125491 1062.39 -0.106775 -0.0133424 -0.376978 0 0 -4.36291e-06 0.925055 0.10177 -0.069072 -0.772343 -0.258533 0.721046 0.00572194 -1.21169 0.053044 -0.708945 -0.0662696 0.00287204 0.00897913 0 -1.21169 -0.0662696 0.00897913 8.07017 2.3979 8.03724 933.752
1032 -57.2817 0.127622 1060.25 -0.103417 -0.0159914 -0.415429 0 0 -3.80768e-06 0.953179 0.0986988 -0.0703906 -0.7653 -0.299217 0.737102 0.00614738 -1.32973 0.056856 -0.703312 -0.0649668 0.00297916 0.00960663 0 -1.32973 -0.0649668 0.00960663 8.97119 2.66062 8.03724 923.558
1033 -56.0889 0.13008 1057.83 -0.0996591 -0.0197032 -0.464588 0 0 -3.2045e-06 0.984138 0.0951821 -0.0715121 -0.75799 -0.3523 0.755127 0.00664675 -1.37806 0.0613087 -0.697043 -0.0640462 0.00309839 0.00995764 0 -1.37806 -0.0640462 0.00995764 8.8687 2.68578 8.03724 912.899
1034 -54.6789 0.132478 1055.18 -0.0952019 -0.0253008 -0.530511 0 0 -2.50809e-06 1.02055 0.0909379 -0.0723144 -0.749314 -0.425973 0.776623 0.00725583 -1.4328 0.0667206 -0.689631 -0.0629219 0.00323933 0.0103745 0 -1.4328 -0.0629219 0.0103745 9.56316 2.82485 8.03724 902.63
1035 -53.1599 0.135304 1052.27 -0.0903898 -0.0333842 -0.612506 0 0 -1.77108e-06 1.05864 0.0863154 -0.0728494 -0.739531 -0.520835 0.799982 0.00796593 -1.5394 0.0729992 -0.681649 -0.0612733 0.00339112 0.0111737 0 -1.5394 -0.0612733 0.0111737 10.5857 3.16725 8.03724 890.524
1036 -51.4523 0.138269 1049.07 -0.0849757 -0.0456149 -0.715072 0 0 -9.55505e-07 1.10042 0.0811205 -0.0729913 -0.728752 -0.649023 0.826464 0.00881253 -1.65967 0.0804559 -0.672677 -0.0596367 0.00356174 0.0118554 0 -1.65967 -0.0596367 0.0118554 11.6795 3.4626 8.03724 877.999
1037 -49.4505 0.141531 1045.56 -0.0786322 -0.0657537 -0.845905 0 0 -1.16925e-08 1.14816 0.0751126 -0.0726027 -0.716303 -0.837958 0.857756 0.00984953 -1.75656 0.0895641 -0.662159 -0.0579056 0.00376175 0.0125569 0 -1.75656 -0.0579056 0.0125569 12.5468 3.75592 8.03724 864.071
1038 -46.9377 0.145235 1041.7 -0.0706866 -0.101412 -1.00509 0 0 1.16177e-06 1.2067 0.0678109 -0.0714201 -0.700882 -1.13804 0.897315 0.0111748 -1.85543 0.101188 -0.648958 -0.0559369 0.0040128 0.0132291 0 -1.85543 -0.0559369 0.0132291 13.5447 4.06914 8.03724 849.084
1039 -43.8498 0.149362 1037.51 -0.0609542 -0.165118 -1.15539 0 -0.411594 2.59466e-06 1.27466 0.0593594 -0.0693498 -0.681976 -1.64603 0.946131 0.0128668 -1.98209 0.116003 -0.632749 -0.0535476 0.00432104 0.0139849 -0.411594 -1.98209 -0.0535476 0.0139849 14.9304 4.52865 8.03724 832.874
1040 -39.7379 0.15427 1032.98 -0.04803 -0.274927 -1.1688 0 -0.188953 4.5025e-06 1.35888 0.0491709 -0.0658553 -0.656938 -2.64785 1.01118 0.0151511 -2.1362 0.135992 -0.611149 -0.0505203 0.0047318 0.0148911 -0.188953 -2.1362 -0.0505203 0.0148911 15.7128 4.86341 8.03724 815.819
1041 -34.2838 0.159918 1028.19 -0.0309606 -0.340806 -0.775643 0 -0.333891 7.04332e-06 1.45564 0.0377146 -0.0605429 -0.62348 -4.68811 1.09645 0.018308 -2.38097 0.163567 -0.582517 -0.0462392 0.00527629 0.0158848 -0.333891 -2.38097 -0.0462392 0.0158848 18.1116 5.62161 8.03724 798.648
1042 -26.2641 0.167673 1023.18 -0.00597483 -0.201552 -0.252477 0 -0.412068 1.08246e-05 1.56917 0.0249131 -0.0519182 -0.574803 -8.71772 1.21722 0.0234879 -2.59552 0.208624 -0.540433 -0.0404471 0.0060766 0.0165584 -0.412068 -2.59552 -0.0404471 0.0165584 21.6515 6.97659 8.03724 779.636
1043 -13.9955 0.179057 1018.08 0.032095 -0.0525953 -0.052207 0 -1.90597 1.67834e-05 1.65942 0.0126851 -0.0377886 -0.502552 -11.9301 1.38442 0.036708 -2.42437 0.322052 -0.476015 -0.0338392 0.00730162 0.0167399 -1.90597 -2.42437 -0.0338392 0.0167399 24.6602 8.50126 8.03724 760.104
1044 -1.12443 0.191804 1013.2 0.0718168 -0.0117683 -0.0112683 0 -5.33939 2.36433e-05 1.55265 0.00602018 -0.0222668 -0.428836 -7.14274 1.52991 0.081775 -1.93327 0.69317 -0.408266 -0.0291597 0.00858998 0.0166947 -5.33939 -1.93327 -0.0291597 0.0166947 22.9836 7.8245 8.03724 744.535
1045 7.29269 0.202501 1008.69 0.0972585 -0.00415896 -0.00382468 0 -7.51405 2.95042e-05 1.2718 0.00364402 -0.0119188 -0.381596 -2.10863 1.6071 0.184356 -1.49468 1.4675 -0.363898 -0.0271323 0.00943373 0.0165331 -7.51405 -1.49468 -0.0271323 0.0165331 19.489 6.37331 8.03724 732.985
1046 11.2233 0.209561 1004.56 0.108423 -0.00230037 -0.0020426 0 -5.38317 3.43853e-05 1.01084 0.00287102 -0.00706016 -0.360922 -0.401599 1.63855 0.326128 -1.0971 2.40078 -0.343094 -0.0276579 0.00982935 0.0161138 -5.38317 -1.0971 -0.0276579 0.0161138 14.2734 4.74224 8.03724 726.65
1047 12.5545 0.213867 1000.83 0.111329 -0.00157879 -0.00138088 0 -6.12632 3.87282e-05 0.847391 0.00264814 -0.00541674 -0.354855 -0.0627833 1.64851 0.474043 -0.85494 3.21 -0.336077 -0.0287407 0.00996279 0.0156078 -6.12632 -0.85494 -0.0287407 0.0156078 11.8867 3.84272 8.03724 723.829
1048 12.0649 0.216275 997.529 0.108725 -0.00118909 -0.00105056 0 -5.02169 4.2285e-05 0.767333 0.00272631 -0.00598431 -0.358896 -0.0098721 1.64496 0.604741 -0.712683 3.76378 -0.338601 -0.0302099 0.00991478 0.0151408 -5.02169 -0.712683 -0.0302099 0.0151408 9.76003 3.17136 8.03724 723.324
1049 10.4922 0.217364 994.653 0.103018 -0.000932938 -0.000846933 0 -4.00905 4.48577e-05 0.748093 0.00299711 -0.00786262 -0.368949 -0.00186187 1.63311 0.705462 -0.61562 4.0445 -0.346833 -0.0318738 0.00975824 0.0147164 -4.00905 -0.61562 -0.0318738 0.0147164 7.94175 2.67883 8.03724 724.344
1050 8.44997 0.217469 992.194 0.0961116 -0.000743535 -0.000700175 0 -4.26064 4.65163e-05 0.771481 0.00338994 -0.0103078 -0.381498 -0.000517143 1.61697 0.773806 -0.565436 4.10501 -0.357575 -0.0334778 0.00955397 0.0142686 -4.26064 -0.565436 -0.0334778 0.0142686 7.65153 2.51607 8.03724 726.484
1051 5.94261 0.217012 990.128 0.088053 -0.000600578 -0.000594523 0 -5.07268 4.71816e-05 0.818687 0.00394156 -0.0133063 -0.396813 -0.000292362 1.59605 0.811046 -0.522287 4.00474 -0.370781 -0.0353339 0.00930282 0.013771 -5.07268 -0.522287 -0.0353339 0.013771 7.17036 2.2524 8.03724 729.265
1052 3.66275 0.216252 988.437 0.0808659 -0.000482189 -0.000507603 0 -4.11084 4.75183e-05 0.878037 0.00451554 -0.0160092 -0.410351 -0.000310009 1.57603 0.828806 -0.520331 3.8325 -0.382748 -0.0366781 0.00907524 0.0135116 -4.11084 -0.520331 -0.0366781 0.0135116 6.32373 2.08017 8.03724 732.404
1053 1.32477 0.21512 987.091 0.0736547 -0.000387962 -0.000447965 0 -4.13914 4.73357e-05 0.943727 0.00518899 -0.0187783 -0.424686 -0.000432941 1.55439 0.828625 -0.456406 3.61258 -0.395047 -0.0384803 0.00884136 0.012937 -4.13914 -0.456406 -0.0384803 0.012937 5.68768 1.92395 8.03724 736.074
1054 -1.18006 0.213575 986.07 0.0661024 -0.000313777 -0.00042105 0 -4.24207 4.65803e-05 1.0131 0.00601757 -0.0217402 -0.439758 -0.000659254 1.52999 0.813259 -0.443964 3.36717 -0.408227 -0.0401208 0.00859072 0.0124237 -4.24207 -0.443964 -0.0401208 0.0124237 5.47595 1.78032 8.03724 740.02
1055 -3.02719 0.212061 985.354 0.0605321 -0.000249335 -0.000409577 0 -4.03255 4.61497e-05 1.0839 0.00670776 -0.0239072 -0.450712 -0.000957087 1.51119 0.795544 -0.434275 3.14744 -0.41794 -0.0411781 0.00840601 0.0121792 -4.03255 -0.434275 -0.0411781 0.0121792 5.09976 1.75131 8.03724 744.307
1056 -5.62713 0.210045 984.929 0.0529399 -0.000202474 -0.000451125 0 -2.52047 4.46995e-05 1.14423 0.00780547 -0.0269612 -0.466702 -0.0014154 1.48363 0.764628 -0.370301 2.90851 -0.431578 -0.0432713 0.00814667 0.0114276 -2.52047 -0.370301 -0.0432713 0.0114276 3.82006 1.3862 8.03724 749.086
1057 -7.72895 0.207813 984.763 0.0467952 -0.000162354 -0.000542849 0 -3.95521 4.3476e-05 1.21293 0.00882258 -0.0294361 -0.47929 -0.00208939 1.46019 0.733742 -0.363992 2.70091 -0.442673 -0.0445525 0.00793567 0.0110291 -3.95521 -0.363992 -0.0445525 0.0110291 4.18409 1.39597 8.03724 754.113
1058 -9.11401 0.205826 984.848 0.0427486 -0.000127654 -0.000644659 0 -3.14648 4.28465e-05 1.27812 0.00955545 -0.0310429 -0.487276 -0.0028608 1.44436 0.708003 -0.382373 2.53272 -0.44994 -0.0451339 0.00779748 0.0109318 -3.14648 -0.382373 -0.0451339 0.0109318 4.3263 1.48551 8.03724 759.085
1059 -11.0185 0.203768 985.153 0.0372895 -0.000102106 -0.000813594 0 -2.76869 4.15225e-05 1.3265 0.0106595 -0.0332698 -0.498619 -0.00384156 1.42192 0.676835 -0.384256 2.36185 -0.45995 -0.046276 0.00760712 0.0106281 -2.76869 -0.384256 -0.046276 0.0106281 3.90548 1.32604 8.03724 763.881
1060 -13.0545 0.201549 985.642 0.0315174 -8.24368e-05 -0.00109175 0 -2.13059 3.99091e-05 1.3714 0.0119708 -0.0356512 -0.51102 -0.00516131 1.39716 0.64432 -0.331241 2.20196 -0.470643 -0.0477803 0.00740377 0.0101441 -2.13059 -0.331241 -0.0477803 0.0101441 3.10472 1.13523 8.03724 768.924
1061 -15.1425 0.199136 986.304 0.0256383 -6.76795e-05 -0.00154231 0 -2.08197 3.80943e-05 1.41619 0.0134737 -0.0380992 -0.523525 -0.00695604 1.3709 0.611702 -0.325486 2.05521 -0.481626 -0.0490932 0.00719491 0.00963997 -2.08197 -0.325486 -0.0490932 0.00963997 2.98214 1.08649 8.03724 774.024
1062 -17.1946 0.196709 987.11 0.0198926 -5.76778e-05 -0.00222709 0 -2.54112 3.61926e-05 1.46054 0.0151221 -0.0405092 -0.535758 -0.00930759 1.34426 0.580258 -0.32341 1.92318 -0.492434 -0.050314 0.00698938 0.00923924 -2.54112 -0.32341 -0.050314 0.00923924 2.98095 1.04879 8.03724 779.134
1063 -18.8641 0.194401 988.061 0.0152403 -5.16232e-05 -0.00302781 0 -2.66913 3.46308e-05 1.5026 0.0165974 -0.0424653 -0.545653 -0.0120433 1.32204 0.553154 -0.326517 1.81286 -0.50122 -0.0512553 0.0068223 0.00898843 -2.66913 -0.326517 -0.0512553 0.00898843 3.04555 0.988284 8.03724 784.403
1064 -20.8312 0.192074 989.134 0.00980955 -5.25898e-05 -0.00420478 0 -2.00387 3.2656e-05 1.5328 0.0185002 -0.0447706 -0.557497 -0.0152383 1.29529 0.52489 -0.29257 1.70463 -0.51155 -0.0525731 0.00662586 0.00858204 -2.00387 -0.29257 -0.0525731 0.00858204 2.48074 0.872114 8.03724 789.581
1065 -22.8833 0.189658 990.316 0.00416182 -6.49094e-05 -0.00599285 0 -2.24872 3.05025e-05 1.55822 0.0207001 -0.0471839 -0.569753 -0.0188495 1.26663 0.497225 -0.295415 1.60327 -0.522351 -0.0538227 0.00642045 0.00807094 -2.24872 -0.295415 -0.0538227 0.00807094 2.672 0.88071 8.03724 794.761
1066 -24.4074 0.187477 991.588 -2.3049e-05 -8.92555e-05 -0.00816493 0 -2.99381 2.88937e-05 1.58938 0.0224873 -0.0489768 -0.578593 -0.0227456 1.24488 0.474782 -0.316453 1.52228 -0.530389 -0.054471 0.0062676 0.00800476 -2.99381 -0.316453 -0.054471 0.00800476 3.01639 0.970857 8.03724 799.844
1067 -26.0848 0.185409 992.95 -0.0045949 -0.000127643 -0.0107591 0 -2.86303 2.70704e-05 1.60697 0.0246058 -0.0509471 -0.588481 -0.0267548 1.22061 0.452167 -0.326473 1.44312 -0.53921 -0.0553714 0.00609985 0.00777166 -2.86303 -0.326473 -0.0553714 0.00777166 3.00768 0.915126 8.03724 804.732
1068 -27.9685 0.183371 994.375 -0.0096871 -0.000197718 -0.0144809 0 -1.14664 2.49756e-05 1.61533 0.0271818 -0.0531527 -0.599619 -0.0304553 1.19302 0.428967 -0.31367 1.36424 -0.549074 -0.0564571 0.00591227 0.00749548 -1.14664 -0.31367 -0.0564571 0.00749548 2.11822 0.835455 8.03724 809.49
1069 -29.9604 0.181107 995.855 -0.0150873 -0.000321396 -0.0199253 0 -1.95766 2.27024e-05 1.61876 0.0301784 -0.0555012 -0.611725 -0.0335513 1.16317 0.405634 -0.275208 1.28681 -0.559573 -0.0578649 0.00571262 0.00699649 -1.95766 -0.275208 -0.0578649 0.00699649 2.05533 0.701304 8.03724 814.651
1070 -31.9184 0.178744 997.403 -0.0203645 -0.000501675 -0.026905 0 -1.89591 2.04449e-05 1.61835 0.0333875 -0.0578038 -0.623571 -0.0361586 1.13345 0.383123 -0.245288 1.21341 -0.56987 -0.0592177 0.00551679 0.00645132 -1.89591 -0.245288 -0.0592177 0.00645132 2.01503 0.673632 8.03724 820.021
1071 -33.5187 0.176682 999.017 -0.0246366 -0.000718725 -0.0344744 0 -0.329645 1.85945e-05 1.62033 0.036205 -0.0596738 -0.633029 -0.039087 1.109 0.363528 -0.247798 1.15027 -0.578248 -0.0601388 0.00535748 0.00620146 -0.329645 -0.247798 -0.0601388 0.00620146 1.10855 0.565228 8.03724 825.265
1072 -35.6217 0.174358 1000.67 -0.0302754 -0.000990163 -0.0441944 0 -0.345607 1.61324e-05 1.60339 0.0402215 -0.0621436 -0.645474 -0.0401478 1.07638 0.340614 -0.247988 1.07762 -0.589312 -0.0613098 0.00514708 0.00590273 -0.345607 -0.247988 -0.0613098 0.00590273 1.19481 0.531535 8.03724 830.326
1073 -37.707 0.172061 1002.35 -0.0358579 -0.00130861 -0.0553138 0 -0.902741 1.36779e-05 1.58377 0.0445514 -0.0645874 -0.657922 -0.0399898 1.04369 0.317779 -0.227479 1.00623 -0.600296 -0.0625648 0.0049382 0.00554509 -0.902741 -0.227479 -0.0625648 0.00554509 1.30791 0.516986 8.03724 835.448
1074 -39.7921 0.169725 1004.06 -0.0414201 -0.00158135 -0.0656081 0 -0.946323 1.12236e-05 1.55924 0.0492222 -0.0670153 -0.670428 -0.039404 1.01083 0.294851 -0.208326 0.935456 -0.611266 -0.0638916 0.00472959 0.00509853 -0.946323 -0.208326 -0.0638916 0.00509853 1.21755 0.470193 8.03724 840.711
1075 -41.4126 0.167483 1005.8 -0.0457269 -0.00182668 -0.0741053 0 -1.37031 9.30974e-06 1.54361 0.0530958 -0.0688804 -0.679934 -0.0394077 0.985155 0.274693 -0.218978 0.874284 -0.619802 -0.0646989 0.00456725 0.00493567 -1.37031 -0.218978 -0.0646989 0.00493567 1.56832 0.555873 8.03724 846.014
1076 -42.9588 0.165478 1007.57 -0.0498163 -0.0020123 -0.0806142 0 -1.01098 7.49303e-06 1.52256 0.0569732 -0.0706382 -0.689092 -0.0406014 0.96067 0.255142 -0.220577 0.815547 -0.627927 -0.0655778 0.00441274 0.00471992 -1.01098 -0.220577 -0.0655778 0.00471992 1.29827 0.483975 8.03724 851.059
1077 -44.6261 0.163433 1009.35 -0.0542256 -0.00203748 -0.0835916 0 -0.626995 5.54578e-06 1.49255 0.0613544 -0.0725103 -0.698873 -0.0403803 0.934253 0.234996 -0.227408 0.755485 -0.636689 -0.0664305 0.00424612 0.00457671 -0.626995 -0.227408 -0.0664305 0.00457671 1.12017 0.45262 8.03724 855.972
1078 -46.0249 0.161482 1011.15 -0.057914 -0.00206279 -0.0850055 0 -0.43078 3.91853e-06 1.46729 0.0651821 -0.0740325 -0.707073 -0.0405452 0.912099 0.216588 -0.23262 0.701448 -0.644043 -0.0671362 0.00410626 0.00449015 -0.43078 -0.23262 -0.0671362 0.00449015 0.956881 0.439409 8.03724 860.871
1079 -47.3268 0.159651 1012.96 -0.0613408 -0.00206288 -0.0850002 0 -0.220316 2.41551e-06 1.44093 0.0688566 -0.0754033 -0.714728 -0.0410979 0.891522 0.199121 -0.228272 0.650659 -0.650886 -0.0678173 0.00397613 0.00436025 -0.220316 -0.228272 -0.0678173 0.00436025 0.969338 0.452301 8.03724 865.65
1080 -48.7251 0.157783 1014.77 -0.0650357 -0.00198059 -0.082724 0 -0.67878 8.13617e-07 1.40762 0.0729203 -0.0768372 -0.723037 -0.0408652 0.869428 0.181672 -0.219722 0.600052 -0.658255 -0.0686185 0.003836 0.00417029 -0.67878 -0.219722 -0.0686185 0.00417029 1.11482 0.432077 8.03724 870.359
1081 -50.1998 0.155914 1016.58 -0.0689286 -0.00185061 -0.0787131 0 -0.465439 -8.52827e-07 1.36903 0.0772953 -0.0782772 -0.731885 -0.0399818 0.84628 0.164526 -0.203295 0.550455 -0.666007 -0.0695663 0.00368858 0.00387856 -0.465439 -0.203295 -0.0695663 0.00387856 0.886514 0.356094 8.03724 875.117
1082 -51.5378 0.154091 1018.38 -0.0724712 -0.00172403 -0.0740633 0 -0.9543 -2.34911e-06 1.33309 0.0813407 -0.0794559 -0.739812 -0.0390854 0.825333 0.148713 -0.202122 0.505186 -0.673059 -0.0703075 0.00355448 0.00372672 -0.9543 -0.202122 -0.0703075 0.00372672 1.00464 0.372916 8.03724 879.817
1083 -52.581 0.152415 1020.18 -0.0752173 -0.00167849 -0.070891 0 -0.242768 -3.49014e-06 1.30553 0.0845055 -0.0801972 -0.745852 -0.0396085 0.809167 0.134999 -0.219005 0.466532 -0.678529 -0.0707733 0.00345045 0.00372332 -0.242768 -0.219005 -0.0707733 0.00372332 0.785253 0.338483 8.03724 884.425
1084 -53.8497 0.150692 1021.98 -0.0785832 -0.00158479 -0.0667038 0 -0.248297 -4.86636e-06 1.26719 0.0883764 -0.0810835 -0.753453 -0.0390638 0.789558 0.121252 -0.19121 0.42713 -0.685203 -0.0715741 0.00332354 0.00352204 -0.248297 -0.19121 -0.0715741 0.00352204 0.636494 0.303795 8.03724 888.922
1085 -54.7026 0.149121 1023.77 -0.0808504 -0.00154332 -0.0636965 0 -0.251889 -5.76477e-06 1.24278 0.0909722 -0.0813701 -0.75839 -0.0394471 0.77645 0.109881 -0.209717 0.395306 -0.689691 -0.0719374 0.00323819 0.00350453 -0.251889 -0.209717 -0.0719374 0.00350453 0.757978 0.350913 8.03724 893.445
1086 -55.8225 0.147518 1025.56 -0.0838452 -0.0014776 -0.0604073 0 -0.514666 -6.93834e-06 1.20652 0.0943554 -0.0818184 -0.765151 -0.0390391 0.759329 0.0984446 -0.189604 0.362327 -0.695589 -0.0726883 0.00312604 0.00328442 -0.514666 -0.189604 -0.0726883 0.00328442 0.602956 0.264234 8.03724 897.897
1087 -56.8864 0.145915 1027.34 -0.0866956 -0.00140791 -0.0572495 0 0 -8.02556e-06 1.17133 0.0975083 -0.0820155 -0.771466 -0.0383443 0.743237 0.0880716 -0.188047 0.332225 -0.701172 -0.0733139 0.00301985 0.00312999 0 -0.188047 -0.0733139 0.00312999 0.510768 0.249645 8.03724 902.344
1088 -57.9061 0.144329 1029.11 -0.0894605 -0.00132293 -0.0539831 0 -0.531975 -9.04875e-06 1.13677 0.100476 -0.08192 -0.777601 -0.0371081 0.727857 0.0786318 -0.173904 0.304607 -0.70655 -0.0739684 0.00291759 0.00294676 -0.531975 -0.173904 -0.0739684 0.00294676 0.699517 0.277264 8.03724 906.81
1089 -58.7394 0.142891 1030.88 -0.0917315 -0.00130341 -0.0525676 0 0 -9.84747e-06 1.10843 0.102823 -0.0814525 -0.782502 -0.0371596 0.715447 0.0704966 -0.17693 0.280789 -0.71092 -0.0744156 0.00283448 0.00289505 0 -0.17693 -0.0744156 0.00289505 0.443925 0.238261 8.03724 911.138
1090 -59.5134 0.141457 1032.63 -0.0938744 -0.00126663 -0.0510528 0 -0.272965 -1.05694e-05 1.08141 0.104946 -0.0807153 -0.787038 -0.0366275 0.703943 0.0631918 -0.179079 0.259103 -0.714999 -0.0747958 0.00275691 0.00285217 -0.272965 -0.179079 -0.0747958 0.00285217 0.604304 0.285173 8.03724 915.442
1091 -60.3352 0.140106 1034.38 -0.0961565 -0.00125589 -0.0505173 0 0 -1.13209e-05 1.05162 0.10711 -0.0799094 -0.791867 -0.0365531 0.691852 0.0564597 -0.18275 0.238446 -0.719316 -0.0752264 0.00267483 0.00280729 0 -0.18275 -0.0752264 0.00280729 0.434349 0.224139 8.03724 919.57
1092 -61.1168 0.138769 1036.11 -0.0983578 -0.00122508 -0.0497797 0 0 -1.20134e-05 1.02282 0.109079 -0.0788402 -0.796489 -0.0358498 0.680417 0.0504256 -0.178603 0.219533 -0.723428 -0.0756583 0.00259663 0.00273752 0 -0.178603 -0.0756583 0.00273752 0.41629 0.222265 8.03724 923.639
1093 -61.9038 0.137482 1037.82 -0.100598 -0.0011936 -0.0493023 0 0 -1.26927e-05 0.993297 0.110955 -0.0775598 -0.801068 -0.0350229 0.668988 0.0449522 -0.189963 0.201865 -0.727568 -0.0760175 0.00251789 0.00271324 0 -0.189963 -0.0760175 0.00271324 0.570177 0.249496 8.03724 927.508
1094 -62.523 0.136279 1039.5 -0.102418 -0.0011808 -0.0494828 0 -0.286172 -1.31854e-05 0.969875 0.11235 -0.0759302 -0.804688 -0.0344992 0.66004 0.0402846 -0.189205 0.186668 -0.730833 -0.0763114 0.00245581 0.00271734 -0.286172 -0.189205 -0.0763114 0.00271734 0.7129 0.295728 8.03724 931.3
1095 -63.1749 0.13511 1041.17 -0.10434 -0.00117473 -0.0500617 0 0 -1.3693e-05 0.944733 0.113722 -0.0742655 -0.8085 -0.0342368 0.65072 0.0360272 -0.195627 0.172235 -0.734255 -0.0766357 0.00239073 0.00267605 0 -0.195627 -0.0766357 0.00267605 0.536742 0.249234 8.03724 934.999
1096 -63.8001 0.133975 1042.81 -0.106221 -0.00116011 -0.0505894 0 0 -1.41598e-05 0.920258 0.114947 -0.0724471 -0.812198 -0.0336648 0.641822 0.0322248 -0.193975 0.158932 -0.737544 -0.0769824 0.00232818 0.00262496 0 -0.193975 -0.0769824 0.00262496 0.571658 0.241841 8.03724 938.638
1097 -64.1612 0.132936 1044.42 -0.107417 -0.00117756 -0.0520372 0 -0.293471 -1.43554e-05 0.905808 0.115611 -0.0703572 -0.814219 -0.0337123 0.636688 0.0291385 -0.202517 0.148204 -0.739452 -0.0770588 0.0022919 0.00269057 -0.293471 -0.202517 -0.0770588 0.00269057 0.78906 0.338056 8.03724 942.148
1098 -64.4153 0.131995 1046.03 -0.108326 -0.00123442 -0.0546288 0 0 -1.44374e-05 0.895106 0.116053 -0.068479 -0.815732 -0.0350713 0.633125 0.0264903 -0.203432 0.138768 -0.740781 -0.0772175 0.00226663 0.00266192 0 -0.203432 -0.0772175 0.00266192 0.56097 0.266727 8.03724 945.662
1099 -64.8801 0.131026 1047.61 -0.109828 -0.0012336 -0.0557996 0 0 -1.47161e-05 0.875799 0.116819 -0.0668421 -0.818521 -0.0350168 0.626593 0.0238647 -0.200524 0.128649 -0.743226 -0.0775149 0.00222012 0.00258634 0 -0.200524 -0.0775149 0.00258634 0.587776 0.255343 8.03724 948.999
1100 -65.3543 0.130051 1049.17 -0.111378 -0.00122496 -0.0568458 0 0 -1.49923e-05 0.856075 0.117533 -0.0651448 -0.821398 -0.0345957 0.619967 0.0214898 -0.186425 0.119148 -0.74572 -0.0778506 0.00217269 0.00248935 0 -0.186425 -0.0778506 0.00248935 0.512506 0.240038 8.03724 952.364
1101 -65.7454 0.129102 1050.72 -0.112725 -0.00122784 -0.0582724 0 0 -1.51802e-05 0.839544 0.118068 -0.0633504 -0.823767 -0.0343891 0.614529 0.0194281 -0.182611 0.110717 -0.747778 -0.0781224 0.00213357 0.00243172 0 -0.182611 -0.0781224 0.00243172 0.441231 0.220046 8.03724 955.765
1102 -66.1567 0.128148 1052.26 -0.114149 -0.00122272 -0.0595277 0 0 -1.53778e-05 0.822118 0.118576 -0.0615915 -0.826225 -0.0341052 0.608836 0.0175539 -0.181683 0.102743 -0.749942 -0.078376 0.00209242 0.00235796 0 -0.181683 -0.078376 0.00235796 0.48066 0.221086 8.03724 959.138
1103 -66.53 0.127255 1053.78 -0.115492 -0.00122084 -0.0609153 0 0 -1.55316e-05 0.806116 0.118987 -0.0598132 -0.828364 -0.0338423 0.603693 0.0158961 -0.193103 0.0954871 -0.751906 -0.0785135 0.00205506 0.00238382 0 -0.193103 -0.0785135 0.00238382 0.582858 0.237817 8.03724 962.29
1104 -66.8599 0.126417 1055.27 -0.116736 -0.00122384 -0.0624777 0 0 -1.56381e-05 0.791736 0.119307 -0.0580558 -0.830194 -0.0337112 0.599167 0.0144345 -0.201723 0.0889154 -0.753642 -0.0785747 0.00202206 0.00245658 0 -0.201723 -0.0785747 0.00245658 0.555441 0.251012 8.03724 965.273
1105 -67.155 0.125612 1056.74 -0.117904 -0.00123037 -0.0641695 0 0 -1.57068e-05 0.778631 0.119559 -0.0563594 -0.831869 -0.0336861 0.595134 0.0131409 -0.20705 0.0829361 -0.755194 -0.0786673 0.00199253 0.00248601 0 -0.20705 -0.0786673 0.00248601 0.644861 0.262683 8.03724 968.172
1106 -67.4071 0.124858 1058.18 -0.11897 -0.00124225 -0.0660422 0 0 -1.57321e-05 0.76712 0.119747 -0.054749 -0.833331 -0.0338053 0.591701 0.0120018 -0.21047 0.0775363 -0.756521 -0.0787771 0.0019673 0.00249806 0 -0.21047 -0.0787771 0.00249806 0.587373 0.245097 8.03724 971.004
1107 -67.6303 0.124135 1059.59 -0.119971 -0.00125659 -0.0680032 0 0 -1.57277e-05 0.756661 0.119892 -0.0532412 -0.834521 -0.033975 0.58867 0.0109911 -0.222202 0.0726163 -0.757695 -0.0787708 0.00194497 0.00256069 0 -0.222202 -0.0787708 0.00256069 0.707124 0.292738 8.03724 973.612
1108 -67.8355 0.123454 1060.96 -0.120937 -0.00127208 -0.070007 0 0 -1.57042e-05 0.746829 0.120007 -0.051855 -0.83569 -0.0342177 0.585891 0.0100889 -0.22868 0.0681021 -0.758775 -0.0788393 0.00192444 0.0025821 0 -0.22868 -0.0788393 0.0025821 0.791551 0.292011 8.03724 976.141
1109 -68.0112 0.12283 1062.3 -0.121833 -0.00129072 -0.0721149 0 0 -1.56528e-05 0.738083 0.120092 -0.0505777 -0.836597 -0.0345209 0.583516 0.00928934 -0.245853 0.0640055 -0.7597 -0.0788041 0.00190685 0.00265468 0 -0.245853 -0.0788041 0.00265468 0.907189 0.328274 8.03724 978.416
1110 -68.1486 0.122255 1063.59 -0.122633 -0.00131499 -0.0744085 0 0 -1.55673e-05 0.730761 0.12015 -0.049417 -0.837243 -0.0349596 0.581662 0.00858515 -0.268179 0.0603238 -0.760424 -0.0787123 0.00189309 0.00277288 0 -0.268179 -0.0787123 0.00277288 0.998119 0.345908 8.03724 980.466
1111 -68.2571 0.121749 1064.82 -0.123359 -0.00134367 -0.0768462 0 0 -1.54568e-05 0.724497 0.120189 -0.0483904 -0.837797 -0.0355204 0.580202 0.00796176 -0.271796 0.0569965 -0.760994 -0.0786846 0.00188223 0.00286029 0 -0.271796 -0.0786846 0.00286029 0.968978 0.347771 8.03724 982.34
1112 -68.3471 0.121237 1066.02 -0.12404 -0.00137447 -0.0793473 0 0 -1.53311e-05 0.718887 0.120218 -0.0474963 -0.838308 -0.0361388 0.578991 0.00740611 -0.27484 0.0539668 -0.761468 -0.0787132 0.00187322 0.00287147 0 -0.27484 -0.0787132 0.00287147 0.93724 0.333779 8.03724 984.321
1113 -68.4203 0.120716 1067.19 -0.124683 -0.00140643 -0.0818743 0 -0.312856 -1.51933e-05 0.713825 0.120239 -0.0467235 -0.838823 -0.036796 0.577989 0.00690995 -0.259517 0.0512061 -0.761861 -0.078828 0.00186575 0.00280915 -0.312856 -0.259517 -0.078828 0.00280915 0.795482 0.300445 8.03724 986.38
1114 -68.3734 0.120201 1068.33 -0.124975 -0.00146791 -0.0854078 0 0 -1.49594e-05 0.713364 0.120225 -0.046116 -0.838572 -0.0381534 0.578639 0.00650646 -0.257136 0.0489856 -0.761606 -0.0788362 0.00187059 0.00277032 0 -0.257136 -0.0788362 0.00277032 0.905897 0.32081 8.03724 988.545
1115 -68.4481 0.119696 1069.46 -0.125619 -0.00149729 -0.087796 0 0 -1.48249e-05 0.708187 0.120246 -0.0456534 -0.839032 -0.0387624 0.577635 0.00610083 -0.257685 0.0466269 -0.762 -0.078896 0.00186312 0.00275355 0 -0.257685 -0.078896 0.00275355 0.917925 0.325397 8.03724 990.552
1116 -68.5029 0.119241 1070.55 -0.12621 -0.00152988 -0.090283 0 0 -1.46757e-05 0.703775 0.120259 -0.0452255 -0.83928 -0.039411 0.576899 0.00574021 -0.267709 0.0445019 -0.762288 -0.0788494 0.00185762 0.00280372 0 -0.267709 -0.0788494 0.00280372 1.03167 0.362154 8.03724 992.304
1117 -68.5384 0.118855 1071.61 -0.126748 -0.00156617 -0.092886 0 0 -1.4513e-05 0.700092 0.120267 -0.044847 -0.839479 -0.0401491 0.576423 0.00541995 -0.272827 0.0425928 -0.762475 -0.0788578 0.00185407 0.00282541 0 -0.272827 -0.0788578 0.00282541 0.992273 0.363081 8.03724 993.949
1118 -68.5603 0.118467 1072.64 -0.127249 -0.00160486 -0.0955557 0 0 -1.43418e-05 0.696905 0.120271 -0.044527 -0.839602 -0.0409484 0.576128 0.0051344 -0.277069 0.0408712 -0.762591 -0.0788628 0.00185187 0.00282682 0 -0.277069 -0.0788628 0.00282682 1.03668 0.365067 8.03724 995.582
1119 -68.5764 0.118045 1073.64 -0.127733 -0.00164444 -0.098238 0 0 -1.41682e-05 0.693929 0.120275 -0.0442668 -0.839751 -0.0417752 0.575913 0.00487813 -0.262569 0.0393077 -0.762676 -0.0789258 0.00185026 0.0027965 0 -0.262569 -0.0789258 0.0027965 0.895432 0.340759 8.03724 997.351
1120 -68.5939 0.117617 1074.62 -0.128222 -0.00168247 -0.100844 0 0 -1.39977e-05 0.690893 0.120278 -0.0440547 -0.839878 -0.0425632 0.575678 0.00464633 -0.255639 0.0378755 -0.762768 -0.0789584 0.00184851 0.00278507 0 -0.255639 -0.0789584 0.00278507 0.899944 0.332059 8.03724 999.065
1121 -68.597 0.117223 1075.57 -0.128668 -0.00172295 -0.103515 0 0 -1.38189e-05 0.688386 0.120279 -0.0438767 -0.839744 -0.0433836 0.575635 0.00444043 -0.28233 0.0365966 -0.762785 -0.0788077 0.00184818 0.00287834 0 -0.28233 -0.0788077 0.00287834 1.22256 0.408545 8.03724 1000.45
1122 -68.5748 0.116896 1076.48 -0.12904 -0.00177047 -0.106418 0 0 -1.36245e-05 0.686803 0.120274 -0.043748 -0.839594 -0.0443694 0.575931 0.0042608 -0.285194 0.0354829 -0.762669 -0.078776 0.00185039 0.00290994 0 -0.285194 -0.078776 0.00290994 1.08241 0.388139 8.03724 1001.73
1123 -68.467 0.116554 1077.36 -0.129156 -0.00184217 -0.110156 0 0 -1.3373e-05 0.688354 0.120251 -0.0436608 -0.838938 -0.0457377 0.577375 0.00411864 -0.291578 0.0346369 -0.762102 -0.0786976 0.00186117 0.00291335 0 -0.291578 -0.0786976 0.00291335 1.25665 0.424845 8.03724 1003.13
1124 -68.4286 0.116272 1078.21 -0.129468 -0.00189581 -0.113205 0 0 -1.31745e-05 0.687273 0.120241 -0.0437351 -0.838629 -0.0470513 0.57789 0.00397795 -0.298951 0.0337628 -0.7619 -0.0785943 0.00186501 0.00301109 0 -0.298951 -0.0785943 0.00301109 1.20492 0.424636 8.03724 1004.26
1125 -68.3643 0.11604 1079.02 -0.1297 -0.00195539 -0.116425 0 0 -1.29616e-05 0.687129 0.120223 -0.0438376 -0.838033 -0.0482841 0.57875 0.00385752 -0.326343 0.0330259 -0.761563 -0.0783418 0.00187143 0.00315885 0 -0.326343 -0.0783418 0.00315885 1.47753 0.496131 8.03724 1005.09
1126 -68.2761 0.115859 1079.78 -0.129854 -0.0020236 -0.119911 0 0 -1.27363e-05 0.687832 0.120196 -0.0439941 -0.837404 -0.0497204 0.579934 0.00375556 -0.338001 0.0324165 -0.761099 -0.0781846 0.00188024 0.00327289 0 -0.338001 -0.0781846 0.00327289 1.35067 0.452531 8.03724 1005.9
1127 -68.1838 0.115632 1080.5 -0.129988 -0.00209428 -0.123438 0 0 -1.25125e-05 0.688655 0.120163 -0.0442149 -0.836872 -0.0512245 0.581175 0.0036668 -0.333498 0.0318939 -0.760614 -0.0781474 0.00188947 0.00326915 0 -0.333498 -0.0781474 0.00326915 1.30615 0.442161 8.03724 1006.76
1128 -68.0681 0.115426 1081.17 -0.130044 -0.00217366 -0.127216 0 0 -1.22775e-05 0.690288 0.120118 -0.0444896 -0.836107 -0.052898 0.582732 0.00359386 -0.343146 0.0314849 -0.760006 -0.0780021 0.00190103 0.00333202 0 -0.343146 -0.0780021 0.00333202 1.43047 0.469539 8.03724 1007.47
1129 -67.86 0.115316 1081.8 -0.129813 -0.00228851 -0.132147 0 0 -1.19875e-05 0.695185 0.120021 -0.0448428 -0.834695 -0.0552901 0.585538 0.0035493 -0.367144 0.0313027 -0.758912 -0.0777046 0.00192183 0.00349132 0 -0.367144 -0.0777046 0.00349132 1.51257 0.523735 8.03724 1007.82
1130 -67.7124 0.115235 1082.37 -0.129749 -0.00238307 -0.136283 0 0 -1.17426e-05 0.697827 0.119941 -0.0453214 -0.83357 -0.057339 0.587532 0.00350345 -0.405631 0.0310903 -0.758137 -0.0773697 0.00193657 0.00366682 0 -0.405631 -0.0773697 0.00366682 1.97885 0.614709 8.03724 1007.83
1131 -67.5214 0.115216 1082.87 -0.129543 -0.0024975 -0.141006 0 0 -1.14752e-05 0.701983 0.119825 -0.0458459 -0.832364 -0.059686 0.59012 0.00347456 -0.403294 0.0310118 -0.757133 -0.0771866 0.00195567 0.0037565 0 -0.403294 -0.0771866 0.0037565 1.78806 0.582468 8.03724 1007.76
1132 -67.3186 0.115189 1083.31 -0.129287 -0.0026221 -0.145962 0 0 -1.12065e-05 0.706483 0.119685 -0.046463 -0.831 -0.0623753 0.592874 0.00345673 -0.42932 0.0310165 -0.756067 -0.0769089 0.00197593 0.00387959 0 -0.42932 -0.0769089 0.00387959 1.9732 0.615684 8.03724 1007.55
1133 -67.1222 0.115218 1083.69 -0.129037 -0.00274717 -0.150814 0 0 -1.09475e-05 0.7107 0.119534 -0.0471484 -0.829655 -0.0650082 0.595549 0.00344592 -0.436173 0.0310707 -0.755034 -0.0766165 0.00199557 0.0040472 0 -0.436173 -0.0766165 0.0040472 2.10498 0.672142 8.03724 1007.03
1134 -66.9145 0.115296 1083.99 -0.128743 -0.00288058 -0.155817 0 -0.306196 -1.06884e-05 0.715208 0.11936 -0.0478806 -0.828333 -0.0677889 0.598363 0.00344436 -0.452837 0.0311963 -0.753951 -0.0763987 0.00201618 0.00415119 -0.306196 -0.452837 -0.0763987 0.00415119 2.08888 0.67149 8.03724 1006.52
1135 -66.689 0.115333 1084.26 -0.128371 -0.00302915 -0.161169 0 0 -1.04224e-05 0.72039 0.119149 -0.0486693 -0.826956 -0.070894 0.601471 0.00345388 -0.459211 0.031411 -0.752757 -0.0762373 0.00203888 0.00418715 0 -0.459211 -0.0762373 0.00418715 2.20652 0.678814 8.03724 1006.23
1136 -66.462 0.115471 1084.45 -0.127985 -0.00318265 -0.16653 0 0 -1.01622e-05 0.725519 0.118919 -0.0494975 -0.825474 -0.074044 0.604587 0.00347019 -0.476725 0.0316775 -0.751564 -0.0759722 0.00206158 0.00431771 0 -0.476725 -0.0759722 0.00431771 2.34874 0.745333 8.03724 1005.23
1137 -66.2006 0.115698 1084.57 -0.127481 -0.00335878 -0.172416 0 0 -9.88784e-06 0.731776 0.118631 -0.0503611 -0.823609 -0.0776201 0.608183 0.00349907 -0.533994 0.0320495 -0.750191 -0.0755059 0.00208768 0.0045516 0 -0.533994 -0.0755059 0.0045516 2.82959 0.862302 8.03724 1003.7
1138 -65.8919 0.116037 1084.59 -0.126814 -0.00357001 -0.179146 0 0 -9.59214e-06 0.739587 0.118261 -0.051287 -0.821466 -0.0819125 0.612446 0.0035433 -0.577972 0.0325525 -0.748568 -0.0750163 0.00211854 0.00482131 0 -0.577972 -0.0750163 0.00482131 3.07821 0.957397 8.03724 1001.8
1139 -65.5521 0.116459 1084.51 -0.126034 -0.00381334 -0.186558 0 0 -9.28542e-06 0.748352 0.117815 -0.0523035 -0.81937 -0.0868741 0.617159 0.00360071 -0.585217 0.0331672 -0.746782 -0.0747405 0.00215251 0.00493811 0 -0.585217 -0.0747405 0.00493811 3.10188 0.954173 8.03724 999.847
1140 -65.1383 0.116875 1084.37 -0.125007 -0.00411479 -0.195261 0 0 -8.94385e-06 0.759521 0.117222 -0.0534014 -0.816803 -0.0928702 0.622924 0.00367931 -0.601095 0.0339674 -0.744606 -0.0743907 0.00219389 0.00505905 0 -0.601095 -0.0743907 0.00505905 3.33706 1.00484 8.03724 997.808
1141 -64.7077 0.117392 1084.13 -0.123906 -0.00445873 -0.204739 0 0 -8.60104e-06 0.771072 0.116549 -0.0546282 -0.814116 -0.0998889 0.628952 0.00377056 -0.618001 0.0348742 -0.742342 -0.0740115 0.00223694 0.00523277 0 -0.618001 -0.0740115 0.00523277 3.22434 1.00638 8.03724 995.464
1142 -64.1289 0.118025 1083.81 -0.122326 -0.00492964 -0.216916 0 0 -8.18431e-06 0.787441 0.11556 -0.055937 -0.810188 -0.109138 0.637096 0.00389886 -0.706792 0.0361117 -0.7393 -0.0731821 0.00229478 0.0056054 0 -0.706792 -0.0731821 0.0056054 4.2799 1.25173 8.03724 992.435
1143 -63.6141 0.118892 1083.35 -0.120918 -0.00540051 -0.22845 0 0 -7.81278e-06 0.801338 0.114604 -0.0574403 -0.806658 -0.118715 0.644384 0.00402956 -0.770442 0.0373587 -0.736595 -0.0724096 0.00234623 0.00604792 0 -0.770442 -0.0724096 0.00604792 4.50586 1.35897 8.03724 988.347
1144 -63.0898 0.119837 1082.73 -0.119458 -0.0059181 -0.240447 0 0 -7.44473e-06 0.815365 0.113561 -0.0589903 -0.803253 -0.128749 0.651849 0.004174 -0.806402 0.0387213 -0.733839 -0.0718132 0.00239864 0.00630748 0 -0.806402 -0.0718132 0.00630748 5.06746 1.51227 8.03724 983.83
1145 -62.4477 0.120905 1081.96 -0.117613 -0.0066038 -0.25547 0 0 -7.02184e-06 0.833103 0.112196 -0.0605368 -0.798994 -0.141773 0.661048 0.00435371 -0.876888 0.0403969 -0.730464 -0.0709934 0.00246282 0.00675093 0 -0.876888 -0.0709934 0.00675093 5.26213 1.54942 8.03724 978.836
1146 -61.836 0.122054 1081.02 -0.115838 -0.00734063 -0.270685 0 0 -6.62481e-06 0.8495 0.110814 -0.0621706 -0.795045 -0.155706 0.669869 0.00454469 -0.907762 0.0421612 -0.727248 -0.0703212 0.00252398 0.00707085 0 -0.907762 -0.0703212 0.00707085 5.69844 1.66461 8.03724 973.314
1147 -61.177 0.123311 1079.9 -0.113897 -0.0082078 -0.287552 0 0 -6.21185e-06 0.867186 0.109245 -0.0637789 -0.790515 -0.171505 0.679427 0.00476119 -0.987083 0.0441454 -0.723785 -0.06932 0.00258984 0.00759335 0 -0.987083 -0.06932 0.00759335 6.56221 1.90863 8.03724 967.118
1148 -60.3982 0.124874 1078.57 -0.111563 -0.00935 -0.308484 0 0 -5.74536e-06 0.888447 0.107294 -0.0653248 -0.785231 -0.191792 0.690802 0.00502126 -1.07833 0.0465132 -0.719692 -0.0682066 0.00266767 0.00821955 0 -1.07833 -0.0682066 0.00821955 6.83269 2.04206 8.03724 959.864
1149 -59.4084 0.126746 1076.98 -0.108552 -0.010983 -0.336399 0 0 -5.17961e-06 0.916068 0.104685 -0.0667468 -0.77848 -0.220025 0.705373 0.00535001 -1.21448 0.0494911 -0.714491 -0.066756 0.00276658 0.00895099 0 -1.21448 -0.066756 0.00895099 8.12732 2.41584 8.03724 950.962
1150 -58.3689 0.128952 1075.09 -0.105364 -0.0130784 -0.369602 0 0 -4.60003e-06 0.944479 0.101815 -0.0681653 -0.77163 -0.25472 0.720811 0.00572575 -1.32704 0.0528711 -0.709028 -0.0654722 0.00287046 0.00958044 0 -1.32704 -0.0654722 0.00958044 9.10312 2.68429 8.03724 940.725
1151 -57.12 0.131557 1072.87 -0.101504 -0.0161558 -0.414218 0 0 -3.92507e-06 0.978683 0.098228 -0.0693924 -0.763694 -0.302928 0.739533 0.00619044 -1.41271 0.0570329 -0.702464 -0.0642254 0.0029953 0.010145 0 -1.41271 -0.0642254 0.010145 9.58504 2.84893 8.03724 929.479
1152 -55.6678 0.134417 1070.32 -0.0969933 -0.0206615 -0.472683 0 0 -3.15978e-06 1.01805 0.0939235 -0.070379 -0.754462 -0.36795 0.76152 0.00675862 -1.51307 0.0620984 -0.694831 -0.0627714 0.00314044 0.0107472 0 -1.51307 -0.0627714 0.0107472 10.6174 3.17871 8.03724 917.114
1153 -54.1996 0.137439 1067.43 -0.092419 -0.0271523 -0.546414 0 -0.250124 -2.4001e-06 1.05614 0.0894879 -0.0712314 -0.74524 -0.451272 0.783944 0.00740439 -1.61673 0.0678181 -0.687122 -0.0614051 0.00328704 0.0113067 -0.250124 -1.61673 -0.0614051 0.0113067 11.4604 3.34979 8.03724 904.208
1154 -52.5334 0.140775 1064.2 -0.0872091 -0.0369676 -0.640194 0 0 -1.55184e-06 1.09863 0.0844065 -0.0716934 -0.735106 -0.563809 0.80967 0.00818234 -1.6577 0.074681 -0.678358 -0.0602018 0.0034537 0.0117803 0 -1.6577 -0.0602018 0.0117803 11.2904 3.43868 8.03724 890.84
1155 -50.5883 0.1441 1060.7 -0.0811339 -0.0527141 -0.760294 0 -0.234717 -5.77744e-07 1.14709 0.078515 -0.0716448 -0.723344 -0.723444 0.839925 0.0091352 -1.70421 0.0830593 -0.668143 -0.0588494 0.00364797 0.0122507 -0.234717 -1.70421 -0.0588494 0.0122507 11.8108 3.5258 8.03724 877.997
1156 -48.0515 0.14777 1056.91 -0.0732173 -0.0830058 -0.926258 0 0 6.78899e-07 1.20946 0.071007 -0.0707256 -0.707554 -0.994903 0.879751 0.0103885 -1.8389 0.0940677 -0.654809 -0.0566465 0.00390154 0.0130752 0 -1.8389 -0.0566465 0.0130752 13.2242 3.94852 8.03724 863.551
1157 -45.2319 0.151813 1052.81 -0.0644339 -0.13455 -1.09406 0 0 2.06403e-06 1.27367 0.0630605 -0.0692287 -0.690255 -1.41691 0.92428 0.011911 -1.95587 0.107393 -0.639998 -0.0544394 0.00418319 0.01385 0 -1.95587 -0.0544394 0.01385 13.845 4.22312 8.03724 848.389
1158 -41.6867 0.156232 1048.4 -0.0534234 -0.222095 -1.188 0 0 3.7998e-06 1.34951 0.053834 -0.0666373 -0.668582 -2.15024 0.980405 0.013883 -2.10765 0.124624 -0.621379 -0.0517406 0.00453726 0.0147064 0 -2.10765 -0.0517406 0.0147064 15.2788 4.56608 8.03724 832.647
1159 -36.8393 0.161722 1043.67 -0.0384358 -0.330511 -0.993181 0 -0.531604 6.17582e-06 1.44416 0.0427929 -0.0622875 -0.638755 -3.64477 1.05669 0.0166054 -2.33773 0.148391 -0.59594 -0.0478367 0.00502104 0.0156914 -0.531604 -2.33773 -0.0478367 0.0156914 17.2192 5.34891 8.03724 814.62
1160 -29.8276 0.168977 1038.63 -0.0168371 -0.284073 -0.434955 0 -0.299661 9.6428e-06 1.55928 0.0300467 -0.0551437 -0.595842 -6.90291 1.16443 0.0207653 -2.59998 0.184619 -0.559131 -0.0424326 0.00572102 0.0164383 -0.299661 -2.59998 -0.0424326 0.0164383 21.3704 6.80402 8.03724 794.728
1161 -19.1661 0.179678 1033.34 0.0158498 -0.0980509 -0.100858 0 -1.11872 1.50177e-05 1.67689 0.016945 -0.0433468 -0.532297 -11.5521 1.317 0.0293194 -2.60123 0.258466 -0.503185 -0.0358966 0.00678492 0.0167341 -1.11872 -2.60123 -0.0358966 0.0167341 25.8825 8.69249 8.03724 773.128
1162 -5.50002 0.193341 1028.09 0.0575767 -0.0206634 -0.0198539 0 -5.09046 2.23148e-05 1.66455 0.00778551 -0.0273257 -0.453524 -9.66989 1.48411 0.0581552 -2.15065 0.500541 -0.431346 -0.0303286 0.00815107 0.0167405 -5.09046 -2.15065 -0.0303286 0.0167405 25.3667 8.60265 8.03724 754.934
1163 5.3683 0.206175 1023.19 0.0903832 -0.00578535 -0.00534048 0 -5.89231 2.92793e-05 1.41411 0.00408953 -0.0141415 -0.391996 -3.44587 1.59073 0.142973 -1.64419 1.16501 -0.37402 -0.0272171 0.00924123 0.0166221 -5.89231 -1.64419 -0.0272171 0.0166221 20.5312 6.98992 8.03724 741.389
1164 10.3981 0.214948 1018.66 0.104842 -0.00276304 -0.00246752 0 -5.8078 3.45488e-05 1.1131 0.00301893 -0.00800119 -0.364701 -0.730671 1.63219 0.276805 -1.25816 2.09257 -0.347465 -0.0269827 0.00974623 0.0163355 -5.8078 -1.25816 -0.0269827 0.0163355 16.4239 5.41973 8.03724 732.654
1165 12.4579 0.22052 1014.51 0.109953 -0.00178161 -0.00155833 0 -6.30936 3.92475e-05 0.908681 0.00266415 -0.00548763 -0.354663 -0.117184 1.64778 0.427091 -0.955279 2.9724 -0.336599 -0.0280159 0.00995285 0.0158769 -6.30936 -0.955279 -0.0280159 0.0158769 13.0103 4.22543 8.03724 728.387
1166 12.4551 0.223773 1010.79 0.108808 -0.00130857 -0.00114836 0 -5.02956 4.32124e-05 0.799115 0.0026628 -0.00546235 -0.355834 -0.0177286 1.64784 0.566522 -0.799358 3.62246 -0.336556 -0.0292318 0.00995368 0.0154581 -5.02956 -0.799358 -0.0292318 0.0154581 10.9912 3.58148 8.03724 726.621
1167 11.1431 0.225499 1007.5 0.103881 -0.00101641 -0.000912925 0 -4.16025 4.61491e-05 0.761932 0.00288173 -0.00701225 -0.364655 -0.00309158 1.63809 0.677703 -0.664801 3.9876 -0.343418 -0.0310603 0.00982319 0.0149482 -4.16025 -0.664801 -0.0310603 0.0149482 8.83947 2.99044 8.03724 726.786
1168 9.2379 0.225881 1004.64 0.0973855 -0.000806545 -0.000749272 0 -5.00183 4.81105e-05 0.774665 0.00323362 -0.00927612 -0.376371 -0.000736801 1.62326 0.756227 -0.63283 4.11087 -0.353452 -0.0325513 0.00963236 0.0145862 -5.00183 -0.63283 -0.0325513 0.0145862 8.39217 2.69962 8.03724 728.426
1169 7.07604 0.225848 1002.18 0.0903755 -0.000645086 -0.000624451 0 -3.78809 4.93119e-05 0.813043 0.00368117 -0.011824 -0.389653 -0.000309345 1.60569 0.806743 -0.554876 4.071 -0.364786 -0.034284 0.00941682 0.0141869 -3.78809 -0.554876 -0.034284 0.0141869 7.05603 2.40372 8.03724 730.635
1170 4.6208 0.224957 1000.14 0.0826995 -0.000520392 -0.000533456 0 -3.97201 4.96551e-05 0.869224 0.00426443 -0.0147197 -0.404513 -0.000279878 1.58459 0.830215 -0.533523 3.91367 -0.377705 -0.0359797 0.00917116 0.0136976 -3.97201 -0.533523 -0.0359797 0.0136976 6.80802 2.2123 8.03724 733.813
1171 1.98441 0.223632 998.48 0.0746943 -0.000422031 -0.000470814 0 -3.52567 4.92946e-05 0.93437 0.00498886 -0.0178163 -0.420582 -0.000382052 1.56064 0.832191 -0.484971 3.69043 -0.391561 -0.0379291 0.00890766 0.0131478 -3.52567 -0.484971 -0.0379291 0.0131478 5.84915 1.93117 8.03724 737.538
1172 -0.489555 0.222048 997.176 0.0672959 -0.000340963 -0.000432079 0 -3.23953 4.86301e-05 1.00516 0.00577558 -0.0207117 -0.435562 -0.000575625 1.53689 0.820661 -0.445906 3.44834 -0.404568 -0.0396543 0.00866031 0.0126529 -3.23953 -0.445906 -0.0396543 0.0126529 5.10391 1.73726 8.03724 741.62
1173 -2.88062 0.220014 996.214 0.0602459 -0.00027505 -0.000425442 0 -3.43562 4.76618e-05 1.07875 0.00664904 -0.0235052 -0.449939 -0.000883887 1.51274 0.798989 -0.421504 3.20439 -0.417152 -0.0412076 0.008421 0.0121868 -3.43562 -0.421504 -0.0412076 0.0121868 4.80875 1.6443 8.03724 746.278
1174 -4.95528 0.218102 995.556 0.0541731 -0.000220095 -0.000449345 0 -3.84034 4.67166e-05 1.15176 0.00750855 -0.0259213 -0.462059 -0.00131473 1.49083 0.77344 -0.446824 2.97986 -0.428079 -0.0421938 0.00821321 0.0119916 -3.84034 -0.446824 -0.0421938 0.0119916 5.06422 1.70068 8.03724 750.642
1175 -7.17728 0.216066 995.182 0.0477946 -0.000176965 -0.000515333 0 -2.3306 4.53887e-05 1.21497 0.00854095 -0.0284964 -0.475697 -0.00189704 1.4665 0.74265 -0.381785 2.76372 -0.439728 -0.0439614 0.00799168 0.0114079 -2.3306 -0.381785 -0.0439614 0.0114079 3.85327 1.39866 8.03724 755.571
1176 -9.20149 0.213711 995.077 0.0420074 -0.000141702 -0.000644189 0 -2.61122 4.40426e-05 1.27945 0.00960212 -0.0308478 -0.487806 -0.00271903 1.44338 0.710923 -0.378413 2.56982 -0.450385 -0.0452105 0.00778902 0.0109737 -2.61122 -0.378413 -0.0452105 0.0109737 3.77823 1.36944 8.03724 760.771
1177 -11.0976 0.211458 995.214 0.0366322 -0.000113294 -0.000826548 0 -2.61823 4.26687e-05 1.33715 0.0107073 -0.033046 -0.498965 -0.0037663 1.42099 0.679442 -0.388924 2.39604 -0.460361 -0.046204 0.00759931 0.0107839 -2.61823 -0.388924 -0.046204 0.0107839 3.52656 1.2941 8.03724 765.742
1178 -12.4291 0.209407 995.564 0.0328554 -8.94559e-05 -0.00103893 0 -2.3615 4.17981e-05 1.3934 0.0115529 -0.0345784 -0.506684 -0.00497669 1.40485 0.652974 -0.402678 2.25408 -0.46736 -0.0467905 0.00746621 0.0107202 -2.3615 -0.402678 -0.0467905 0.0107202 3.57431 1.34369 8.03724 770.649
1179 -14.1341 0.207092 996.11 0.0280654 -7.21055e-05 -0.00137884 0 -3.84125 4.03819e-05 1.43867 0.0127336 -0.0365612 -0.516995 -0.00651692 1.38358 0.623472 -0.392572 2.11358 -0.476369 -0.0479213 0.00729489 0.0102554 -3.84125 -0.392572 -0.0479213 0.0102554 4.14891 1.35755 8.03724 775.782
1180 -15.7959 0.204845 996.839 0.0234703 -5.90069e-05 -0.00178133 0 -2.22485 3.89353e-05 1.47567 0.0139796 -0.0384753 -0.527052 -0.00830899 1.3625 0.59527 -0.357626 1.98661 -0.485068 -0.0491136 0.00712946 0.0098906 -2.22485 -0.357626 -0.0491136 0.0098906 2.99216 1.11033 8.03724 780.991
1181 -17.5073 0.202333 997.731 0.0187451 -5.06592e-05 -0.00242029 0 -2.55736 3.73202e-05 1.51221 0.0153889 -0.0404608 -0.537395 -0.0105513 1.34014 0.567454 -0.338914 1.86945 -0.494079 -0.0502734 0.00695809 0.00938641 -2.55736 -0.338914 -0.0502734 0.00938641 3.22581 1.13941 8.03724 786.359
1182 -18.9493 0.199996 998.782 0.0147821 -4.61192e-05 -0.0031709 0 -2.66947 3.59429e-05 1.54812 0.0166761 -0.0421304 -0.546105 -0.0131366 1.32089 0.542876 -0.323462 1.76913 -0.501668 -0.0512502 0.00681377 0.00903057 -2.66947 -0.323462 -0.0512502 0.00903057 3.18324 1.07732 8.03724 791.85
1183 -21.0385 0.197479 999.975 0.00909905 -4.88423e-05 -0.0043494 0 -2.25823 3.373e-05 1.56716 0.0187137 -0.0445571 -0.55869 -0.0161698 1.29241 0.514311 -0.309112 1.66107 -0.512647 -0.0526471 0.00660499 0.0085123 -2.25823 -0.309112 -0.0526471 0.0085123 2.61182 0.901729 8.03724 797.19
1184 -22.9211 0.19498 1001.27 0.00400426 -6.21862e-05 -0.00609732 0 -1.74914 3.16862e-05 1.592 0.0207401 -0.046743 -0.569767 -0.0196488 1.26613 0.488595 -0.307101 1.56698 -0.522538 -0.0536461 0.00641691 0.00828687 -1.74914 -0.307101 -0.0536461 0.00828687 2.39293 0.894211 8.03724 802.405
1185 -24.5323 0.192688 1002.67 -0.000337805 -8.51893e-05 -0.00812896 0 -1.43751 2.99109e-05 1.61578 0.0226297 -0.0486132 -0.579322 -0.023433 1.2432 0.466014 -0.30086 1.48608 -0.531005 -0.0545727 0.00625589 0.00804122 -1.43751 -0.30086 -0.0545727 0.00804122 2.26034 0.85495 8.03724 807.678
1186 -26.8783 0.190078 1004.14 -0.00664317 -0.000143182 -0.0117191 0 -1.80942 2.71924e-05 1.62179 0.025661 -0.0513492 -0.593557 -0.027057 1.20908 0.438986 -0.267039 1.39397 -0.543355 -0.0562232 0.00602103 0.00740317 -1.80942 -0.267039 -0.0562232 0.00740317 1.96474 0.68954 8.03724 813.103
1187 -29.0898 0.187549 1005.69 -0.0125492 -0.000246194 -0.0167447 0 -1.18008 2.45933e-05 1.62832 0.0288318 -0.0539225 -0.606782 -0.0304928 1.17631 0.413928 -0.253809 1.31044 -0.554972 -0.0576109 0.00580012 0.00688217 -1.18008 -0.253809 -0.0576109 0.00688217 1.73961 0.672893 8.03724 818.546
1188 -30.8616 0.185154 1007.29 -0.0172787 -0.000402403 -0.0230612 0 -2.15334 2.24804e-05 1.64075 0.0316232 -0.0559906 -0.617039 -0.0336866 1.14952 0.392597 -0.281441 1.24038 -0.564318 -0.0583436 0.00562238 0.006808 -2.15334 -0.281441 -0.0583436 0.006808 2.35888 0.791357 8.03724 823.82
1189 -32.8989 0.182761 1008.95 -0.0226811 -0.000616226 -0.0310065 0 -1.61864 2.00304e-05 1.63831 0.0350977 -0.0583594 -0.629075 -0.0362323 1.11844 0.369879 -0.280942 1.16721 -0.575022 -0.0594719 0.00541883 0.00653525 -1.61864 -0.280942 -0.0594719 0.00653525 2.10289 0.73422 8.03724 829.016
1190 -34.9595 0.180394 1010.65 -0.0281249 -0.000886184 -0.0405409 0 -0.849641 1.75358e-05 1.62835 0.0389246 -0.0607509 -0.641387 -0.0381187 1.08665 0.347276 -0.258641 1.09546 -0.585841 -0.0607596 0.00521309 0.00615425 -0.849641 -0.258641 -0.0607596 0.00615425 1.6119 0.624074 8.03724 834.302
1191 -36.6545 0.178179 1012.4 -0.0325887 -0.00119618 -0.0507514 0 -0.706418 1.54693e-05 1.62187 0.0423236 -0.0627144 -0.651448 -0.0399358 1.06022 0.327211 -0.249716 1.03258 -0.594754 -0.0617383 0.00504359 0.00590768 -0.706418 -0.249716 -0.0617383 0.00590768 1.37183 0.543493 8.03724 839.546
1192 -38.5501 0.175859 1014.18 -0.0375819 -0.00148657 -0.0611469 0 -1.10529 1.31512e-05 1.60357 0.0464002 -0.0649075 -0.662877 -0.0404029 1.03041 0.305762 -0.228553 0.966176 -0.604736 -0.0629946 0.00485376 0.00543964 -1.10529 -0.228553 -0.0629946 0.00543964 1.34788 0.517874 8.03724 844.814
1193 -40.5496 0.173474 1015.99 -0.0428251 -0.00170954 -0.070242 0 -0.385405 1.07145e-05 1.57703 0.0509978 -0.0672016 -0.674764 -0.0399877 0.998898 0.283589 -0.220435 0.898315 -0.615236 -0.0641824 0.00465409 0.00509317 -0.385405 -0.220435 -0.0641824 0.00509317 1.00137 0.460708 8.03724 850.162
1194 -42.3706 0.171171 1017.83 -0.0476066 -0.00186012 -0.0769607 0 -1.19918 8.48872e-06 1.55111 0.0554772 -0.069275 -0.685537 -0.0393138 0.969984 0.262355 -0.225812 0.834237 -0.624837 -0.0651713 0.0044715 0.00484764 -1.19918 -0.225812 -0.0651713 0.00484764 1.45218 0.520865 8.03724 855.434
1195 -44.021 0.169067 1019.68 -0.0519108 -0.00198103 -0.0817475 0 -0.620559 6.48577e-06 1.52452 0.059739 -0.0711185 -0.695227 -0.0397071 0.943852 0.242302 -0.232944 0.774474 -0.633505 -0.0660286 0.00430667 0.00470613 -0.620559 -0.232944 -0.0660286 0.00470613 1.13067 0.443561 8.03724 860.504
1196 -45.4454 0.166974 1021.55 -0.0556237 -0.00201793 -0.0838115 0 -0.850212 4.75975e-06 1.50064 0.0635846 -0.0726708 -0.703568 -0.0397497 0.921249 0.223659 -0.228873 0.719739 -0.641005 -0.066727 0.00416405 0.00462977 -0.850212 -0.228873 -0.066727 0.00462977 1.19971 0.485778 8.03724 865.591
1197 -46.9759 0.164878 1023.43 -0.0596066 -0.00202006 -0.0842769 0 -0.438667 2.92513e-06 1.46774 0.0678581 -0.0743081 -0.712748 -0.0402305 0.897052 0.204879 -0.214813 0.664814 -0.649046 -0.0677135 0.00401114 0.0043273 -0.438667 -0.214813 -0.0677135 0.0043273 0.853039 0.358808 8.03724 870.733
1198 -48.3015 0.162865 1025.32 -0.0630607 -0.00194997 -0.0822893 0 -0.899635 1.34385e-06 1.43899 0.0716835 -0.075653 -0.720541 -0.0398465 0.876086 0.187518 -0.221095 0.614814 -0.656032 -0.0683875 0.00387828 0.00420655 -0.899635 -0.221095 -0.0683875 0.00420655 1.05455 0.429011 8.03724 875.757
1199 -49.7106 0.160928 1027.21 -0.066722 -0.00187467 -0.0794997 0 -0.230342 -3.116e-07 1.40352 0.0758293 -0.0770281 -0.728857 -0.0398285 0.853973 0.170433 -0.221704 0.565668 -0.663427 -0.0691676 0.00373765 0.00404272 -0.230342 -0.221704 -0.0691676 0.00404272 0.936387 0.392115 8.03724 880.62
1200 -50.9097 0.15914 1029.1 -0.0698395 -0.00181237 -0.0764331 0 0 -1.70511e-06 1.37276 0.0794244 -0.0780889 -0.735944 -0.0400629 0.835209 0.155021 -0.217322 0.521876 -0.669729 -0.069832 0.0036178 0.00392962 0 -0.217322 -0.069832 0.00392962 0.627189 0.333246 8.03724 885.371
1201 -52.3163 0.157181 1030.98 -0.0735338 -0.00165844 -0.0710669 0 -1.45216 -3.32944e-06 1.3319 0.0837164 -0.079274 -0.744346 -0.0386859 0.813183 0.139429 -0.212025 0.477274 -0.677167 -0.0706549 0.00347635 0.00370916 -1.45216 -0.212025 -0.0706549 0.00370916 1.16406 0.359364 8.03724 890.186
1202 -53.3281 0.155445 1032.86 -0.0761608 -0.00161521 -0.06792 0 -0.246007 -4.46121e-06 1.30391 0.0867851 -0.0798944 -0.750194 -0.039216 0.797604 0.126368 -0.22201 0.440682 -0.682459 -0.0711113 0.00337572 0.00369686 -0.246007 -0.22201 -0.0711113 0.00369686 0.762023 0.337281 8.03724 894.896
1203 -54.6605 0.153647 1034.73 -0.0796628 -0.00150381 -0.0633391 0 -0.503803 -5.94818e-06 1.26151 0.0908477 -0.0807353 -0.758091 -0.0381515 0.777078 0.11295 -0.216776 0.402168 -0.689475 -0.0718582 0.0032423 0.00352736 -0.503803 -0.216776 -0.0718582 0.00352736 0.942741 0.334866 8.03724 899.397
1204 -55.7042 0.151991 1036.58 -0.0824119 -0.00142813 -0.0596223 0 -0.25627 -7.08012e-06 1.22881 0.0939967 -0.081069 -0.764249 -0.0376733 0.761149 0.101454 -0.205833 0.36964 -0.694959 -0.0724275 0.003138 0.00344346 -0.25627 -0.205833 -0.0724275 0.00344346 0.674175 0.332544 8.03724 903.892
1205 -56.8279 0.15034 1038.42 -0.0853863 -0.0013633 -0.0564408 0 0 -8.28021e-06 1.19136 0.0973357 -0.0813174 -0.771013 -0.0371233 0.744123 0.0905918 -0.190247 0.338367 -0.700864 -0.0731746 0.00302572 0.00322578 0 -0.190247 -0.0731746 0.00322578 0.480983 0.258404 8.03724 908.473
1206 -57.7454 0.148703 1040.25 -0.0878505 -0.00129537 -0.0534219 0 -0.795901 -9.23277e-06 1.16069 0.100019 -0.0811069 -0.776493 -0.0363388 0.730248 0.0811616 -0.189038 0.311395 -0.705711 -0.0737149 0.00293354 0.00308987 -0.795901 -0.189038 -0.0737149 0.00308987 0.946882 0.33388 8.03724 913.082
1207 -58.6717 0.14717 1042.09 -0.0903334 -0.00127874 -0.0520198 0 0 -1.01661e-05 1.12848 0.102633 -0.0807641 -0.781981 -0.0364584 0.716458 0.0725459 -0.186498 0.28622 -0.710564 -0.0742589 0.00284126 0.00299363 0 -0.186498 -0.0742589 0.00299363 0.484222 0.243974 8.03724 917.533
1208 -59.6003 0.145648 1043.91 -0.0928588 -0.00122515 -0.0500709 0 -0.273382 -1.10862e-05 1.09516 0.105179 -0.0801716 -0.787464 -0.0355422 0.702659 0.0646577 -0.189879 0.262714 -0.715456 -0.0747565 0.00274823 0.00290224 -0.273382 -0.189879 -0.0747565 0.00290224 0.666923 0.283624 8.03724 921.827
1209 -60.5224 0.144157 1045.71 -0.0953831 -0.00118501 -0.0487942 0 0 -1.19742e-05 1.06139 0.10759 -0.0793311 -0.792992 -0.0347411 0.689108 0.0575111 -0.174309 0.240925 -0.720299 -0.0753488 0.00265612 0.00276115 0 -0.174309 -0.0753488 0.00276115 0.407879 0.222967 8.03724 926.204
1210 -61.4157 0.142694 1047.51 -0.0978619 -0.00114275 -0.0477775 0 0 -1.28103e-05 1.02806 0.109804 -0.0781857 -0.798241 -0.0337245 0.676069 0.05109 -0.177971 0.220901 -0.724999 -0.0758088 0.00256674 0.00270001 0 -0.177971 -0.0758088 0.00270001 0.461525 0.225663 8.03724 930.449
1211 -62.116 0.141337 1049.28 -0.0998567 -0.0011304 -0.0477526 0 0 -1.34199e-05 1.00176 0.111441 -0.0766481 -0.802169 -0.0332925 0.665923 0.0456488 -0.207682 0.203834 -0.728684 -0.0759817 0.00249667 0.00278979 0 -0.207682 -0.0759817 0.00278979 0.652613 0.274647 8.03724 934.455
1212 -62.8285 0.14006 1051.03 -0.101908 -0.00111775 -0.0479802 0 0 -1.40245e-05 0.974326 0.113003 -0.0749962 -0.806392 -0.0328716 0.655677 0.0407166 -0.193752 0.187791 -0.732432 -0.0763854 0.0024254 0.00274581 0 -0.193752 -0.0763854 0.00274581 0.494949 0.241724 8.03724 938.401
1213 -63.5108 0.138798 1052.76 -0.103907 -0.00110248 -0.0483501 0 0 -1.45795e-05 0.947634 0.114392 -0.0731634 -0.810463 -0.0322947 0.645934 0.0363186 -0.187418 0.173034 -0.736021 -0.0767987 0.00235714 0.00266013 0 -0.187418 -0.0767987 0.00266013 0.455115 0.22591 8.03724 942.367
1214 -64.151 0.137548 1054.48 -0.105823 -0.0010897 -0.0489605 0 0 -1.50738e-05 0.92223 0.11559 -0.0711706 -0.814262 -0.0317511 0.636857 0.032421 -0.186134 0.159545 -0.739389 -0.0771663 0.00229309 0.00257363 0 -0.186134 -0.0771663 0.00257363 0.491903 0.227176 8.03724 946.314
1215 -64.5973 0.136403 1056.17 -0.10725 -0.00110072 -0.0503139 0 -0.295476 -1.5357e-05 0.904131 0.116363 -0.0690151 -0.816756 -0.031788 0.630545 0.0291713 -0.206747 0.148199 -0.741745 -0.0772588 0.00224829 0.00265265 -0.295476 -0.206747 -0.0772588 0.00265265 0.778852 0.286022 8.03724 949.998
1216 -64.9591 0.135365 1057.85 -0.108462 -0.0011312 -0.0523063 0 0 -1.55421e-05 0.889064 0.116942 -0.0669714 -0.818909 -0.032415 0.625489 0.0263545 -0.199089 0.138078 -0.743641 -0.0774808 0.00221224 0.00263075 0 -0.199089 -0.0774808 0.00263075 0.526727 0.24107 8.03724 953.663
1217 -65.3916 0.134317 1059.5 -0.109894 -0.00113232 -0.0535816 0 -0.298907 -1.57909e-05 0.870829 0.117588 -0.0649941 -0.821394 -0.0322065 0.619427 0.023731 -0.210419 0.128134 -0.745924 -0.0776389 0.00216881 0.00263293 -0.298907 -0.210419 -0.0776389 0.00263293 0.791266 0.300153 8.03724 957.124
1218 -65.6859 0.133396 1061.13 -0.110964 -0.00116502 -0.0558213 0 0 -1.58917e-05 0.857967 0.11799 -0.0630792 -0.823008 -0.0328575 0.615354 0.0215175 -0.224312 0.119603 -0.747465 -0.0776829 0.00213952 0.00271311 0 -0.224312 -0.0776829 0.00271311 0.653893 0.284061 8.03724 960.411
1219 -66.0934 0.132464 1062.72 -0.112362 -0.00116626 -0.0572268 0 0 -1.60964e-05 0.84037 0.118502 -0.0613099 -0.825417 -0.0327521 0.609709 0.0194139 -0.221867 0.110988 -0.749609 -0.0779065 0.00209874 0.00267855 0 -0.221867 -0.0779065 0.00267855 0.700551 0.286596 8.03724 963.608
1220 -66.4759 0.131529 1064.29 -0.113715 -0.00116804 -0.0586975 0 0 -1.62673e-05 0.82371 0.11893 -0.0595368 -0.827791 -0.0326002 0.604438 0.017543 -0.202583 0.103068 -0.751621 -0.0782312 0.00206049 0.00256382 0 -0.202583 -0.0782312 0.00256382 0.539043 0.246501 8.03724 966.929
1221 -66.8329 0.130594 1065.84 -0.115021 -0.0011703 -0.0602202 0 0 -1.64053e-05 0.807995 0.119282 -0.0577781 -0.829948 -0.0324616 0.599538 0.0158797 -0.200374 0.0957954 -0.753499 -0.0784739 0.00202477 0.00249129 0 -0.200374 -0.0784739 0.00249129 0.527529 0.238217 8.03724 970.269
1222 -67.1587 0.129695 1067.38 -0.116264 -0.00117459 -0.0618327 0 0 -1.65061e-05 0.793461 0.119561 -0.0560537 -0.831797 -0.0323785 0.595086 0.0144058 -0.208632 0.0891529 -0.755213 -0.0785767 0.00199218 0.00252475 0 -0.208632 -0.0785767 0.00252475 0.662462 0.267315 8.03724 973.398
1223 -67.451 0.12885 1068.89 -0.117435 -0.00118188 -0.063559 0 0 -1.65691e-05 0.780186 0.119777 -0.0543893 -0.83352 -0.0323807 0.591106 0.0131015 -0.208486 0.0831026 -0.756751 -0.0787314 0.00196293 0.0025157 0 -0.208486 -0.0787314 0.0025157 0.609327 0.258167 8.03724 976.44
1224 -67.7158 0.128017 1070.38 -0.118549 -0.00119119 -0.0653635 0 0 -1.66009e-05 0.767941 0.119942 -0.0528062 -0.835098 -0.032445 0.587514 0.0119442 -0.209142 0.0775765 -0.758144 -0.0788905 0.00193644 0.00248083 0 -0.209142 -0.0788905 0.00248083 0.632876 0.258252 8.03724 979.481
1225 -67.9628 0.127218 1071.86 -0.119632 -0.00120096 -0.0671911 0 0 -1.66116e-05 0.756347 0.12007 -0.0513155 -0.836617 -0.0325334 0.584175 0.0109118 -0.202407 0.0724998 -0.759443 -0.0790856 0.00191173 0.00243306 0 -0.202407 -0.0790856 0.00243306 0.546917 0.240792 8.03724 982.515
1226 -68.1894 0.126422 1073.31 -0.120674 -0.00121184 -0.0690595 0 0 -1.65996e-05 0.745513 0.120165 -0.0499147 -0.838003 -0.0326509 0.581121 0.00999215 -0.194127 0.0678515 -0.760635 -0.0792564 0.00188906 0.00237242 0 -0.194127 -0.0792564 0.00237242 0.502775 0.229526 8.03724 985.541
1227 -68.3948 0.125638 1074.75 -0.121674 -0.00122349 -0.0709518 0 0 -1.65652e-05 0.73548 0.120231 -0.0486002 -0.839281 -0.0327805 0.57836 0.00917333 -0.192114 0.0636046 -0.761716 -0.0794339 0.00186852 0.00230645 0 -0.192114 -0.0794339 0.00230645 0.534644 0.233432 8.03724 988.55
1228 -68.5767 0.124932 1076.17 -0.122622 -0.00123844 -0.072959 0 0 -1.65074e-05 0.726328 0.120275 -0.0473846 -0.840243 -0.0330135 0.575919 0.00844553 -0.21047 0.0597378 -0.762673 -0.0794205 0.00185031 0.00238549 0 -0.21047 -0.0794205 0.00238549 0.749039 0.284836 8.03724 991.188
1229 -68.7313 0.12427 1077.56 -0.123506 -0.00125624 -0.0750596 0 0 -1.64239e-05 0.718212 0.1203 -0.0462699 -0.841139 -0.0333129 0.57385 0.00780054 -0.209995 0.0562358 -0.763487 -0.0794869 0.00183484 0.00241236 0 -0.209995 -0.0794869 0.00241236 0.569763 0.244724 8.03724 993.824
1230 -68.8721 0.123589 1078.92 -0.124363 -0.00127474 -0.0771774 0 0 -1.63272e-05 0.710606 0.120313 -0.0452593 -0.841957 -0.0336374 0.57197 0.00722374 -0.210114 0.0530312 -0.764228 -0.0795501 0.00182075 0.00240524 0 -0.210114 -0.0795501 0.00240524 0.603929 0.251373 8.03724 996.465
1231 -68.9867 0.12295 1080.26 -0.125155 -0.0012966 -0.0794073 0 0 -1.62077e-05 0.703989 0.120317 -0.0443445 -0.842512 -0.0340368 0.570441 0.00671262 -0.227115 0.050138 -0.764831 -0.0794899 0.00180927 0.00248468 0 -0.227115 -0.0794899 0.00248468 0.737948 0.28436 8.03724 998.887
1232 -69.0699 0.122378 1081.57 -0.125866 -0.00132324 -0.0818012 0 0 -1.60623e-05 0.698555 0.120316 -0.0435317 -0.842765 -0.0345467 0.569331 0.00626196 -0.255751 0.0475465 -0.76527 -0.079296 0.00180093 0.00263735 0 -0.255751 -0.079296 0.00263735 0.964896 0.345037 8.03724 1001.01
1233 -69.1192 0.121881 1082.82 -0.126486 -0.00135628 -0.0844199 0 0 -1.58901e-05 0.694395 0.120314 -0.0428358 -0.842901 -0.0352182 0.568674 0.0058663 -0.265545 0.0452413 -0.765529 -0.0791676 0.00179599 0.0027901 0 -0.265545 -0.0791676 0.0027901 0.932399 0.339575 8.03724 1002.91
1234 -69.1401 0.121422 1084.02 -0.127028 -0.00139428 -0.0872048 0 0 -1.56968e-05 0.691279 0.120312 -0.0422609 -0.842829 -0.0360028 0.568394 0.00551796 -0.288091 0.0431864 -0.76564 -0.0789824 0.00179388 0.00288893 0 -0.288091 -0.0789824 0.00288893 1.24618 0.4116 8.03724 1004.56
1235 -69.1174 0.121095 1085.16 -0.127444 -0.00144152 -0.0903145 0 0 -1.54717e-05 0.689786 0.120314 -0.0418113 -0.84239 -0.0369946 0.568694 0.00521672 -0.322159 0.0414002 -0.765522 -0.0786646 0.00179613 0.00315208 0 -0.322159 -0.0786646 0.00315208 1.18958 0.424872 8.03724 1005.74
1236 -69.0856 0.120737 1086.24 -0.127831 -0.00149125 -0.0934889 0 0 -1.5243e-05 0.688585 0.120315 -0.0415046 -0.842224 -0.0380798 0.569116 0.00494821 -0.315668 0.0397862 -0.765355 -0.0786687 0.00179931 0.00315188 0 -0.315668 -0.0786687 0.00315188 1.12729 0.405042 8.03724 1007.25
1237 -69.0499 0.120392 1087.28 -0.128203 -0.00154148 -0.0966491 0 0 -1.50149e-05 0.687488 0.120316 -0.0413106 -0.842038 -0.0391673 0.569591 0.00470775 -0.312757 0.0383218 -0.765167 -0.0786738 0.00180288 0.00312942 0 -0.312757 -0.0786738 0.00312942 1.07964 0.401469 8.03724 1008.76
1238 -69.0196 0.119996 1088.28 -0.128586 -0.00159018 -0.099719 0 0 -1.47945e-05 0.686158 0.120317 -0.041207 -0.841987 -0.0402271 0.569994 0.00449027 -0.29808 0.036978 -0.765008 -0.0787848 0.00180591 0.00303133 0 -0.29808 -0.0787848 0.00303133 1.08213 0.366866 8.03724 1010.5
1239 -68.9519 0.119652 1089.25 -0.128857 -0.00164829 -0.103109 0 0 -1.45499e-05 0.686214 0.120316 -0.0411714 -0.841507 -0.0414696 0.570895 0.00430401 -0.30571 0.0358333 -0.764652 -0.0786678 0.00181268 0.00309752 0 -0.30571 -0.0786678 0.00309752 1.14349 0.407006 8.03724 1011.82
1240 -68.912 0.119288 1090.18 -0.129202 -0.00169886 -0.106177 0 0 -1.433e-05 0.685194 0.120315 -0.0412157 -0.84133 -0.0425682 0.571426 0.0041309 -0.299488 0.0347474 -0.764442 -0.0787049 0.00181667 0.00304169 0 -0.299488 -0.0787049 0.00304169 1.08646 0.395447 8.03724 1013.33
1241 -68.8423 0.118919 1091.09 -0.129457 -0.00175672 -0.109482 0 0 -1.40921e-05 0.685287 0.120311 -0.041288 -0.840923 -0.0437385 0.572356 0.00398229 -0.300132 0.0338236 -0.764075 -0.0786707 0.00182364 0.00305611 0 -0.300132 -0.0786707 0.00305611 1.01426 0.379391 8.03724 1014.8
1242 -68.7702 0.11855 1091.96 -0.129697 -0.00181632 -0.112814 0 0 -1.38568e-05 0.685438 0.120304 -0.0414224 -0.840487 -0.0450189 0.573318 0.0038504 -0.307545 0.0330026 -0.763697 -0.0786213 0.00183085 0.0030497 0 -0.307545 -0.0786213 0.0030497 1.26371 0.40828 8.03724 1016.23
1243 -68.6516 0.118307 1092.79 -0.129793 -0.00189138 -0.116675 0 0 -1.35933e-05 0.687271 0.120288 -0.0416314 -0.839475 -0.0466581 0.5749 0.00374328 -0.342349 0.0323592 -0.763074 -0.078244 0.00184269 0.0032997 0 -0.342349 -0.078244 0.0032997 1.44721 0.491295 8.03724 1016.93
1244 -68.4976 0.118103 1093.56 -0.12978 -0.00197111 -0.120621 0 -0.312774 -1.33112e-05 0.690324 0.120258 -0.0418865 -0.838536 -0.048261 0.576939 0.00365601 -0.348789 0.0318581 -0.762273 -0.0781209 0.00185792 0.00333841 -0.312774 -0.348789 -0.0781209 0.00333841 1.82765 0.548485 8.03724 1017.7
1245 -68.2565 0.118076 1094.28 -0.129483 -0.00209792 -0.126236 0 0 -1.29736e-05 0.69658 0.120189 -0.0423251 -0.83683 -0.0511135 0.580194 0.00360028 -0.388116 0.0316033 -0.760998 -0.0777151 0.00188217 0.00356551 0 -0.388116 -0.0777151 0.00356551 1.86272 0.572746 8.03724 1017.94
1246 -68.1065 0.118055 1094.93 -0.129445 -0.00218906 -0.13043 0 0 -1.27064e-05 0.699356 0.120133 -0.0428738 -0.835873 -0.0530986 0.582212 0.00353791 -0.394011 0.0312679 -0.760209 -0.0775609 0.00189717 0.00363527 0 -0.394011 -0.0775609 0.00363527 1.65511 0.565095 8.03724 1018.07
1247 -67.9354 0.117981 1095.54 -0.129332 -0.00228957 -0.134872 0 0 -1.24307e-05 0.70288 0.120058 -0.0434503 -0.834811 -0.0552073 0.584519 0.00348981 -0.402292 0.0310386 -0.759309 -0.0774158 0.00191428 0.00368291 0 -0.402292 -0.0774158 0.00368291 1.93303 0.612504 8.03724 1018.27
1248 -67.7629 0.117978 1096.09 -0.129202 -0.0023941 -0.139366 0 0 -1.21601e-05 0.706406 0.11997 -0.0440775 -0.833642 -0.0574488 0.586847 0.00345165 -0.421352 0.0308798 -0.758403 -0.0771704 0.00193151 0.00381864 0 -0.421352 -0.0771704 0.00381864 2.05362 0.658256 8.03724 1018.1
1249 -67.475 0.118144 1096.56 -0.128711 -0.00254839 -0.145441 0 0 -1.18201e-05 0.714045 0.119795 -0.0447663 -0.831647 -0.060702 0.590746 0.00344399 -0.474952 0.0309772 -0.75689 -0.0767172 0.00196028 0.00405487 0 -0.474952 -0.0767172 0.00405487 2.5241 0.791191 8.03724 1017.25
1250 -67.2416 0.118373 1096.95 -0.128365 -0.00268702 -0.150825 0 0 -1.15232e-05 0.719614 0.119628 -0.045579 -0.830147 -0.0636666 0.59392 0.00343595 -0.479007 0.0310566 -0.755663 -0.0764674 0.00198362 0.00417382 0 -0.479007 -0.0764674 0.00417382 2.5162 0.802963 8.03724 1016.2
1251 -66.9911 0.118655 1097.25 -0.127951 -0.00283765 -0.156451 0 0 -1.12223e-05 0.725728 0.119425 -0.0464414 -0.828424 -0.0668224 0.597333 0.00343923 -0.523294 0.0312256 -0.754347 -0.0760851 0.00200864 0.00437758 0 -0.523294 -0.0760851 0.00437758 2.77766 0.846663 8.03724 1014.98
1252 -66.7102 0.118946 1097.46 -0.127428 -0.00301063 -0.162629 0 0 -1.0909e-05 0.732858 0.11917 -0.0473659 -0.826587 -0.0704461 0.601177 0.00345618 -0.535934 0.0315065 -0.75287 -0.0757536 0.00203673 0.00457003 0 -0.535934 -0.0757536 0.00457003 2.68482 0.833655 8.03724 1013.63
1253 -66.4023 0.119306 1097.57 -0.126806 -0.00320422 -0.169244 0 0 -1.05863e-05 0.740852 0.118856 -0.0483575 -0.824374 -0.0744645 0.605403 0.00348598 -0.579394 0.0318937 -0.751252 -0.0751899 0.0020675 0.00488931 0 -0.579394 -0.0751899 0.00488931 2.99717 0.935742 8.03724 1011.65
1254 -66.0575 0.119758 1097.57 -0.126052 -0.00342769 -0.176528 0 0 -1.02487e-05 0.750041 0.118464 -0.0494238 -0.821948 -0.0790784 0.610153 0.00353055 -0.636761 0.0324053 -0.74944 -0.0746102 0.00210196 0.00519556 0 -0.636761 -0.0746102 0.00519556 3.55271 1.08747 8.03724 1009.28
1255 -65.6415 0.120446 1097.42 -0.125062 -0.00370407 -0.18506 0 0 -9.87591e-06 0.761595 0.117937 -0.0505755 -0.818862 -0.0847324 0.615909 0.00359643 -0.730075 0.0331017 -0.747255 -0.0737505 0.00214351 0.00568045 0 -0.730075 -0.0737505 0.00568045 4.40613 1.29262 8.03724 1005.74
1256 -65.1441 0.121374 1097.09 -0.123799 -0.00405284 -0.195229 0 0 -9.46333e-06 0.775808 0.117232 -0.0518512 -0.815366 -0.0918594 0.62283 0.00368697 -0.80142 0.0340137 -0.744641 -0.0729181 0.00219322 0.00615111 0 -0.80142 -0.0729181 0.00615111 4.60765 1.40541 8.03724 1001.49
1257 -64.5901 0.122485 1096.58 -0.122338 -0.00447053 -0.206708 0 0 -9.02728e-06 0.791743 0.116358 -0.0532759 -0.811501 -0.100383 0.630586 0.00379962 -0.885096 0.0351172 -0.74173 -0.0720192 0.00224858 0.00659334 0 -0.885096 -0.0720192 0.00659334 5.68675 1.6875 8.03724 996.212
1258 -63.9595 0.123822 1095.83 -0.120615 -0.00498745 -0.220048 0 0 -8.55696e-06 0.810041 0.115255 -0.0548379 -0.807204 -0.110825 0.639474 0.00393976 -0.965464 0.0364613 -0.738416 -0.0710995 0.0023116 0.00710019 0 -0.965464 -0.0710995 0.00710019 6.16441 1.81489 8.03724 990.101
1259 -63.2518 0.12541 1094.84 -0.118626 -0.00562782 -0.235503 0 0 -8.05321e-06 0.83065 0.113892 -0.0565298 -0.802479 -0.123616 0.649523 0.0041102 -1.03812 0.0380704 -0.734696 -0.0701658 0.00238234 0.00760159 0 -1.03812 -0.0701658 0.00760159 6.48734 1.94359 8.03724 983.186
1260 -62.4941 0.127049 1093.61 -0.116456 -0.00640015 -0.252896 0 0 -7.53282e-06 0.852557 0.1123 -0.0583388 -0.797534 -0.138846 0.660366 0.00430902 -1.10339 0.039925 -0.730713 -0.0692792 0.00245808 0.00805008 0 -1.10339 -0.0692792 0.00805008 6.95007 2.03731 8.03724 976.012
1261 -61.6512 0.128752 1092.14 -0.113997 -0.00737418 -0.273305 0 0 -6.97609e-06 0.876911 0.110385 -0.0602031 -0.792114 -0.157586 0.672528 0.00454584 -1.16494 0.0421115 -0.726282 -0.0683736 0.00254234 0.00849282 0 -1.16494 -0.0683736 0.00849282 7.35331 2.16656 8.03724 968.241
1262 -60.7456 0.130754 1090.39 -0.111317 -0.00857683 -0.296668 0 0 -6.39678e-06 0.902841 0.108179 -0.0620927 -0.786232 -0.18011 0.685704 0.00482074 -1.24589 0.0446277 -0.721523 -0.0673419 0.00263286 0.00892432 0 -1.24589 -0.0673419 0.00892432 8.05607 2.44325 8.03724 959.141
1263 -59.7579 0.133008 1088.36 -0.10836 -0.010113 -0.324298 0 0 -5.78438e-06 0.930913 0.105624 -0.0639402 -0.779851 -0.207823 0.700201 0.00514208 -1.34868 0.0475468 -0.716332 -0.0662506 0.00273158 0.00940023 0 -1.34868 -0.0662506 0.00940023 8.89339 2.60144 8.03724 949.23
1264 -58.6727 0.135587 1086.01 -0.105078 -0.012142 -0.357949 0 0 -5.13084e-06 0.961493 0.102667 -0.0656895 -0.772916 -0.242747 0.716278 0.00551964 -1.41939 0.0509536 -0.710627 -0.0651289 0.00284005 0.00988161 0 -1.41939 -0.0651289 0.00988161 9.71557 2.83715 8.03724 938.015
1265 -57.5063 0.138299 1083.35 -0.101523 -0.0148372 -0.398843 0 0 -4.44573e-06 0.993864 0.0993516 -0.0672959 -0.76568 -0.286311 0.73372 0.00595785 -1.45374 0.0548825 -0.704495 -0.0641414 0.00295666 0.0103202 0 -1.45374 -0.0641414 0.0103202 9.7594 2.93598 8.03724 926.643
1266 -56.1085 0.141102 1080.42 -0.0972378 -0.0188351 -0.453426 0 0 -3.64754e-06 1.03269 0.0952419 -0.0685868 -0.756871 -0.346586 0.754822 0.00649954 -1.54446 0.0597181 -0.697148 -0.0628188 0.00309638 0.0108517 0 -1.54446 -0.0628188 0.0108517 10.9016 3.21102 8.03724 914.854
1267 -54.7043 0.144157 1077.18 -0.0929144 -0.0243624 -0.520058 0 0 -2.85986e-06 1.07018 0.0910165 -0.0697075 -0.748245 -0.420935 0.776226 0.00711086 -1.60448 0.0651388 -0.689768 -0.0617137 0.00323674 0.011225 0 -1.60448 -0.0617137 0.011225 11.1587 3.35551 8.03724 902.151
1268 -53.1668 0.147367 1073.65 -0.0881683 -0.0323167 -0.602216 0 0 -2.01309e-06 1.11033 0.0863373 -0.0704748 -0.738828 -0.516834 0.799872 0.00782878 -1.6619 0.0714738 -0.681687 -0.0605312 0.0033904 0.0116534 0 -1.6619 -0.0605312 0.0116534 11.7847 3.52255 8.03724 889.156
1269 -51.4095 0.150805 1069.82 -0.0827388 -0.0446495 -0.707024 0 0 -1.06097e-06 1.15535 0.0809911 -0.0707751 -0.727989 -0.649475 0.827129 0.0086925 -1.73895 0.0790664 -0.672453 -0.0591024 0.00356601 0.0122112 0 -1.73895 -0.0591024 0.0122112 12.1528 3.67546 8.03724 875.321
1270 -49.1322 0.154722 1065.68 -0.0757118 -0.0670117 -0.85129 0 0 1.56002e-07 1.21338 0.0741708 -0.0702842 -0.713793 -0.862944 0.862751 0.00981238 -1.86546 0.0888978 -0.660487 -0.0570994 0.00379355 0.0129734 0 -1.86546 -0.0570994 0.0129734 13.2722 4.06968 8.03724 860.271
1271 -46.7 0.158682 1061.26 -0.0682089 -0.103816 -1.0098 0 0 1.44355e-06 1.27091 0.0671369 -0.0693578 -0.699474 -1.18003 0.901074 0.011138 -1.86072 0.100484 -0.647708 -0.055803 0.00403658 0.0133285 0 -1.86072 -0.055803 0.0133285 12.8593 3.97954 8.03724 846.092
1272 -43.7399 0.16261 1056.66 -0.059102 -0.164629 -1.14319 0 0 3.00128e-06 1.3376 0.0590637 -0.0675686 -0.681607 -1.68113 0.947912 0.0128065 -1.94454 0.115036 -0.632158 -0.0537809 0.00433227 0.0139109 0 -1.94454 -0.0537809 0.0139109 13.4432 4.14363 8.03724 832.586
1273 -39.8626 0.167074 1051.89 -0.0472246 -0.261183 -1.1409 0 -0.568304 5.0372e-06 1.41937 0.0494631 -0.0644817 -0.658028 -2.61296 1.00919 0.0150127 -2.08451 0.134259 -0.61181 -0.0509369 0.00471923 0.0147682 -0.568304 -2.08451 -0.0509369 0.0147682 14.9895 4.5583 8.03724 818.121
1274 -34.5754 0.172511 1046.94 -0.0310807 -0.325046 -0.77388 0 -0.507186 7.82575e-06 1.51826 0.0382679 -0.0595193 -0.625555 -4.53135 1.09194 0.0180874 -2.31722 0.161012 -0.584048 -0.0467545 0.00524719 0.0158082 -0.507186 -2.31722 -0.0467545 0.0158082 16.9728 5.29745 8.03724 802.469
1275 -26.7137 0.180101 1041.83 -0.00718753 -0.199041 -0.2593 0 -0.416498 1.20162e-05 1.63657 0.0255142 -0.0513038 -0.577655 -8.44805 1.21066 0.0231217 -2.56424 0.204649 -0.542788 -0.0408997 0.00603182 0.0165237 -0.416498 -2.56424 -0.0408997 0.0165237 21.3154 6.7599 8.03724 784.887
1276 -15.1687 0.191284 1036.67 0.0277471 -0.0536742 -0.055188 0 -2.18589 1.8334e-05 1.72842 0.0135551 -0.0383688 -0.509485 -11.8243 1.36954 0.0350483 -2.44457 0.306688 -0.482189 -0.0344809 0.00718421 0.016729 -2.18589 -2.44457 -0.0344809 0.016729 24.5143 8.26635 8.03724 766.665
1277 -2.09368 0.204791 1031.7 0.0671155 -0.0119241 -0.0118318 0 -6.30321 2.60648e-05 1.64266 0.00637626 -0.022975 -0.434277 -7.57868 1.52006 0.0756975 -1.98712 0.641731 -0.413401 -0.0293682 0.00849233 0.0167104 -6.30321 -1.98712 -0.0293682 0.0167104 23.7449 8.03677 8.03724 751
1278 6.45329 0.216147 1027.07 0.0924119 -0.0041228 -0.0039434 0 -5.8927 3.2494e-05 1.35483 0.00383077 -0.0126736 -0.386272 -2.39779 1.6001 0.171809 -1.53467 1.37114 -0.368279 -0.0273441 0.00935041 0.0165425 -5.8927 -1.53467 -0.0273441 0.0165425 19.3327 6.49484 8.03724 739.563
1279 10.3246 0.223811 1022.78 0.103164 -0.00225992 -0.00209565 0 -6.25147 3.74923e-05 1.08029 0.00303232 -0.00799754 -0.365814 -0.504678 1.63162 0.305188 -1.16801 2.25746 -0.34785 -0.0277029 0.0097389 0.0161757 -6.25147 -1.16801 -0.0277029 0.0161757 15.3078 4.99203 8.03724 732.533
1280 11.8498 0.228585 1018.86 0.106667 -0.00153698 -0.00140125 0 -5.35208 4.19787e-05 0.904327 0.00276318 -0.00614335 -0.358617 -0.0855128 1.64331 0.448007 -0.906468 3.05306 -0.339767 -0.0287418 0.0098926 0.0157344 -5.35208 -0.906468 -0.0287418 0.0157344 11.9248 3.94684 8.03724 729.341
1281 11.5767 0.231002 1015.37 0.1048 -0.00114975 -0.00105538 0 -5.08733 4.5607e-05 0.815473 0.00280832 -0.00644471 -0.361569 -0.0143832 1.64131 0.576043 -0.738232 3.61266 -0.341175 -0.0302596 0.00986584 0.0151846 -5.08733 -0.738232 -0.0302596 0.0151846 10.0572 3.28071 8.03724 728.871
1282 9.99774 0.23189 1012.32 0.0992511 -0.000901934 -0.000850549 0 -3.87958 4.80534e-05 0.789826 0.00308797 -0.00828963 -0.371798 -0.00284872 1.62928 0.674737 -0.623561 3.90245 -0.349434 -0.0320732 0.00970878 0.0147129 -3.87958 -0.623561 -0.0320732 0.0147129 8.00639 2.71092 8.03724 730.156
1283 8.12899 0.231861 1009.7 0.093027 -0.000715413 -0.000698355 0 -4.3721 4.97288e-05 0.810392 0.00345627 -0.01048 -0.383376 -0.000772213 1.61436 0.743849 -0.568013 3.9849 -0.359269 -0.0336289 0.00952175 0.0142821 -4.3721 -0.568013 -0.0336289 0.0142821 7.33014 2.47496 8.03724 732.582
1284 5.84346 0.231032 1007.53 0.085807 -0.000574298 -0.000587223 0 -3.99207 5.05138e-05 0.851718 0.00396382 -0.0131479 -0.397535 -0.000365733 1.59524 0.785456 -0.500575 3.91714 -0.371276 -0.0355528 0.00929341 0.0137331 -3.99207 -0.500575 -0.0355528 0.0137331 6.2088 2.08338 8.03724 736.089
1285 3.67122 0.229801 1005.76 0.0790792 -0.000459784 -0.000499794 0 -3.79038 5.08664e-05 0.909809 0.00451286 -0.0156734 -0.410512 -0.000336799 1.57612 0.806262 -0.485443 3.76637 -0.382696 -0.0368921 0.00907624 0.0134182 -3.79038 -0.485443 -0.0368921 0.0134182 6.03615 2.0215 8.03724 739.878
1286 1.27782 0.228325 1004.37 0.0718789 -0.000370481 -0.000441702 0 -3.41936 5.05519e-05 0.972256 0.0052024 -0.0184493 -0.424991 -0.000441285 1.55398 0.808283 -0.450816 3.55928 -0.395276 -0.0385518 0.00883701 0.0129694 -3.41936 -0.450816 -0.0385518 0.0129694 5.34951 1.81575 8.03724 743.899
1287 -1.2763 0.226352 1003.33 0.0643662 -0.00030004 -0.000417176 0 -3.151 4.96312e-05 1.04231 0.00604984 -0.0214065 -0.4405 -0.000666151 1.52908 0.794451 -0.406997 3.32254 -0.408705 -0.0403768 0.00858164 0.012347 -3.151 -0.406997 -0.0403768 0.012347 4.61428 1.68374 8.03724 748.541
1288 -3.67608 0.224159 1002.62 0.0573952 -0.000242154 -0.000424462 0 -3.07315 4.84981e-05 1.11533 0.00696584 -0.024178 -0.454801 -0.00101662 1.50447 0.77208 -0.410461 3.08874 -0.421328 -0.0418142 0.00834158 0.0119544 -3.07315 -0.410461 -0.0418142 0.0119544 4.55473 1.56792 8.03724 753.316
1289 -5.81238 0.221797 1002.21 0.0512513 -0.000194151 -0.000467043 0 -2.52555 4.73536e-05 1.18804 0.00789017 -0.0266342 -0.46763 -0.00151282 1.48161 0.745837 -0.381187 2.87266 -0.432553 -0.0432055 0.00812813 0.0115326 -2.52555 -0.381187 -0.0432055 0.0115326 3.94972 1.49263 8.03724 758.54
1290 -8.25681 0.219223 1002.09 0.0443203 -0.000157223 -0.000573951 0 -3.07239 4.56168e-05 1.25303 0.00909378 -0.0294545 -0.48239 -0.00223805 1.45424 0.712806 -0.363972 2.65905 -0.445427 -0.0448466 0.00788331 0.0109691 -3.07239 -0.363972 -0.0448466 0.0109691 3.97004 1.33948 8.03724 763.767
1291 -9.60604 0.217052 1002.22 0.0404588 -0.000123562 -0.000692946 0 -3.12531 4.49146e-05 1.32255 0.00983002 -0.0309928 -0.490134 -0.00308783 1.43863 0.687971 -0.390465 2.49695 -0.452528 -0.0453543 0.00774827 0.0109368 -3.12531 -0.390465 -0.0453543 0.0109368 4.03938 1.41729 8.03724 768.967
1292 -11.5334 0.214692 1002.58 0.0350597 -9.89794e-05 -0.000883721 0 -3.18046 4.34231e-05 1.37183 0.0109795 -0.0332048 -0.501729 -0.00415047 1.4157 0.657449 -0.381075 2.32988 -0.462669 -0.0466154 0.00755541 0.0104994 -3.18046 -0.381075 -0.0466154 0.0104994 3.93775 1.32532 8.03724 774.119
1293 -13.1653 0.212331 1003.14 0.0305099 -7.91209e-05 -0.00115951 0 -3.16828 4.21306e-05 1.42327 0.0120501 -0.0350728 -0.511461 -0.00550833 1.39573 0.629325 -0.37166 2.18579 -0.471254 -0.0475994 0.00739216 0.0102158 -3.16828 -0.37166 -0.0475994 0.0102158 3.74677 1.26804 8.03724 779.432
1294 -14.6173 0.210172 1003.89 0.0264911 -6.35654e-05 -0.0014719 0 -2.44117 4.09499e-05 1.46724 0.0130814 -0.0367281 -0.519985 -0.00706198 1.37756 0.603243 -0.382243 2.05884 -0.478874 -0.048358 0.00724725 0.0100698 -2.44117 -0.382243 -0.048358 0.0100698 3.39948 1.19836 8.03724 784.474
1295 -16.6086 0.207689 1004.79 0.0210336 -5.34402e-05 -0.00200682 0 -2.70428 3.90226e-05 1.5001 0.0146345 -0.0390169 -0.532122 -0.00906592 1.35193 0.573302 -0.333562 1.9282 -0.489355 -0.0498144 0.00704793 0.00955462 -2.70428 -0.333562 -0.0498144 0.00955462 3.0336 1.04154 8.03724 789.685
1296 -18.7605 0.204964 1005.84 0.0151936 -4.87816e-05 -0.00289451 0 -1.88903 3.67971e-05 1.53333 0.0164985 -0.0414879 -0.545078 -0.0116993 1.32349 0.543088 -0.311481 1.80539 -0.500654 -0.0512576 0.00683307 0.00898314 -1.88903 -0.311481 -0.0512576 0.00898314 2.51647 0.970257 8.03724 795.21
1297 -20.765 0.202282 1007.02 0.00975937 -5.06801e-05 -0.00415072 0 -2.82477 3.46424e-05 1.56722 0.0184372 -0.0438 -0.55691 -0.0148949 1.29614 0.515179 -0.325642 1.69685 -0.511224 -0.0523185 0.00663206 0.00870672 -2.82477 -0.325642 -0.0523185 0.00870672 3.06666 0.979418 8.03724 800.555
1298 -22.4422 0.199904 1008.3 0.00525471 -6.01852e-05 -0.00569921 0 -1.97071 3.2822e-05 1.60117 0.0202071 -0.0457233 -0.566701 -0.0184779 1.27287 0.491047 -0.332581 1.60537 -0.520024 -0.0531411 0.0064647 0.00853048 -1.97071 -0.332581 -0.0531411 0.00853048 2.83664 1.01753 8.03724 805.702
1299 -24.3537 0.197411 1009.69 0.000128135 -8.41249e-05 -0.00789369 0 -2.46739 3.06472e-05 1.62347 0.022419 -0.0479278 -0.578076 -0.02231 1.24569 0.466182 -0.331984 1.51509 -0.530092 -0.0542567 0.00627324 0.00821774 -2.46739 -0.331984 -0.0542567 0.00821774 2.99897 0.951036 8.03724 810.867
1300 -26.5623 0.194867 1011.16 -0.00574061 -0.000133319 -0.0111094 0 -0.968139 2.80652e-05 1.63418 0.0252275 -0.0504662 -0.591396 -0.0262154 1.21377 0.440264 -0.291702 1.42436 -0.54167 -0.0557791 0.00605306 0.00768726 -0.968139 -0.291702 -0.0557791 0.00768726 1.90766 0.756489 8.03724 816.224
1301 -28.7562 0.19217 1012.71 -0.0115711 -0.000232146 -0.0160363 0 -1.3123 2.54381e-05 1.64358 0.0283331 -0.0529992 -0.604495 -0.0297465 1.18129 0.41533 -0.281133 1.33935 -0.55322 -0.0571085 0.00583342 0.00723561 -1.3123 -0.281133 -0.0571085 0.00723561 2.01186 0.742967 8.03724 821.619
1302 -31.0759 0.189515 1014.32 -0.0177083 -0.000388301 -0.0226515 0 -1.24258 2.26206e-05 1.64317 0.0319673 -0.0556753 -0.618319 -0.0328807 1.14634 0.390242 -0.273352 1.25567 -0.565421 -0.058499 0.0056014 0.00681472 -1.24258 -0.273352 -0.058499 0.00681472 1.68487 0.623815 8.03724 826.925
1303 -32.6742 0.18712 1015.98 -0.0219162 -0.000619149 -0.0307653 0 -1.44744 2.06621e-05 1.65684 0.0346974 -0.0575162 -0.627467 -0.0355966 1.12191 0.370576 -0.311102 1.19084 -0.573835 -0.0590733 0.00544139 0.00677627 -1.44744 -0.311102 -0.0590733 0.00677627 2.16953 0.839874 8.03724 832.107
1304 -34.5077 0.184704 1017.69 -0.0267307 -0.000863751 -0.0394073 0 -1.51287 1.83995e-05 1.65256 0.0380623 -0.0596268 -0.638524 -0.0383716 1.09361 0.349585 -0.273733 1.12268 -0.583481 -0.0603009 0.00525796 0.00643671 -1.51287 -0.273733 -0.0603009 0.00643671 1.84122 0.668196 8.03724 837.509
1305 -36.2172 0.182373 1019.46 -0.031195 -0.00114884 -0.0490222 0 -0.8729 1.62828e-05 1.64474 0.0414265 -0.0615865 -0.648537 -0.0403409 1.06704 0.329581 -0.286108 1.05853 -0.592458 -0.0611659 0.00508725 0.00624254 -0.8729 -0.286108 -0.0611659 0.00624254 1.62295 0.650365 8.03724 842.751
1306 -37.7759 0.18015 1021.26 -0.0352662 -0.00145702 -0.0591547 0 -1.45002 1.43376e-05 1.63607 0.0447064 -0.0633726 -0.657717 -0.0414265 1.04257 0.310485 -0.292894 0.998107 -0.600673 -0.061975 0.00493102 0.00605055 -1.45002 -0.292894 -0.061975 0.00605055 2.01228 0.709822 8.03724 847.9
1307 -39.4183 0.178003 1023.1 -0.0395331 -0.00170902 -0.0682438 0 -0.937884 1.22961e-05 1.61695 0.0483594 -0.0652431 -0.66764 -0.0430034 1.01673 0.291011 -0.257167 0.93703 -0.609299 -0.0631078 0.00476698 0.0056889 -0.937884 -0.257167 -0.0631078 0.0056889 1.39619 0.542725 8.03724 853.059
1308 -40.8233 0.175798 1024.97 -0.0431748 -0.00194425 -0.0763991 0 -0.967139 1.05435e-05 1.60189 0.0516605 -0.0668303 -0.675964 -0.0434695 0.994517 0.272891 -0.257803 0.880982 -0.616692 -0.063898 0.0046264 0.00546758 -0.967139 -0.257803 -0.063898 0.00546758 1.42187 0.571735 8.03724 858.382
1309 -42.4483 0.173609 1026.86 -0.0473882 -0.00205694 -0.0822567 0 -1.00115 8.5273e-06 1.57461 0.0556714 -0.0686567 -0.685654 -0.0434618 0.968766 0.253518 -0.25382 0.821441 -0.625242 -0.0648763 0.00446381 0.00517811 -1.00115 -0.25382 -0.0648763 0.00517811 1.38933 0.521546 8.03724 863.573
1310 -43.8786 0.171496 1028.77 -0.0510822 -0.0021439 -0.0863864 0 -0.82341 6.75834e-06 1.55037 0.0593656 -0.0702352 -0.694152 -0.0433483 0.946093 0.235351 -0.243536 0.766338 -0.632762 -0.0657114 0.00432081 0.00494658 -0.82341 -0.243536 -0.0657114 0.00494658 1.25485 0.519909 8.03724 868.76
1311 -45.3576 0.169331 1030.7 -0.0549063 -0.002144 -0.0879885 0 -1.061 4.93859e-06 1.52092 0.0633469 -0.0718418 -0.70295 -0.0428047 0.922622 0.217068 -0.24232 0.711334 -0.640549 -0.0665737 0.00417272 0.00471148 -1.061 -0.24232 -0.0665737 0.00471148 1.33051 0.478354 8.03724 874.002
1312 -46.6102 0.167346 1032.64 -0.0581237 -0.00217637 -0.0889942 0 -0.434397 3.41079e-06 1.49536 0.0668228 -0.0731547 -0.710271 -0.043421 0.902834 0.200402 -0.245876 0.66181 -0.647123 -0.0671958 0.00404771 0.00463797 -0.434397 -0.245876 -0.0671958 0.00463797 1.13621 0.485893 8.03724 878.986
1313 -48.03 0.165365 1034.57 -0.0617873 -0.0020966 -0.0872612 0 -0.447207 1.69259e-06 1.46074 0.0708876 -0.0746172 -0.71863 -0.0429221 0.8804 0.18331 -0.245575 0.611083 -0.654592 -0.0679432 0.00390565 0.00450711 -0.447207 -0.245575 -0.0679432 0.00450711 1.05179 0.416572 8.03724 883.77
1314 -49.4866 0.163353 1036.5 -0.0655492 -0.00195574 -0.0833733 0 -0.458978 -5.13428e-08 1.42265 0.0751667 -0.0760504 -0.727337 -0.041635 0.85747 0.166571 -0.233785 0.561683 -0.662255 -0.0688415 0.00375993 0.00425272 -0.458978 -0.233785 -0.0688415 0.00425272 1.02636 0.408581 8.03724 888.654
1315 -50.7263 0.161458 1038.43 -0.0687452 -0.00187371 -0.0799039 0 -0.23556 -1.51667e-06 1.38999 0.0788751 -0.0771606 -0.734589 -0.0413887 0.838055 0.151489 -0.236188 0.517724 -0.668772 -0.0694533 0.00363601 0.00418561 -0.23556 -0.236188 -0.0694533 0.00418561 0.740503 0.357163 8.03724 893.38
1316 -52.0968 0.159514 1040.35 -0.0722953 -0.00173064 -0.0747541 0 -0.4815 -3.1187e-06 1.35017 0.083033 -0.0783165 -0.742842 -0.0401396 0.816669 0.136587 -0.212302 0.474147 -0.675987 -0.0703534 0.00349879 0.00389125 -0.4815 -0.212302 -0.0703534 0.00389125 0.89353 0.362679 8.03724 898.178
1317 -53.4703 0.157603 1042.27 -0.0758568 -0.00159676 -0.0694765 0 -0.247459 -4.69796e-06 1.30841 0.0872188 -0.0793318 -0.751162 -0.0388807 0.79541 0.122518 -0.190136 0.43305 -0.683206 -0.0713168 0.00336151 0.00356425 -0.247459 -0.190136 -0.0713168 0.00356425 0.485279 0.279402 8.03724 903.144
1318 -54.748 0.155707 1044.19 -0.0791875 -0.00147278 -0.0642721 0 -0.505184 -6.14359e-06 1.26853 0.0911128 -0.0800621 -0.75877 -0.0375815 0.77574 0.109662 -0.184022 0.395667 -0.689935 -0.0720695 0.00323356 0.00338469 -0.505184 -0.184022 -0.0720695 0.00338469 0.634237 0.284841 8.03724 908.025
1319 -55.788 0.153975 1046.11 -0.0819016 -0.00141336 -0.0607226 0 0 -7.2868e-06 1.23598 0.094244 -0.0803695 -0.764824 -0.0374156 0.759894 0.0985177 -0.198411 0.363568 -0.695393 -0.072561 0.00312976 0.00334105 0 -0.198411 -0.072561 0.00334105 0.575609 0.282005 8.03724 912.787
1320 -56.8824 0.152229 1048.01 -0.0847983 -0.00132172 -0.0566525 0 -1.30847 -8.48e-06 1.19952 0.0975151 -0.080525 -0.771369 -0.0362664 0.743202 0.0880029 -0.188281 0.332908 -0.701185 -0.0732042 0.00301962 0.00319558 -1.30847 -0.188281 -0.0732042 0.00319558 1.03395 0.337258 8.03724 917.511
1321 -57.6902 0.150703 1049.92 -0.086931 -0.00132043 -0.0551205 0 -0.26569 -9.31321e-06 1.17294 0.0998527 -0.0802492 -0.775952 -0.0369676 0.731113 0.0791986 -0.212353 0.307468 -0.705408 -0.0734835 0.00293931 0.00324969 -0.26569 -0.212353 -0.0734835 0.00324969 0.714839 0.323544 8.03724 922.027
1322 -58.5139 0.149204 1051.8 -0.0891319 -0.00130167 -0.0535313 0 0 -1.01501e-05 1.14434 0.102192 -0.0798384 -0.780647 -0.037055 0.718807 0.071073 -0.220801 0.283514 -0.709734 -0.0737695 0.00285703 0.00330749 0 -0.220801 -0.0737695 0.00330749 0.753676 0.338419 8.03724 926.243
1323 -59.3311 0.147724 1053.66 -0.0913455 -0.0012692 -0.0519644 0 -0.544315 -1.09651e-05 1.11489 0.104457 -0.0792442 -0.785514 -0.0366589 0.706619 0.0636539 -0.213695 0.261196 -0.714048 -0.074241 0.002775 0.00322145 -0.544315 -0.213695 -0.074241 0.00322145 0.928349 0.362044 8.03724 930.47
1324 -59.9131 0.146389 1055.51 -0.0929495 -0.00129256 -0.0520263 0 -0.274825 -1.14986e-05 1.09393 0.106012 -0.0783348 -0.788848 -0.0374445 0.698038 0.0574282 -0.233939 0.242498 -0.717103 -0.0744621 0.0027169 0.00323578 -0.274825 -0.233939 -0.0744621 0.00323578 0.946412 0.357113 8.03724 934.624
1325 -60.7307 0.145047 1057.33 -0.095193 -0.00126641 -0.0512633 0 -0.278484 -1.22754e-05 1.06281 0.108122 -0.0775192 -0.79364 -0.0369549 0.686032 0.0512893 -0.234312 0.222991 -0.721405 -0.0748701 0.0026351 0.00320482 -0.278484 -0.234312 -0.0748701 0.00320482 0.855815 0.314596 8.03724 938.522
1326 -61.4919 0.143743 1059.13 -0.0973084 -0.00123848 -0.0507202 0 0 -1.29697e-05 1.03362 0.109987 -0.0764257 -0.798144 -0.0362349 0.674958 0.04583 -0.222884 0.205297 -0.725401 -0.0753017 0.0025591 0.00314306 0 -0.222884 -0.0753017 0.00314306 0.610634 0.290321 8.03724 942.403
1327 -62.1564 0.142445 1060.9 -0.0991975 -0.00122508 -0.0507614 0 0 -1.35436e-05 1.00781 0.111532 -0.0750733 -0.80211 -0.0357884 0.665338 0.0410512 -0.222538 0.189533 -0.728897 -0.0757058 0.00249262 0.00302468 0 -0.222538 -0.0757058 0.00302468 0.640623 0.276924 8.03724 946.371
1328 -62.516 0.14131 1062.64 -0.100314 -0.00124228 -0.0516817 0 -0.572301 -1.37829e-05 0.993722 0.112338 -0.0733566 -0.803946 -0.035958 0.660115 0.0371936 -0.261123 0.176988 -0.730805 -0.0755966 0.00245633 0.00322281 -0.572301 -0.261123 -0.0755966 0.00322281 1.21492 0.454558 8.03724 949.932
1329 -62.9657 0.140338 1064.35 -0.101665 -0.00128328 -0.0534128 0 0 -1.4102e-05 0.975465 0.113292 -0.0719189 -0.806414 -0.0370456 0.653703 0.0335915 -0.280042 0.164585 -0.733157 -0.075669 0.00241161 0.00334905 0 -0.280042 -0.075669 0.00334905 1.02763 0.38092 8.03724 953.068
1330 -63.4291 0.139399 1066 -0.103077 -0.00129451 -0.0545393 0 0 -1.44269e-05 0.956314 0.114233 -0.0704463 -0.809073 -0.0371457 0.647089 0.0303112 -0.282056 0.152859 -0.735594 -0.0758436 0.00236526 0.00335756 0 -0.282056 -0.0758436 0.00335756 0.957606 0.369936 8.03724 956.147
1331 -63.914 0.138427 1067.61 -0.104567 -0.00129297 -0.0554799 0 0 -1.47624e-05 0.936102 0.11516 -0.0689446 -0.811888 -0.0369362 0.6402 0.027322 -0.288392 0.141755 -0.738146 -0.076059 0.00231674 0.00334437 0 -0.288392 -0.076059 0.00334437 1.05493 0.384311 8.03724 959.181
1332 -64.3599 0.137459 1069.18 -0.105974 -0.00129064 -0.056503 0 0 -1.50464e-05 0.917334 0.115958 -0.0673518 -0.814654 -0.0366497 0.633901 0.0246671 -0.261872 0.13161 -0.740491 -0.0764352 0.00227214 0.00321214 0 -0.261872 -0.0764352 0.00321214 0.855262 0.358137 8.03724 962.355
1333 -64.7777 0.136486 1070.73 -0.107326 -0.00129759 -0.0578725 0 0 -1.52917e-05 0.899516 0.116656 -0.0657506 -0.817268 -0.0366432 0.628026 0.0223016 -0.249572 0.122284 -0.742689 -0.0768099 0.00223035 0.00306591 0 -0.249572 -0.0768099 0.00306591 0.710998 0.306853 8.03724 965.648
1334 -65.2077 0.135465 1072.27 -0.108732 -0.00129421 -0.0590494 0 0 -1.55387e-05 0.88111 0.11732 -0.064129 -0.820074 -0.0363462 0.62201 0.0201557 -0.214386 0.113514 -0.74495 -0.0773114 0.00218735 0.00281332 0 -0.214386 -0.0773114 0.00281332 0.53035 0.25909 8.03724 969.141
1335 -65.6013 0.134454 1073.81 -0.110061 -0.00129301 -0.0603448 0 0 -1.57401e-05 0.864063 0.117877 -0.0624745 -0.822489 -0.0361045 0.616528 0.0182522 -0.208847 0.105513 -0.747021 -0.0776168 0.00214797 0.00269994 0 -0.208847 -0.0776168 0.00269994 0.644221 0.277003 8.03724 972.612
1336 -65.9732 0.133483 1075.34 -0.111355 -0.00129125 -0.061678 0 0 -1.59112e-05 0.847814 0.118357 -0.0607961 -0.824711 -0.035793 0.61137 0.0165523 -0.210928 0.098154 -0.748977 -0.0778446 0.00211076 0.00266668 0 -0.210928 -0.0778446 0.00266668 0.571141 0.259569 8.03724 975.962
1337 -66.2275 0.132549 1076.86 -0.112349 -0.0013123 -0.0636935 0 0 -1.59623e-05 0.836136 0.118658 -0.0591406 -0.82626 -0.0361197 0.607857 0.0151068 -0.211074 0.0918138 -0.750315 -0.0780309 0.00208532 0.00260345 0 -0.211074 -0.0780309 0.00260345 0.606181 0.261269 8.03724 979.332
1338 -66.5732 0.131634 1078.37 -0.113607 -0.00130899 -0.0650393 0 0 -1.60937e-05 0.820705 0.119031 -0.0576195 -0.828309 -0.0359094 0.603099 0.0137394 -0.212432 0.0855127 -0.752133 -0.0782265 0.00205074 0.00258857 0 -0.212432 -0.0782265 0.00258857 0.588217 0.261004 8.03724 982.538
1339 -66.894 0.130725 1079.87 -0.114818 -0.00130768 -0.066468 0 0 -1.61943e-05 0.806244 0.119338 -0.0560992 -0.830234 -0.0356821 0.598701 0.0125213 -0.206174 0.0797493 -0.753821 -0.0784317 0.00201865 0.00253831 0 -0.206174 -0.0784317 0.00253831 0.586916 0.252847 8.03724 985.789
1340 -67.1928 0.129853 1081.35 -0.115988 -0.00130789 -0.0679598 0 0 -1.62679e-05 0.792623 0.119588 -0.0546021 -0.832063 -0.035501 0.59462 0.0114348 -0.19562 0.0744721 -0.755393 -0.0786591 0.00198875 0.00248324 0 -0.19562 -0.0786591 0.00248324 0.494785 0.238041 8.03724 989.014
1341 -67.4803 0.128969 1082.83 -0.117146 -0.00130761 -0.0694477 0 0 -1.63248e-05 0.779424 0.119796 -0.0531447 -0.833923 -0.0353237 0.590708 0.01046 -0.17839 0.0696079 -0.756905 -0.0789784 0.00196 0.00233946 0 -0.17839 -0.0789784 0.00233946 0.384041 0.209712 8.03724 992.4
1342 -67.7394 0.128102 1084.31 -0.118245 -0.00131008 -0.0710268 0 0 -1.63507e-05 0.767318 0.119955 -0.0517278 -0.835425 -0.0352094 0.587194 0.00959391 -0.192147 0.0651858 -0.758268 -0.0790905 0.00193407 0.00232858 0 -0.192147 -0.0790905 0.00232858 0.582717 0.240923 8.03724 995.618
1343 -67.9542 0.127325 1085.77 -0.119239 -0.00131926 -0.0728257 0 0 -1.63326e-05 0.756925 0.120066 -0.0503698 -0.83654 -0.0352513 0.584289 0.00883224 -0.213901 0.061223 -0.759399 -0.0790536 0.00191258 0.0024376 0 -0.213901 -0.0790536 0.0024376 0.688828 0.276923 8.03724 998.451
1344 -68.093 0.126631 1087.19 -0.120037 -0.00134227 -0.075081 0 0 -1.62452e-05 0.749458 0.120127 -0.0491049 -0.837046 -0.0356151 0.582413 0.00817717 -0.253589 0.0577778 -0.76013 -0.0788145 0.00189866 0.00265003 0 -0.253589 -0.0788145 0.00265003 1.00266 0.345589 8.03724 1000.85
1345 -68.1471 0.126075 1088.55 -0.120608 -0.00138267 -0.0779084 0 0 -1.60838e-05 0.745218 0.120149 -0.0480171 -0.83712 -0.0364586 0.581683 0.00762052 -0.274338 0.0548319 -0.760416 -0.078598 0.00189324 0.00285987 0 -0.274338 -0.078598 0.00285987 1.09193 0.379208 8.03724 1002.86
1346 -68.2173 0.125562 1089.87 -0.121232 -0.00141286 -0.0803623 0 -0.31153 -1.59383e-05 0.740202 0.120176 -0.0471091 -0.837398 -0.037045 0.580716 0.00711058 -0.287026 0.0520533 -0.760793 -0.0784905 0.00188605 0.00296758 -0.31153 -0.287026 -0.0784905 0.00296758 1.27127 0.415618 8.03724 1004.77
1347 -68.1669 0.125142 1091.14 -0.121511 -0.00148047 -0.0840901 0 0 -1.56907e-05 0.739891 0.120157 -0.0464142 -0.837024 -0.0385707 0.581413 0.00669584 -0.297178 0.0498181 -0.760521 -0.0783946 0.00189124 0.00303607 0 -0.297178 -0.0783946 0.00303607 1.11704 0.388768 8.03724 1006.7
1348 -68.2266 0.124682 1092.36 -0.122101 -0.00151527 -0.0866611 0 0 -1.55388e-05 0.735176 0.120178 -0.0458976 -0.837374 -0.0393103 0.58061 0.00628344 -0.295912 0.0474731 -0.760835 -0.0784245 0.00188527 0.00303492 0 -0.295912 -0.0784245 0.00303492 1.04722 0.379361 8.03724 1008.56
1349 -68.2856 0.124243 1093.55 -0.122693 -0.00154866 -0.0891698 0 0 -1.53875e-05 0.730485 0.120199 -0.0454441 -0.837707 -0.0399905 0.579816 0.00591068 -0.295723 0.0453134 -0.761146 -0.0784406 0.00187936 0.00302557 0 -0.295723 -0.0784406 0.00302557 1.20926 0.418111 8.03724 1010.28
1350 -68.2862 0.123887 1094.68 -0.123123 -0.00159546 -0.0921234 0 0 -1.51904e-05 0.728041 0.120199 -0.0450428 -0.837501 -0.0409439 0.579805 0.00559136 -0.32012 0.0434629 -0.76115 -0.078231 0.00187928 0.00318966 0 -0.32012 -0.078231 0.00318966 1.31607 0.463163 8.03724 1011.62
1351 -68.3027 0.123505 1095.77 -0.123596 -0.00163747 -0.0948878 0 0 -1.50084e-05 0.724956 0.120204 -0.0447424 -0.837612 -0.0418429 0.579583 0.00529877 -0.319008 0.0417317 -0.761236 -0.0782527 0.00187763 0.00317841 0 -0.319008 -0.0782527 0.00317841 1.22045 0.4297 8.03724 1013.16
1352 -68.3054 0.123106 1096.81 -0.124031 -0.00168252 -0.0977369 0 0 -1.48177e-05 0.722388 0.120205 -0.0445028 -0.837659 -0.0427892 0.579547 0.00503839 -0.309934 0.0401766 -0.761251 -0.0782857 0.00187736 0.00316092 0 -0.309934 -0.0782857 0.00316092 1.22429 0.432503 8.03724 1014.8
1353 -68.3026 0.122742 1097.82 -0.124449 -0.00172768 -0.100564 0 0 -1.46253e-05 0.720014 0.120204 -0.0443203 -0.837536 -0.0437288 0.579583 0.00480488 -0.324258 0.0387677 -0.761237 -0.0781772 0.00187763 0.00322262 0 -0.324258 -0.0781772 0.00322262 1.28187 0.44943 8.03724 1016.15
1354 -68.2848 0.122414 1098.77 -0.124823 -0.00177656 -0.103497 0 0 -1.44241e-05 0.718198 0.120198 -0.0441899 -0.837328 -0.0447485 0.579821 0.00459813 -0.336842 0.0375148 -0.761143 -0.0780636 0.0018794 0.00331002 0 -0.336842 -0.0780636 0.00331002 1.40132 0.481422 8.03724 1017.34
1355 -68.2467 0.12211 1099.68 -0.125137 -0.0018311 -0.106598 0 0 -1.42106e-05 0.71713 0.120186 -0.0441178 -0.837043 -0.0458975 0.580332 0.00441701 -0.345299 0.0364182 -0.760944 -0.0779826 0.0018832 0.00336888 0 -0.345299 -0.0779826 0.00336888 1.39058 0.468432 8.03724 1018.53
1356 -68.1889 0.121856 1100.54 -0.12539 -0.00189098 -0.109849 0 0 -1.39859e-05 0.716777 0.120165 -0.0441065 -0.83648 -0.0471511 0.581107 0.00425909 -0.374725 0.0354665 -0.760641 -0.0777283 0.00188896 0.00352512 0 -0.374725 -0.0777283 0.00352512 1.70771 0.549062 8.03724 1019.29
1357 -68.0756 0.121767 1101.31 -0.125477 -0.00196787 -0.113642 0 0 -1.37244e-05 0.718466 0.120121 -0.0441659 -0.835319 -0.0487565 0.582628 0.00413056 -0.445764 0.0347186 -0.760047 -0.0771723 0.00190026 0.00391756 0 -0.445764 -0.0771723 0.00391756 2.15611 0.661308 8.03724 1019.17
1358 -67.9008 0.121839 1101.97 -0.125376 -0.00206759 -0.118153 0 0 -1.34235e-05 0.722387 0.120041 -0.0443448 -0.833901 -0.0508855 0.584984 0.00403111 -0.480289 0.0341787 -0.759128 -0.0766901 0.00191772 0.00425112 0 -0.480289 -0.0766901 0.00425112 2.23567 0.721553 8.03724 1018.5
1359 -67.6963 0.12198 1102.52 -0.125175 -0.00218064 -0.123019 0 0 -1.31079e-05 0.727309 0.119932 -0.0446698 -0.83243 -0.053325 0.587746 0.00395237 -0.520965 0.0337825 -0.758054 -0.0763138 0.00193815 0.00443533 0 -0.520965 -0.0763138 0.00443533 2.59507 0.808696 8.03724 1017.67
1360 -67.48 0.122168 1102.98 -0.124923 -0.00230367 -0.128109 0 0 -1.27909e-05 0.732572 0.119798 -0.0451428 -0.831189 -0.0560179 0.590679 0.00388969 -0.502313 0.0334954 -0.756916 -0.0762327 0.00195979 0.00447928 0 -0.502313 -0.0762327 0.00447928 2.36391 0.750788 8.03724 1016.98
1361 -67.263 0.122288 1103.35 -0.124654 -0.00243021 -0.133187 0 0 -1.24805e-05 0.737769 0.119644 -0.0457272 -0.829782 -0.0587496 0.593629 0.00383953 -0.52379 0.0332916 -0.755775 -0.0759884 0.00198148 0.00455424 0 -0.52379 -0.0759884 0.00455424 2.54226 0.788452 8.03724 1016.28
1362 -67.0334 0.122478 1103.64 -0.124334 -0.00256631 -0.138444 0 0 -1.21685e-05 0.743349 0.119461 -0.0464003 -0.828207 -0.0616712 0.596757 0.00380338 -0.555437 0.0331879 -0.754569 -0.0756423 0.00200443 0.00472275 0 -0.555437 -0.0756423 0.00472275 2.96378 0.890242 8.03724 1015.08
1363 -66.7465 0.122868 1103.8 -0.12383 -0.0027313 -0.144454 0 0 -1.18247e-05 0.750941 0.119205 -0.0471519 -0.826054 -0.0651519 0.600676 0.00378924 -0.623801 0.0332569 -0.753062 -0.0750254 0.00203308 0.00507909 0 -0.623801 -0.0750254 0.00507909 3.38653 1.02099 8.03724 1013
1364 -66.3625 0.123437 1103.83 -0.123019 -0.00295096 -0.151921 0 0 -1.14237e-05 0.761943 0.118813 -0.0480335 -0.823285 -0.0698083 0.605947 0.00380519 -0.67418 0.0335715 -0.751044 -0.0743126 0.00207146 0.00555549 0 -0.67418 -0.0743126 0.00555549 3.63686 1.10839 8.03724 1010.2
1365 -66.0153 0.123912 1103.75 -0.122293 -0.00316995 -0.159098 0 0 -1.10566e-05 0.771442 0.118413 -0.0490822 -0.821371 -0.0745324 0.610739 0.00382591 -0.64821 0.0339119 -0.749217 -0.0742599 0.0021062 0.00549132 0 -0.64821 -0.0742599 0.00549132 3.35029 1.02129 8.03724 1008.22
1366 -65.6879 0.124345 1103.59 -0.121606 -0.00338957 -0.166026 0 0 -1.07114e-05 0.780097 0.117998 -0.0502201 -0.819433 -0.0792003 0.615273 0.00385344 -0.650382 0.0342986 -0.747496 -0.0740761 0.00213894 0.00549687 0 -0.650382 -0.0740761 0.00549687 3.46171 1.06155 8.03724 1006.12
1367 -65.2043 0.124847 1103.34 -0.120443 -0.00369385 -0.174952 0 -0.298004 -1.02737e-05 0.79424 0.117323 -0.0513548 -0.816519 -0.0852497 0.621982 0.00391952 -0.659933 0.0350153 -0.74496 -0.0737459 0.00218715 0.00559459 -0.298004 -0.659933 -0.0737459 0.00559459 3.67704 1.1405 8.03724 1003.9
1368 -64.7582 0.125438 1103.02 -0.119355 -0.00403 -0.184388 0 0 -9.86932e-06 0.806834 0.116631 -0.052725 -0.813647 -0.0926184 0.628241 0.00399329 -0.704378 0.0357851 -0.742608 -0.0732704 0.00223188 0.0057683 0 -0.704378 -0.0732704 0.0057683 4.10912 1.23686 8.03724 1001.15
1369 -64.2542 0.126171 1102.58 -0.118081 -0.00441672 -0.194603 0 -0.294057 -9.43965e-06 0.821217 0.115785 -0.0541537 -0.810434 -0.100583 0.635308 0.00408932 -0.749978 0.0367413 -0.739966 -0.0727501 0.00228212 0.00599187 -0.294057 -0.749978 -0.0727501 0.00599187 4.3817 1.30472 8.03724 997.8
1370 -63.7729 0.12712 1102.02 -0.116843 -0.00483389 -0.205078 0 0 -9.03271e-06 0.834682 0.114906 -0.0556747 -0.807333 -0.109068 0.642134 0.00419479 -0.780674 0.0377691 -0.737429 -0.072235 0.00233038 0.00620307 0 -0.780674 -0.072235 0.00620307 4.58204 1.43786 8.03724 993.797
1371 -63.3326 0.127935 1101.35 -0.11571 -0.00524218 -0.21481 0 0 -8.6616e-06 0.846503 0.114051 -0.0572204 -0.804689 -0.117237 0.648391 0.00430403 -0.792283 0.0388194 -0.735114 -0.0719495 0.0023744 0.00632556 0 -0.792283 -0.0719495 0.00632556 4.33714 1.33903 8.03724 990.319
1372 -62.8568 0.128836 1100.56 -0.114454 -0.00570858 -0.225366 0 0 -8.2772e-06 0.859451 0.113075 -0.0587285 -0.801463 -0.126324 0.655185 0.00443122 -0.841103 0.0400196 -0.732612 -0.0712728 0.00242197 0.00668909 0 -0.841103 -0.0712728 0.00668909 4.89115 1.49235 8.03724 986.051
1373 -62.2976 0.129842 1099.64 -0.112929 -0.0062798 -0.237588 0 0 -7.85072e-06 0.87515 0.111863 -0.060187 -0.797936 -0.137217 0.663213 0.00458682 -0.871501 0.0414636 -0.729673 -0.0707413 0.00247787 0.00690378 0 -0.871501 -0.0707413 0.00690378 5.191 1.59383 8.03724 981.699
1374 -61.6868 0.13092 1098.59 -0.111235 -0.00697024 -0.251595 0 -0.282606 -7.40374e-06 0.892314 0.110468 -0.0616474 -0.79397 -0.150307 0.672012 0.00476747 -0.933325 0.0431191 -0.72647 -0.0700387 0.00253878 0.00718708 -0.282606 -0.933325 -0.0700387 0.00718708 6.08457 1.80968 8.03724 976.717
1375 -60.9761 0.132259 1097.36 -0.109217 -0.00786341 -0.268694 0 -0.27948 -6.90633e-06 0.912625 0.108754 -0.063088 -0.789227 -0.166869 0.682339 0.00498646 -1.01727 0.0451035 -0.722734 -0.0691026 0.00260981 0.00769167 -0.27948 -1.01727 -0.0691026 0.00769167 6.45241 1.9123 8.03724 970.506
1376 -60.1961 0.133773 1095.92 -0.106964 -0.0090272 -0.289702 0 0 -6.37821e-06 0.934842 0.106772 -0.0645515 -0.783917 -0.187917 0.693772 0.00524356 -1.11404 0.0474106 -0.718628 -0.0679771 0.0026879 0.00828997 0 -1.11404 -0.0679771 0.00828997 7.27843 2.12278 8.03724 963.582
1377 -59.3999 0.135677 1094.25 -0.104647 -0.0103442 -0.311792 0 0 -5.85258e-06 0.957083 0.104661 -0.0659975 -0.778691 -0.210756 0.705507 0.0055289 -1.17761 0.0499501 -0.714443 -0.067015 0.00276748 0.00878844 0 -1.17761 -0.067015 0.00878844 7.73319 2.32183 8.03724 955.299
1378 -58.4851 0.137707 1092.34 -0.101954 -0.0121012 -0.339321 0 0 -5.26882e-06 0.982791 0.102139 -0.0673294 -0.772964 -0.239966 0.719092 0.0058686 -1.21941 0.0529531 -0.709634 -0.0661885 0.00285894 0.00919727 0 -1.21941 -0.0661885 0.00919727 7.71405 2.33221 8.03724 947.034
1379 -57.4215 0.139655 1090.24 -0.0988009 -0.0144079 -0.37262 0 -0.263703 -4.61155e-06 1.01277 0.0991058 -0.06849 -0.766484 -0.276527 0.734995 0.0062757 -1.25011 0.0565318 -0.704049 -0.0653999 0.00296515 0.00944981 -0.263703 -1.25011 -0.0653999 0.00944981 8.14443 2.43565 8.03724 939.019
1380 -56.3318 0.141655 1087.96 -0.0955463 -0.0176096 -0.415196 0 -0.259173 -3.95113e-06 1.04259 0.0959055 -0.0695831 -0.759858 -0.323499 0.751441 0.00673605 -1.27106 0.0605501 -0.69832 -0.0646113 0.00307409 0.0097439 -0.259173 -1.27106 -0.0646113 0.0097439 8.18643 2.45641 8.03724 930.74
1381 -55.2376 0.143596 1085.51 -0.0922594 -0.0215545 -0.462366 0 0 -3.29922e-06 1.07164 0.0926246 -0.0705449 -0.753118 -0.37631 0.768098 0.0072464 -1.32081 0.0649748 -0.692562 -0.063739 0.00318359 0.0100398 0 -1.32081 -0.063739 0.0100398 8.61213 2.55445 8.03724 922.363
1382 -53.8641 0.145855 1082.85 -0.0881283 -0.027308 -0.523177 0 0 -2.50153e-06 1.10874 0.0884584 -0.0710905 -0.744288 -0.447902 0.789144 0.0078793 -1.43154 0.0704478 -0.685344 -0.0622645 0.00332085 0.0107325 0 -1.43154 -0.0622645 0.0107325 9.61093 2.90984 8.03724 912.481
1383 -52.5072 0.148524 1079.94 -0.0840355 -0.0354048 -0.597038 0 0 -1.7253e-06 1.14355 0.0843232 -0.0714981 -0.735685 -0.538138 0.810094 0.00858185 -1.53404 0.0764832 -0.678215 -0.0609272 0.00345644 0.0112672 0 -1.53404 -0.0609272 0.0112672 10.6171 3.17348 8.03724 901.195
1384 -50.8761 0.151578 1076.72 -0.0791188 -0.0474433 -0.687665 0 -0.236427 -8.0764e-07 1.18531 0.0793791 -0.0714426 -0.725248 -0.659973 0.835443 0.00943791 -1.66491 0.0838178 -0.66965 -0.0592166 0.0036193 0.0119713 -0.236427 -1.66491 -0.0592166 0.0119713 12.2052 3.617 8.03724 888.243
1385 -48.724 0.155423 1073.15 -0.0726374 -0.0694083 -0.814045 0 -0.226569 3.8852e-07 1.24033 0.0729693 -0.0706646 -0.711801 -0.861475 0.869166 0.0105542 -1.79242 0.0933759 -0.658343 -0.0572924 0.00383434 0.0127162 -0.226569 -1.79242 -0.0572924 0.0127162 13.1857 3.96066 8.03724 873.402
1386 -46.399 0.159482 1069.23 -0.0656372 -0.104364 -0.947921 0 0 1.66954e-06 1.29568 0.0662878 -0.0695018 -0.697465 -1.15624 0.905841 0.0118755 -1.90636 0.104641 -0.646123 -0.0554088 0.00406672 0.0133859 0 -1.90636 -0.0554088 0.0133859 13.976 4.20507 8.03724 858.058
1387 -43.0772 0.16446 1064.94 -0.0556786 -0.172041 -1.07348 0 0 3.49028e-06 1.37378 0.0573388 -0.067038 -0.676942 -1.69918 0.958417 0.013699 -2.06189 0.120203 -0.628674 -0.0526664 0.00439853 0.0143086 0 -2.06189 -0.0526664 0.0143086 15.1683 4.72086 8.03724 841.101
1388 -39.2034 0.169967 1060.31 -0.0441021 -0.262452 -1.0253 0 -0.374589 5.60973e-06 1.4541 0.0479423 -0.0637395 -0.653244 -2.66025 1.01961 0.0159821 -2.23101 0.139629 -0.608339 -0.0496901 0.00478524 0.0151375 -0.374589 -2.23101 -0.0496901 0.0151375 17.0387 5.18058 8.03724 823.544
1389 -33.6421 0.176831 1055.35 -0.0275467 -0.302329 -0.639506 0 -0.494562 8.66698e-06 1.55814 0.0365167 -0.0582985 -0.618998 -4.63986 1.10638 0.0192804 -2.49619 0.16767 -0.579141 -0.0451972 0.00534049 0.0160978 -0.494562 -2.49619 -0.0451972 0.0160978 19.7014 6.11723 8.03724 804.873
1390 -25.6824 0.186091 1050.14 -0.00396067 -0.161948 -0.19936 0 -0.942693 1.30939e-05 1.67228 0.024151 -0.049854 -0.571119 -8.41479 1.2257 0.0246774 -2.61754 0.213327 -0.537374 -0.0398789 0.00613476 0.0166024 -0.942693 -2.61754 -0.0398789 0.0166024 22.5131 7.34419 8.03724 785.162
1391 -13.8366 0.19859 1044.82 0.0310065 -0.0413944 -0.0422981 0 -2.55588 1.98743e-05 1.75469 0.01257 -0.0365093 -0.501685 -10.9942 1.38645 0.0382329 -2.41036 0.326357 -0.475168 -0.0338343 0.00731772 0.0167353 -2.55588 -2.41036 -0.0338343 0.0167353 24.8265 8.44415 8.03724 766.101
1392 -1.51057 0.212351 1039.72 0.0672049 -0.00965404 -0.00966578 0 -4.39532 2.75716e-05 1.63748 0.00615585 -0.0220441 -0.430922 -6.58025 1.52612 0.0825918 -1.96114 0.681358 -0.410256 -0.0292177 0.00855214 0.0167038 -4.39532 -1.96114 -0.0292177 0.0167038 23.0568 7.85963 8.03724 750.855
1393 6.34818 0.223734 1034.93 0.0898057 -0.00359183 -0.00349254 0 -5.95673 3.38515e-05 1.34998 0.00385464 -0.012669 -0.387043 -2.08003 1.59922 0.178698 -1.5141 1.38734 -0.368824 -0.0275588 0.00934004 0.0165267 -5.95673 -1.5141 -0.0275588 0.0165267 18.6758 6.31306 8.03724 739.627
1394 10.2616 0.231156 1030.5 0.100418 -0.00202865 -0.00190961 0 -5.98074 3.90152e-05 1.08559 0.00304356 -0.00798943 -0.366246 -0.43993 1.63114 0.311183 -1.15457 2.23967 -0.348172 -0.0278068 0.00973277 0.0161714 -5.98074 -1.15457 -0.0278068 0.0161714 14.8115 4.89797 8.03724 733.486
1395 11.8073 0.235638 1026.47 0.103899 -0.00139292 -0.001288 0 -4.89771 4.36051e-05 0.913821 0.00276995 -0.00612911 -0.358787 -0.0750541 1.64301 0.45298 -0.913014 3.00414 -0.33998 -0.0286957 0.00988856 0.0157606 -4.89771 -0.913014 -0.0286957 0.0157606 11.9737 3.96558 8.03724 730.938
1396 11.1127 0.237876 1022.89 0.100909 -0.00105674 -0.000989953 0 -3.78331 4.6896e-05 0.82663 0.00288721 -0.00691877 -0.364295 -0.0131887 1.63785 0.575834 -0.725519 3.51657 -0.343583 -0.0305323 0.00982005 0.0152247 -3.78331 -0.725519 -0.0305323 0.0152247 9.08599 3.15307 8.03724 730.64
1397 9.3531 0.238308 1019.75 0.0950108 -0.000833748 -0.000805089 0 -3.95927 4.90158e-05 0.807761 0.0032106 -0.00896435 -0.375749 -0.00281575 1.6242 0.667631 -0.607412 3.76536 -0.352829 -0.0325645 0.00964421 0.0146287 -3.95927 -0.607412 -0.0325645 0.0146287 7.76045 2.61403 8.03724 732.411
1398 7.53123 0.237879 1017.08 0.0891218 -0.000660509 -0.000660533 0 -3.48617 5.05755e-05 0.831311 0.0035819 -0.0110706 -0.387079 -0.0008101 1.60948 0.732836 -0.547216 3.8337 -0.362392 -0.0341491 0.00946235 0.0141669 -3.48617 -0.547216 -0.0341491 0.0141669 6.66021 2.30858 8.03724 735.446
1399 5.38347 0.236706 1014.87 0.0824781 -0.000528351 -0.000554589 0 -4.09641 5.13177e-05 0.87651 0.00407478 -0.0135558 -0.400123 -0.000403533 1.59125 0.771753 -0.517513 3.76488 -0.373702 -0.0356681 0.00924728 0.0137116 -4.09641 -0.517513 -0.0356681 0.0137116 6.63739 2.20313 8.03724 739.138
1400 2.9203 0.235311 1013.08 0.0751425 -0.000426375 -0.000480297 0 -3.37333 5.12618e-05 0.932382 0.00471887 -0.0163916 -0.415108 -0.000379459 1.5693 0.787741 -0.474816 3.6054 -0.386638 -0.0374715 0.00900127 0.0132458 -3.37333 -0.474816 -0.0374715 0.0132458 5.58275 1.90031 8.03724 743.038
1401 0.908816 0.233415 1011.68 0.069173 -0.000340061 -0.000424571 0 -3.92172 5.11775e-05 1.00223 0.00531845 -0.0187003 -0.427005 -0.000498204 1.55043 0.790632 -0.479187 3.41863 -0.397234 -0.0385709 0.00879977 0.0129644 -3.92172 -0.479187 -0.0385709 0.0129644 6.02123 1.96379 8.03724 747.552
1402 -1.58766 0.23142 1010.64 0.0620099 -0.00027498 -0.000403117 0 -3.26962 5.02387e-05 1.06642 0.00616228 -0.0215589 -0.442209 -0.000719302 1.52594 0.777571 -0.432272 3.19627 -0.410349 -0.0404097 0.00855037 0.0123654 -3.26962 -0.432272 -0.0404097 0.0123654 5.00245 1.72335 8.03724 752.087
1403 -4.08263 0.228945 1009.94 0.0549512 -0.00022256 -0.000418988 0 -3.39143 4.89313e-05 1.13521 0.00713439 -0.0244143 -0.457509 -0.00108462 1.50017 0.75477 -0.373671 2.9706 -0.423477 -0.0423324 0.00830072 0.0117116 -3.39143 -0.373671 -0.0423324 0.0117116 4.41996 1.49587 8.03724 757.234
1404 -5.65696 0.226614 1009.56 0.0504606 -0.000175657 -0.000452159 0 -3.51209 4.83518e-05 1.21002 0.00782158 -0.0261998 -0.466586 -0.00155426 1.48324 0.734562 -0.407443 2.78457 -0.431764 -0.0429653 0.00814313 0.0115935 -3.51209 -0.407443 -0.0429653 0.0115935 4.58808 1.58453 8.03724 762.456
1405 -7.72727 0.224119 1009.47 0.0446895 -0.000140725 -0.000533386 0 -4.1034 4.70212e-05 1.26927 0.00882236 -0.0285597 -0.479098 -0.00217893 1.4602 0.706665 -0.386624 2.59255 -0.442671 -0.0443626 0.00793571 0.0111493 -4.1034 -0.386624 -0.0443626 0.0111493 4.5117 1.451 8.03724 767.706
1406 -9.03848 0.221925 1009.63 0.0410166 -0.000110447 -0.000627968 0 -3.72182 4.63866e-05 1.32995 0.00951579 -0.0300359 -0.486567 -0.0029018 1.4452 0.68378 -0.412322 2.43769 -0.449561 -0.0448109 0.00780469 0.0111985 -3.72182 -0.412322 -0.0448109 0.0111985 4.50773 1.51582 8.03724 772.826
1407 -10.7224 0.219666 1010.04 0.0363923 -8.78018e-05 -0.000774857 0 -3.0913 4.5193e-05 1.37647 0.0104814 -0.0319403 -0.496744 -0.00379364 1.42544 0.656802 -0.389626 2.28313 -0.458403 -0.0459777 0.00763654 0.0108071 -3.0913 -0.389626 -0.0459777 0.0108071 4.02814 1.37054 8.03724 777.967
1408 -12.1934 0.21738 1010.64 0.0323536 -6.97355e-05 -0.000991789 0 -3.9627 4.41054e-05 1.42508 0.0114043 -0.0336083 -0.505396 -0.00492547 1.40763 0.631102 -0.407874 2.14675 -0.466165 -0.0467197 0.00748893 0.0106159 -3.9627 -0.407874 -0.0467197 0.0106159 4.48233 1.42517 8.03724 783.038
1409 -13.5988 0.215133 1011.43 0.0285535 -5.57339e-05 -0.00124033 0 -2.36148 4.30087e-05 1.46639 0.0123481 -0.0351868 -0.513734 -0.00623073 1.39037 0.606261 -0.397594 2.02332 -0.473517 -0.047566 0.00734912 0.0104301 -2.36148 -0.397594 -0.047566 0.0104301 3.53152 1.25831 8.03724 788.168
1410 -15.2435 0.212756 1012.38 0.0241348 -4.5802e-05 -0.00161991 0 -2.08751 4.15133e-05 1.50187 0.0135512 -0.0370492 -0.523608 -0.00786773 1.3696 0.579758 -0.378665 1.9036 -0.482162 -0.0486314 0.00718472 0.0100975 -2.08751 -0.378665 -0.0486314 0.0100975 3.22881 1.19838 8.03724 793.245
1411 -16.8705 0.210325 1013.47 0.0197814 -3.94423e-05 -0.00217955 0 -2.71833 3.9933e-05 1.53827 0.0148515 -0.0388978 -0.533378 -0.00991148 1.3485 0.553984 -0.368892 1.79436 -0.490737 -0.0496623 0.00702165 0.00968447 -2.71833 -0.368892 -0.0496623 0.00968447 3.54449 1.23718 8.03724 798.381
1412 -18.6021 0.20793 1014.69 0.0151865 -3.68886e-05 -0.00292389 0 -2.97563 3.81385e-05 1.56931 0.0163596 -0.0408659 -0.543763 -0.012381 1.32553 0.528252 -0.354526 1.69165 -0.499853 -0.0507582 0.00684829 0.00934507 -2.97563 -0.354526 -0.0507582 0.00934507 3.4271 1.12661 8.03724 803.58
1413 -19.6971 0.205828 1016.03 0.0122922 -3.67375e-05 -0.00368493 0 -2.38707 3.70707e-05 1.60634 0.0173811 -0.0420994 -0.549971 -0.0150688 1.31078 0.508335 -0.389081 1.61211 -0.505599 -0.0511107 0.00673902 0.00937787 -2.38707 -0.389081 -0.0511107 0.00937787 3.41719 1.1818 8.03724 808.571
1414 -21.4181 0.20351 1017.45 0.00777589 -4.32739e-05 -0.00485954 0 -2.38959 3.51576e-05 1.62612 0.0191092 -0.0440559 -0.560355 -0.0180842 1.28713 0.484559 -0.355587 1.52425 -0.514652 -0.0522703 0.00656687 0.0089782 -2.38959 -0.355587 -0.0522703 0.0089782 3.23865 1.13544 8.03724 813.518
1415 -23.1707 0.201199 1018.96 0.00320154 -5.92965e-05 -0.00652897 0 -2.26167 3.31413e-05 1.64445 0.0210273 -0.0460495 -0.570813 -0.0214154 1.26256 0.461534 -0.35308 1.44229 -0.523868 -0.0533366 0.00639161 0.00864498 -2.26167 -0.35308 -0.0533366 0.00864498 2.9561 1.03593 8.03724 818.545
1416 -24.8144 0.198847 1020.54 -0.00106956 -8.86654e-05 -0.00874553 0 -2.24028 3.12066e-05 1.66349 0.0229821 -0.04792 -0.580685 -0.0249983 1.23907 0.440212 -0.336615 1.36849 -0.532513 -0.0543984 0.0062272 0.00825993 -2.24028 -0.336615 -0.0543984 0.00825993 2.73896 0.984385 8.03724 823.766
1417 -27.0304 0.196263 1022.19 -0.00679281 -0.000145189 -0.0120979 0 -1.39677 2.85012e-05 1.66572 0.0258672 -0.050443 -0.594099 -0.0285374 1.20686 0.415765 -0.300597 1.2873 -0.544148 -0.0559577 0.00600596 0.0076885 -1.39677 -0.300597 -0.0559577 0.0076885 2.0962 0.769468 8.03724 828.986
1418 -28.7686 0.193855 1023.89 -0.0112689 -0.000241857 -0.0166487 0 -1.31495 2.63533e-05 1.67947 0.0283526 -0.0524235 -0.60423 -0.0318725 1.18109 0.395362 -0.324027 1.22061 -0.553289 -0.0567726 0.00583211 0.00749293 -1.31495 -0.324027 -0.0567726 0.00749293 2.31968 0.873284 8.03724 834.105
1419 -30.3084 0.191685 1025.63 -0.0152226 -0.000366777 -0.0217774 0 -1.66696 2.44261e-05 1.69076 0.0307278 -0.0541797 -0.613088 -0.0353286 1.15792 0.376826 -0.355504 1.16097 -0.5614 -0.0573662 0.00567788 0.00748568 -1.66696 -0.355504 -0.0573662 0.00748568 2.69464 0.941406 8.03724 838.854
1420 -32.2125 0.189525 1027.4 -0.020094 -0.000537672 -0.0283586 0 -1.59079 2.20129e-05 1.68548 0.0338923 -0.05635 -0.624425 -0.0380247 1.12896 0.356297 -0.341375 1.09626 -0.571413 -0.0584996 0.00548745 0.00718544 -1.59079 -0.341375 -0.0584996 0.00718544 2.39818 0.829277 8.03724 843.483
1421 -33.8128 0.187389 1029.18 -0.0241713 -0.000777878 -0.0364998 0 -1.65252 1.99676e-05 1.68517 0.0367597 -0.0581715 -0.633936 -0.0401081 1.10434 0.337988 -0.330894 1.03933 -0.579833 -0.0594301 0.00532733 0.00694215 -1.65252 -0.330894 -0.0594301 0.00694215 2.26241 0.786896 8.03724 848.415
1422 -35.1563 0.185311 1030.99 -0.0275891 -0.00105177 -0.0452749 0 -2.55613 1.82329e-05 1.68644 0.0393261 -0.0597016 -0.641858 -0.0421036 1.08344 0.321397 -0.343278 0.988427 -0.586925 -0.0601252 0.00519246 0.00673682 -2.55613 -0.343278 -0.0601252 0.00673682 2.96081 0.892175 8.03724 853.323
1423 -36.938 0.183226 1032.82 -0.0320933 -0.00129587 -0.0541454 0 -1.42439 1.59456e-05 1.6668 0.0429235 -0.0617188 -0.65259 -0.0438946 1.05571 0.302303 -0.31231 0.930393 -0.596268 -0.0613372 0.0050148 0.00635384 -1.42439 -0.31231 -0.0613372 0.00635384 1.85942 0.658909 8.03724 858.133
1424 -38.4311 0.181141 1034.67 -0.0358684 -0.00158881 -0.063793 0 -1.83856 1.4012e-05 1.65404 0.0461458 -0.063407 -0.661503 -0.0441901 1.03222 0.284838 -0.302497 0.878073 -0.604133 -0.0622352 0.00486523 0.00607388 -1.83856 -0.302497 -0.0622352 0.00607388 1.98662 0.68944 8.03724 863.084
1425 -39.8081 0.179095 1036.55 -0.0393174 -0.00185162 -0.0725131 0 -0.567285 1.22374e-05 1.63959 0.0492567 -0.0649461 -0.669712 -0.0452834 1.0106 0.268148 -0.289026 0.828624 -0.611344 -0.0630965 0.0047281 0.0057894 -0.567285 -0.289026 -0.0630965 0.0057894 1.57751 0.646343 8.03724 868.197
1426 -41.9313 0.176713 1038.44 -0.0446827 -0.00191438 -0.0786496 0 -0.792249 9.51016e-06 1.5976 0.0543716 -0.0673289 -0.682515 -0.0434867 0.976973 0.247069 -0.255404 0.766306 -0.622518 -0.0645126 0.0045156 0.00531136 -0.792249 -0.255404 -0.0645126 0.00531136 1.37119 0.532073 8.03724 873.159
1427 -43.6805 0.174502 1040.35 -0.0490823 -0.00199668 -0.0831749 0 -0.616766 7.26929e-06 1.56546 0.0588426 -0.069257 -0.693021 -0.0422497 0.949248 0.228095 -0.23794 0.711124 -0.631715 -0.0656467 0.0043407 0.00495202 -0.616766 -0.23794 -0.0656467 0.00495202 1.10561 0.422715 8.03724 878.311
1428 -45.4316 0.172212 1042.27 -0.053483 -0.00197129 -0.084418 0 -0.424923 5.03937e-06 1.52989 0.0635417 -0.0711494 -0.703308 -0.0406202 0.921497 0.209173 -0.241616 0.656717 -0.640922 -0.0665516 0.00416562 0.0047762 -0.424923 -0.241616 -0.0665516 0.0047762 1.07722 0.460213 8.03724 883.358
1429 -46.9878 0.170034 1044.19 -0.0573978 -0.00193133 -0.0837898 0 -1.09558 3.06509e-06 1.49697 0.0679023 -0.0727783 -0.712381 -0.039723 0.896806 0.191477 -0.262169 0.606581 -0.649127 -0.0672634 0.00400958 0.0046809 -1.09558 -0.262169 -0.0672634 0.0046809 1.5987 0.51994 8.03724 888.242
1430 -48.1295 0.168143 1046.12 -0.0602451 -0.00196228 -0.0834835 0 -0.672403 1.63189e-06 1.47445 0.0711804 -0.0738904 -0.719009 -0.0405895 0.87881 0.176275 -0.27317 0.564402 -0.655123 -0.0677818 0.00389557 0.00467903 -0.672403 -0.27317 -0.0677818 0.00467903 1.25924 0.470121 8.03724 893.065
1431 -49.1545 0.166334 1048.04 -0.0628016 -0.00195951 -0.0820736 0 -0.456054 3.56724e-07 1.45238 0.0741836 -0.0748248 -0.724966 -0.0414482 0.862683 0.162078 -0.276923 0.525413 -0.66051 -0.0682486 0.00379312 0.00461736 -0.456054 -0.276923 -0.0682486 0.00461736 1.27902 0.55338 8.03724 897.829
1432 -50.2116 0.164573 1049.97 -0.0654482 -0.00194812 -0.0803131 0 -0.697818 -9.45505e-07 1.42537 0.0773353 -0.0757554 -0.731302 -0.0424917 0.846071 0.148369 -0.264755 0.487693 -0.666077 -0.068912 0.00368725 0.00442601 -0.697818 -0.264755 -0.068912 0.00442601 1.32801 0.525264 8.03724 902.582
1433 -51.5114 0.162774 1051.89 -0.0687062 -0.00186373 -0.0769471 0 -0.238236 -2.52285e-06 1.38677 0.0812506 -0.0768862 -0.739137 -0.0423663 0.825795 0.134401 -0.241791 0.448746 -0.672903 -0.0697921 0.00355745 0.00416611 -0.238236 -0.241791 -0.0697921 0.00416611 0.850188 0.376066 8.03724 907.314
1434 -52.8038 0.160875 1053.82 -0.0719568 -0.00173785 -0.0723744 0 0 -4.07038e-06 1.34702 0.0851819 -0.0778933 -0.746873 -0.0413276 0.80573 0.121189 -0.225669 0.411951 -0.679695 -0.070606 0.00342828 0.00392904 0 -0.225669 -0.070606 0.00392904 0.706883 0.334395 8.03724 912.076
1435 -53.8444 0.159085 1055.73 -0.0745889 -0.00163645 -0.0680782 0 -0.496697 -5.2955e-06 1.31547 0.0883648 -0.0784922 -0.753004 -0.0405773 0.789617 0.109605 -0.232719 0.380156 -0.685183 -0.0711448 0.00332392 0.00383045 -0.496697 -0.232719 -0.0711448 0.00383045 1.00676 0.392709 8.03724 916.811
1436 -55.1334 0.157295 1057.64 -0.0778503 -0.00152924 -0.0637251 0 0 -6.79042e-06 1.27272 0.0922734 -0.0792095 -0.760628 -0.0394647 0.769875 0.098019 -0.231527 0.347621 -0.691951 -0.0718721 0.00319522 0.00367808 0 -0.231527 -0.0718721 0.00367808 0.71105 0.322243 8.03724 921.301
1437 -56.0692 0.155675 1059.52 -0.0802417 -0.00145699 -0.0602102 0 -0.258024 -7.84517e-06 1.24248 0.0950908 -0.0793674 -0.765928 -0.0389423 0.755591 0.0882928 -0.258526 0.320846 -0.696882 -0.0721482 0.00310145 0.00378104 -0.258024 -0.258526 -0.0721482 0.00378104 0.985844 0.39391 8.03724 925.585
1438 -57.1381 0.154065 1061.37 -0.0829782 -0.00139711 -0.0572935 0 0 -9.03203e-06 1.20552 0.0982465 -0.0795087 -0.772353 -0.0383799 0.739438 0.0789677 -0.23517 0.29451 -0.702497 -0.0728506 0.00299466 0.0035982 0 -0.23517 -0.0728506 0.0035982 0.721192 0.326519 8.03724 929.93
1439 -58.2338 0.152407 1063.22 -0.0858068 -0.00131029 -0.0540229 0 0 -1.02271e-05 1.16651 0.101403 -0.0794281 -0.779013 -0.0370033 0.722989 0.0703233 -0.214667 0.269704 -0.708261 -0.0736366 0.00288505 0.0033204 0 -0.214667 -0.0736366 0.0033204 0.659375 0.294015 8.03724 934.427
1440 -59.2705 0.150777 1065.05 -0.0885086 -0.00123872 -0.0514249 0 0 -1.13278e-05 1.12894 0.104285 -0.0790154 -0.785222 -0.0357525 0.707559 0.0625568 -0.203536 0.247152 -0.713714 -0.0742889 0.00278135 0.0031464 0 -0.203536 -0.0742889 0.0031464 0.526681 0.266453 8.03724 938.896
1441 -60.2217 0.149184 1066.86 -0.0910183 -0.00118603 -0.0496135 0 0 -1.23052e-05 1.09391 0.106816 -0.0782484 -0.790909 -0.0347203 0.693521 0.0556673 -0.191799 0.22689 -0.718718 -0.0748769 0.00268619 0.00300816 0 -0.191799 -0.0748769 0.00300816 0.478244 0.246217 8.03724 943.341
1442 -61.0967 0.147617 1068.68 -0.0933608 -0.00114344 -0.0483722 0 0 -1.31721e-05 1.06115 0.109029 -0.0771426 -0.796137 -0.0337494 0.680713 0.049561 -0.187756 0.208632 -0.723321 -0.0754145 0.00259866 0.0028711 0 -0.187756 -0.0754145 0.0028711 0.590564 0.261321 8.03724 947.801
1443 -61.9276 0.146155 1070.48 -0.0956184 -0.00111751 -0.0478668 0 0 -1.39669e-05 1.02938 0.111009 -0.0757786 -0.800955 -0.0330418 0.668647 0.0441139 -0.201622 0.191936 -0.727692 -0.0757783 0.00251553 0.00286307 0 -0.201622 -0.0757783 0.00286307 0.619955 0.270916 8.03724 951.928
1444 -62.6015 0.144793 1072.26 -0.0975058 -0.00110795 -0.0480164 0 -0.286683 -1.45675e-05 1.00325 0.11252 -0.0741137 -0.804855 -0.0326714 0.658913 0.0394516 -0.207629 0.177468 -0.731245 -0.0760576 0.00244796 0.00288945 -0.286683 -0.207629 -0.0760576 0.00288945 0.744354 0.286186 8.03724 955.951
1445 -63.2728 0.143515 1074.02 -0.0994054 -0.00110139 -0.0484897 0 0 -1.51442e-05 0.976709 0.113921 -0.0723408 -0.808621 -0.0323364 0.649322 0.035252 -0.233936 0.163949 -0.73477 -0.0762315 0.00238093 0.00296644 0 -0.233936 -0.0762315 0.00296644 0.789505 0.3126 8.03724 959.724
1446 -63.8658 0.142321 1075.75 -0.101134 -0.00109929 -0.0492625 0 0 -1.56194e-05 0.952827 0.11507 -0.0704185 -0.812036 -0.0320779 0.640891 0.0315745 -0.235056 0.151789 -0.73789 -0.0764677 0.00232161 0.00301582 0 -0.235056 -0.0764677 0.00301582 0.658953 0.289793 8.03724 963.366
1447 -64.4423 0.141128 1077.45 -0.102847 -0.00109484 -0.0501365 0 0 -1.6061e-05 0.929215 0.116099 -0.0684282 -0.815566 -0.0317593 0.632746 0.0282829 -0.218928 0.140488 -0.740922 -0.0769074 0.00226394 0.00287104 0 -0.218928 -0.0769074 0.00287104 0.585293 0.260118 8.03724 967.183
1448 -64.9762 0.139979 1079.14 -0.104477 -0.00109189 -0.0511811 0 0 -1.64419e-05 0.907023 0.116969 -0.0663677 -0.818698 -0.0314581 0.625249 0.0253704 -0.228359 0.130146 -0.743731 -0.0771771 0.00221052 0.00283047 0 -0.228359 -0.0771771 0.00283047 0.696882 0.290119 8.03724 970.835
1449 -65.4515 0.138926 1080.79 -0.105982 -0.00109387 -0.0524662 0 0 -1.67473e-05 0.886948 0.11767 -0.0642709 -0.821335 -0.0312791 0.618613 0.0228134 -0.243629 0.120777 -0.746232 -0.0772663 0.00216297 0.00292826 0 -0.243629 -0.0772663 0.00292826 0.838401 0.334332 8.03724 974.151
1450 -65.8756 0.13795 1082.41 -0.107379 -0.00110001 -0.0539522 0 0 -1.69873e-05 0.868716 0.118235 -0.0621926 -0.823795 -0.0312206 0.612722 0.0205639 -0.249689 0.112259 -0.748463 -0.0774526 0.00212053 0.0029328 0 -0.249689 -0.0774526 0.0029328 0.738735 0.310093 8.03724 977.379
1451 -66.2776 0.13694 1084.01 -0.108741 -0.00110571 -0.0554926 0 0 -1.71937e-05 0.851187 0.118715 -0.0601771 -0.826303 -0.0311765 0.607169 0.0185602 -0.230656 0.104381 -0.750577 -0.077806 0.00208033 0.00279675 0 -0.230656 -0.077806 0.00279675 0.678308 0.285506 8.03724 980.807
1452 -66.6508 0.135955 1085.58 -0.110052 -0.00111156 -0.0570881 0 0 -1.7361e-05 0.834669 0.119109 -0.0582208 -0.828491 -0.0311295 0.602034 0.0167815 -0.234627 0.0971338 -0.752541 -0.0779925 0.00204299 0.00275784 0 -0.234627 -0.0779925 0.00275784 0.83073 0.31975 8.03724 984.053
1453 -66.9891 0.135048 1087.12 -0.111293 -0.0011196 -0.0587898 0 0 -1.74844e-05 0.819444 0.119421 -0.0563375 -0.83051 -0.0311436 0.597401 0.0152079 -0.23377 0.0905058 -0.754321 -0.0781982 0.00200914 0.00272085 0 -0.23377 -0.0781982 0.00272085 0.753929 0.311035 8.03724 987.201
1454 -67.2979 0.134153 1088.64 -0.112477 -0.00112915 -0.0605679 0 0 -1.75707e-05 0.805307 0.119668 -0.054545 -0.832364 -0.0312066 0.59319 0.0138124 -0.230595 0.0844296 -0.755945 -0.0783967 0.00197825 0.0026817 0 -0.230595 -0.0783967 0.0026817 0.773451 0.304652 8.03724 990.353
1455 -67.5769 0.133291 1090.14 -0.113602 -0.00114042 -0.0624218 0 0 -1.76211e-05 0.792283 0.119859 -0.0528515 -0.833924 -0.0313175 0.589397 0.0125754 -0.234502 0.0788691 -0.757413 -0.0784612 0.00195033 0.00273007 0 -0.234502 -0.0784612 0.00273007 0.836413 0.32249 8.03724 993.352
1456 -67.8261 0.132454 1091.62 -0.114666 -0.00115392 -0.0643626 0 0 -1.76369e-05 0.780387 0.120002 -0.0512665 -0.835364 -0.0314914 0.586021 0.0114792 -0.237783 0.0737894 -0.758724 -0.0785654 0.0019254 0.00273121 0 -0.237783 -0.0785654 0.00273121 0.759784 0.302094 8.03724 996.324
1457 -68.0476 0.131658 1093.07 -0.115674 -0.0011693 -0.0663741 0 0 -1.76216e-05 0.769539 0.120108 -0.0497948 -0.836561 -0.0317156 0.583028 0.0105068 -0.261052 0.0691494 -0.75989 -0.0785741 0.00190323 0.00280255 0 -0.261052 -0.0785741 0.00280255 0.962123 0.321545 8.03724 999.117
1458 -68.1856 0.130951 1094.47 -0.116473 -0.00119778 -0.0688366 0 0 -1.75245e-05 0.761982 0.120164 -0.0484327 -0.837129 -0.0322003 0.581167 0.00967348 -0.281824 0.0651121 -0.760617 -0.0784014 0.00188941 0.00298794 0 -0.281824 -0.0784014 0.00298794 1.00769 0.370898 8.03724 1001.53
1459 -68.3288 0.130281 1095.84 -0.117294 -0.00122355 -0.0712018 0 0 -1.74307e-05 0.754123 0.120212 -0.0472652 -0.837872 -0.0327566 0.57924 0.00891948 -0.294599 0.0613315 -0.761371 -0.0783759 0.00187508 0.00304729 0 -0.294599 -0.0783759 0.00304729 1.02309 0.374244 8.03724 1003.91
1460 -68.4452 0.129647 1097.16 -0.118052 -0.00125234 -0.0736669 0 0 -1.73111e-05 0.747286 0.120245 -0.0462325 -0.838549 -0.0333314 0.577678 0.00825121 -0.288827 0.0578981 -0.761983 -0.0784293 0.00186343 0.00305617 0 -0.288827 -0.0784293 0.00305617 0.946493 0.358358 8.03724 1006.19
1461 -68.5492 0.129038 1098.45 -0.118785 -0.00128142 -0.0761344 0 0 -1.71798e-05 0.740895 0.120269 -0.0453277 -0.839136 -0.0339187 0.576283 0.00765311 -0.297823 0.0547446 -0.762531 -0.0784583 0.00185302 0.00305993 0 -0.297823 -0.0784583 0.00305993 1.07542 0.368781 8.03724 1008.41
1462 -68.6208 0.128507 1099.69 -0.119437 -0.00131523 -0.0787596 0 0 -1.70197e-05 0.735752 0.120283 -0.0445349 -0.83938 -0.034604 0.575322 0.00712578 -0.322109 0.0519111 -0.762908 -0.0783173 0.00184584 0.00318648 0 -0.322109 -0.0783173 0.00318648 1.28311 0.428781 8.03724 1010.22
1463 -68.6697 0.128036 1100.87 -0.12003 -0.00135289 -0.0815101 0 0 -1.68407e-05 0.731468 0.120291 -0.0438659 -0.839668 -0.035397 0.574666 0.0066581 -0.316731 0.049349 -0.763166 -0.0783428 0.00184094 0.00319849 0 -0.316731 -0.0783428 0.00319849 1.23924 0.433264 8.03724 1011.99
1464 -68.7043 0.127582 1102.02 -0.120587 -0.00139215 -0.0843007 0 0 -1.66507e-05 0.727711 0.120296 -0.0433099 -0.839817 -0.036225 0.574203 0.00624082 -0.328723 0.0470181 -0.763348 -0.0783065 0.00183747 0.00323024 0 -0.328723 -0.0783065 0.00323024 1.35415 0.467372 8.03724 1013.62
1465 -68.7207 0.127178 1103.11 -0.121096 -0.00143461 -0.0871885 0 0 -1.64473e-05 0.724635 0.120298 -0.0428582 -0.839901 -0.0371279 0.573983 0.00587012 -0.32906 0.0449134 -0.763435 -0.0783024 0.00183583 0.00327242 0 -0.32906 -0.0783024 0.00327242 1.23534 0.446689 8.03724 1015.16
1466 -68.729 0.126757 1104.17 -0.121582 -0.00147794 -0.0900851 0 0 -1.62395e-05 0.721845 0.120299 -0.0425027 -0.839927 -0.0380542 0.573871 0.00553814 -0.33308 0.0429959 -0.763479 -0.0782828 0.00183499 0.00327831 0 -0.33308 -0.0782828 0.00327831 1.30782 0.462631 8.03724 1016.76
1467 -68.7104 0.126323 1105.18 -0.121992 -0.00152737 -0.0931796 0 0 -1.60121e-05 0.720076 0.120297 -0.0422427 -0.839854 -0.039129 0.57412 0.0052468 -0.3272 0.0412982 -0.763381 -0.0783104 0.00183685 0.00326434 0 -0.3272 -0.0783104 0.00326434 1.19338 0.437837 8.03724 1018.46
1468 -68.7042 0.125902 1106.16 -0.122436 -0.00157254 -0.09609 0 0 -1.57983e-05 0.717796 0.120296 -0.0420564 -0.839768 -0.0400887 0.574201 0.00498074 -0.33994 0.0397167 -0.763349 -0.0782566 0.00183746 0.00328482 0 -0.33994 -0.0782566 0.00328482 1.41196 0.467663 8.03724 1019.97
1469 -68.5811 0.125597 1107.09 -0.12255 -0.00164842 -0.100089 0 0 -1.54934e-05 0.720007 0.120276 -0.0419518 -0.838767 -0.0417193 0.575845 0.00477234 -0.369964 0.0385217 -0.762702 -0.077914 0.00184975 0.00351951 0 -0.369964 -0.077914 0.00351951 1.67157 0.540816 8.03724 1020.95
1470 -68.513 0.125367 1107.95 -0.122808 -0.00170987 -0.103508 0 0 -1.52383e-05 0.720018 0.120261 -0.0419869 -0.838234 -0.0430685 0.576755 0.00457266 -0.393985 0.0373343 -0.762345 -0.0777453 0.00185655 0.0036145 0 -0.393985 -0.0777453 0.0036145 1.68836 0.549462 8.03724 1021.75
1471 -68.4131 0.125244 1108.75 -0.12297 -0.00178066 -0.107219 0 0 -1.49627e-05 0.721219 0.120237 -0.0420918 -0.837367 -0.0445881 0.578093 0.00440181 -0.428242 0.0363271 -0.76182 -0.0774132 0.00186653 0.0038398 0 -0.428242 -0.0774132 0.0038398 2.06037 0.665855 8.03724 1022.07
1472 -68.2768 0.125221 1109.46 -0.123021 -0.00186358 -0.11131 0 0 -1.46643e-05 0.723759 0.120196 -0.0422847 -0.836359 -0.0463783 0.57992 0.00425857 -0.453008 0.0354993 -0.761105 -0.0771347 0.00188013 0.00400496 0 -0.453008 -0.0771347 0.00400496 2.12385 0.691811 8.03724 1022.11
1473 -68.1337 0.125168 1110.09 -0.123041 -0.00195127 -0.115501 0 0 -1.43667e-05 0.7265 0.120144 -0.0425825 -0.835536 -0.0483059 0.581846 0.0041343 -0.44099 0.0347873 -0.760352 -0.0770782 0.00189445 0.00401542 0 -0.44099 -0.0770782 0.00401542 1.92175 0.657869 8.03724 1022.27
1474 -67.9887 0.125129 1110.67 -0.123045 -0.00204054 -0.11967 0 0 -1.4074e-05 0.729254 0.120083 -0.0429587 -0.834491 -0.0502442 0.583798 0.00402613 -0.469608 0.0341742 -0.75959 -0.0768095 0.00190894 0.00415235 0 -0.469608 -0.0768095 0.00415235 2.41742 0.736803 8.03724 1022.33
1475 -67.7666 0.125226 1111.16 -0.122816 -0.00215919 -0.124771 0 0 -1.37298e-05 0.734868 0.119972 -0.0434122 -0.832991 -0.0527937 0.586798 0.00394897 -0.486377 0.0337917 -0.758422 -0.0764993 0.00193114 0.00435295 0 -0.486377 -0.0764993 0.00435295 2.21411 0.730913 8.03724 1022
1476 -67.5849 0.125255 1111.59 -0.122686 -0.00226763 -0.129409 0 0 -1.34231e-05 0.738865 0.119865 -0.043985 -0.831925 -0.0551783 0.589258 0.00387706 -0.487539 0.0334258 -0.757467 -0.0764072 0.00194931 0.0043549 0 -0.487539 -0.0764072 0.0043549 2.15944 0.704012 8.03724 1021.83
1477 -67.3936 0.125267 1111.97 -0.122516 -0.00238255 -0.134162 0 0 -1.31162e-05 0.743171 0.119739 -0.0446118 -0.830669 -0.057649 0.591854 0.00381935 -0.503222 0.0331578 -0.756461 -0.0761755 0.00196843 0.00443933 0 -0.503222 -0.0761755 0.00443933 2.51621 0.771094 8.03724 1021.36
1478 -67.1735 0.125426 1112.26 -0.12225 -0.00251213 -0.139283 0 0 -1.27954e-05 0.748494 0.119575 -0.0452907 -0.829117 -0.0604068 0.594847 0.00377874 -0.537005 0.0330164 -0.755305 -0.0758026 0.00199042 0.00464929 0 -0.537005 -0.0758026 0.00464929 2.61897 0.846367 8.03724 1020.31
1479 -66.8555 0.125629 1112.47 -0.121686 -0.00268645 -0.145695 0 0 -1.24121e-05 0.757394 0.119306 -0.046015 -0.827029 -0.0639228 0.599188 0.00376779 -0.567367 0.033115 -0.753633 -0.0754178 0.00202221 0.00482646 0 -0.567367 -0.0754178 0.00482646 3.02944 0.914755 8.03724 1019.06
1480 -66.5716 0.125964 1112.59 -0.1212 -0.00285923 -0.151864 0 0 -1.20622e-05 0.764856 0.119033 -0.0469102 -0.824969 -0.0678067 0.603076 0.00376207 -0.624909 0.0332409 -0.752142 -0.0748777 0.00205057 0.00512669 0 -0.624909 -0.0748777 0.00512669 3.4305 1.00469 8.03724 1017.14
1481 -66.222 0.12655 1112.57 -0.12051 -0.00306749 -0.158891 0 -0.303137 -1.1676e-05 0.774583 0.118658 -0.0478764 -0.822299 -0.0721755 0.60786 0.00377888 -0.701617 0.0335501 -0.750314 -0.0740708 0.00208535 0.0055952 -0.303137 -0.701617 -0.0740708 0.0055952 4.16899 1.25484 8.03724 1013.97
1482 -65.8136 0.127291 1112.4 -0.119617 -0.00332341 -0.167054 0 0 -1.12566e-05 0.786428 0.118162 -0.0489617 -0.819627 -0.0775774 0.613526 0.00381855 -0.729316 0.0340465 -0.748158 -0.0735954 0.00212633 0.00588923 0 -0.729316 -0.0735954 0.00588923 3.90347 1.21392 8.03724 1010.75
1483 -65.4055 0.127959 1112.12 -0.118706 -0.00359686 -0.17537 0 0 -1.08486e-05 0.798021 0.117612 -0.0501776 -0.817058 -0.0833661 0.619193 0.00386941 -0.750442 0.0346286 -0.746013 -0.0732128 0.00216713 0.00604618 0 -0.750442 -0.0732128 0.00604618 4.1021 1.26351 8.03724 1007.77
1484 -64.9084 0.128804 1111.7 -0.117519 -0.00392844 -0.184839 0 -0.296921 -1.0392e-05 0.812617 0.116873 -0.0514692 -0.81371 -0.0902461 0.626109 0.00394791 -0.821377 0.0354444 -0.743408 -0.0725184 0.00221666 0.00637439 -0.296921 -0.821377 -0.0725184 0.00637439 4.90309 1.43006 8.03724 1003.98
1485 -64.3231 0.129861 1111.12 -0.116039 -0.004377 -0.196938 0 0 -9.88633e-06 0.830233 0.115903 -0.0528982 -0.809799 -0.0994521 0.634348 0.00405732 -0.881249 0.0365226 -0.740324 -0.0717499 0.00227531 0.00678021 0 -0.881249 -0.0717499 0.00678021 5.3098 1.59857 8.03724 999.266
1486 -63.6906 0.131187 1110.34 -0.114399 -0.00488891 -0.209826 0 0 -9.3631e-06 0.84918 0.114751 -0.0544509 -0.805414 -0.109892 0.643288 0.00419048 -0.979852 0.0377996 -0.737 -0.0707523 0.00233852 0.00728672 0 -0.979852 -0.0707523 0.00728672 6.08932 1.82711 8.03724 993.347
1487 -63.0234 0.132741 1109.32 -0.112629 -0.00547463 -0.223603 0 0 -8.82992e-06 0.86902 0.113425 -0.0561193 -0.801056 -0.121859 0.652788 0.00434745 -1.04699 0.0392753 -0.733493 -0.0699684 0.00240521 0.00765642 0 -1.04699 -0.0699684 0.00765642 6.6001 1.9627 8.03724 986.644
1488 -62.2643 0.134505 1108.06 -0.110562 -0.00624876 -0.240705 0 0 -8.25057e-06 0.891729 0.111791 -0.0578518 -0.796044 -0.13714 0.663676 0.0045414 -1.12612 0.041067 -0.729504 -0.0690212 0.00248108 0.00811021 0 -1.12612 -0.0690212 0.00811021 7.20572 2.1433 8.03724 978.993
1489 -61.4635 0.136451 1106.56 -0.108345 -0.00716618 -0.259525 0 0 -7.65814e-06 0.91544 0.109938 -0.0596466 -0.791031 -0.154983 0.675255 0.00476629 -1.1704 0.0431184 -0.725294 -0.0682989 0.00256114 0.00839332 0 -1.1704 -0.0682989 0.00839332 7.42734 2.22871 8.03724 971.191
1490 -60.6573 0.138453 1104.84 -0.106087 -0.00822994 -0.279842 0 0 -7.07572e-06 0.938854 0.107955 -0.0614616 -0.78601 -0.175016 0.687004 0.00501707 -1.20467 0.0453825 -0.721055 -0.0675963 0.00264174 0.0086833 0 -1.20467 -0.0675963 0.0086833 7.68234 2.29299 8.03724 963.263
1491 -59.7935 0.140512 1102.9 -0.103636 -0.00953341 -0.303009 0 0 -6.47016e-06 0.963794 0.105716 -0.0632064 -0.780497 -0.198581 0.699689 0.00530599 -1.25977 0.0479678 -0.716514 -0.0667113 0.0027281 0.00910363 0 -1.25977 -0.0667113 0.00910363 7.96027 2.42922 8.03724 954.684
1492 -58.8788 0.142682 1100.71 -0.101013 -0.0111581 -0.329867 0 0 -5.84604e-06 0.989922 0.103237 -0.0648562 -0.7747 -0.226651 0.713226 0.00563583 -1.31356 0.050896 -0.711706 -0.0658137 0.00281954 0.00950431 0 -1.31356 -0.0658137 0.00950431 8.96566 2.63229 8.03724 945.396
1493 -57.8985 0.145045 1098.28 -0.0981775 -0.0132177 -0.361369 0 0 -5.19442e-06 1.01766 0.100478 -0.0663637 -0.768535 -0.260342 0.727848 0.00601411 -1.36616 0.0542308 -0.706553 -0.0648997 0.00291753 0.0098976 0 -1.36616 -0.0648997 0.0098976 9.10198 2.73355 8.03724 935.735
1494 -56.8012 0.147478 1095.62 -0.0949796 -0.0160063 -0.400534 0 0 -4.4844e-06 1.04857 0.0972919 -0.0676662 -0.761645 -0.303217 0.744349 0.00645909 -1.43432 0.0581303 -0.700785 -0.0638872 0.00302721 0.0103619 0 -1.43432 -0.0638872 0.0103619 9.59651 2.81459 8.03724 925.816
1495 -55.6129 0.149992 1092.72 -0.0915007 -0.0197074 -0.447576 0 -0.255953 -3.73318e-06 1.08153 0.0937602 -0.0687508 -0.754232 -0.355687 0.762348 0.00697309 -1.48065 0.0626084 -0.694545 -0.0628328 0.00314588 0.0108145 -0.255953 -1.48065 -0.0628328 0.0108145 10.1526 3.01803 8.03724 915.249
1496 -54.1338 0.152853 1089.55 -0.0871468 -0.0255562 -0.513285 0 0 -2.8194e-06 1.12293 0.0892815 -0.0694225 -0.744905 -0.432492 0.784987 0.00761833 -1.57929 0.0682117 -0.686765 -0.0614339 0.00329383 0.0113077 0 -1.57929 -0.0614339 0.0113077 11.2824 3.40591 8.03724 903.083
1497 -52.6045 0.156033 1086.08 -0.0826355 -0.0341474 -0.59557 0 0 -1.89079e-06 1.16387 0.0846214 -0.0698819 -0.735455 -0.532278 0.808578 0.00835781 -1.67334 0.0745948 -0.678729 -0.0601732 0.00344665 0.0117015 0 -1.67334 -0.0601732 0.0117015 12.1571 3.59161 8.03724 890.15
1498 -50.8134 0.159541 1082.33 -0.0773472 -0.0473225 -0.697888 0 0 -8.20128e-07 1.21107 0.0791872 -0.0698733 -0.724542 -0.669127 0.836437 0.00925901 -1.7253 0.0823473 -0.669316 -0.0588514 0.00362566 0.0121692 0 -1.7253 -0.0588514 0.0121692 12.0782 3.7194 8.03724 876.89
1499 -48.8359 0.163019 1078.34 -0.0715071 -0.0679419 -0.819389 0 0 3.47524e-07 1.26099 0.0732942 -0.0694504 -0.71273 -0.861393 0.867426 0.0103294 -1.76134 0.0915167 -0.658924 -0.0576293 0.00382328 0.0125187 0 -1.76134 -0.0576293 0.0125187 12.2468 3.76425 8.03724 864.037
1500 -46.5443 0.16655 1074.14 -0.0647487 -0.101277 -0.952084 0 0 1.68788e-06 1.31645 0.066695 -0.0684614 -0.698821 -1.14732 0.903551 0.0116324 -1.82909 0.102646 -0.646884 -0.0559887 0.00405224 0.0131319 0 -1.82909 -0.0559887 0.0131319 12.621 3.8181 8.03724 851.356
1501 -43.832 0.17046 1069.75 -0.0567673 -0.153584 -1.05948 0 0 3.26481e-06 1.37865 0.0593027 -0.0667791 -0.682252 -1.58688 0.946472 0.0132383 -1.92431 0.116328 -0.632636 -0.0539396 0.00432319 0.0138553 0 -1.92431 -0.0539396 0.0138553 13.3298 4.07859 8.03724 838.136
1502 -40.4283 0.174877 1065.17 -0.0467835 -0.229809 -1.05656 0 0 5.23966e-06 1.45168 0.0507821 -0.0641028 -0.661398 -2.34235 1.00033 0.0152924 -2.05472 0.133801 -0.614759 -0.0513028 0.00466316 0.0147596 0 -2.05472 -0.0513028 0.0147596 14.2428 4.39834 8.03724 824.469
1503 -35.7021 0.179998 1060.43 -0.0329815 -0.290456 -0.777554 0 -0.344584 7.98806e-06 1.54471 0.0404626 -0.0597236 -0.632464 -3.82198 1.07449 0.0181356 -2.25664 0.157967 -0.589947 -0.0476516 0.005135 0.0156553 -0.344584 -2.25664 -0.0476516 0.0156553 16.1959 5.08575 8.03724 810.292
1504 -29.2056 0.187145 1055.51 -0.0140872 -0.203469 -0.30911 0 -0.44364 1.17986e-05 1.64828 0.0290845 -0.0531078 -0.592732 -6.75715 1.17381 0.0223604 -2.50133 0.193753 -0.555849 -0.0426667 0.00578344 0.0163882 -0.44364 -2.50133 -0.0426667 0.0163882 19.4352 6.26571 8.03724 793.514
1505 -19.1611 0.197249 1050.48 0.0150004 -0.0668085 -0.0739526 0 -1.11937 1.78003e-05 1.75774 0.0169344 -0.0421286 -0.533051 -10.5341 1.31715 0.0310516 -2.49302 0.266739 -0.503126 -0.0367112 0.00678606 0.0166805 -1.11937 -2.49302 -0.0367112 0.0166805 22.4658 7.62126 8.03724 776.528
1506 -6.84358 0.210181 1045.55 0.0505231 -0.015174 -0.0161709 0 -4.02653 2.55569e-05 1.73767 0.00841337 -0.0280419 -0.461636 -8.92973 1.4694 0.0574124 -2.14211 0.482187 -0.438363 -0.031291 0.00801763 0.0167128 -4.02653 -2.14211 -0.031291 0.0167128 23.6272 8.04282 8.03724 760.745
1507 3.14463 0.222754 1040.89 0.0790072 -0.00470747 -0.00487935 0 -6.33732 3.28619e-05 1.50649 0.00467088 -0.0163105 -0.404933 -3.67664 1.57088 0.128615 -1.69493 1.02842 -0.385735 -0.0282162 0.00901845 0.0166103 -6.33732 -1.69493 -0.0282162 0.0166103 20.5717 6.93659 8.03724 748.161
1508 8.71685 0.231951 1036.54 0.0943327 -0.00234382 -0.00232842 0 -7.11451 3.87147e-05 1.21506 0.00334277 -0.00972895 -0.374647 -0.919639 1.61885 0.24698 -1.27234 1.84129 -0.356351 -0.0278741 0.00957725 0.0163078 -7.11451 -1.27234 -0.0278741 0.0163078 16.4666 5.31612 8.03724 740.146
1509 11.2596 0.237701 1032.56 0.10067 -0.00152232 -0.00146721 0 -5.98979 4.37568e-05 0.99611 0.00286468 -0.00671554 -0.361536 -0.168859 1.63883 0.387726 -0.992063 2.66892 -0.342902 -0.0284675 0.009833 0.0158867 -5.98979 -0.992063 -0.0284675 0.0158867 12.9514 4.20477 8.03724 736.173
1510 11.3809 0.240693 1029 0.100029 -0.00112071 -0.0010803 0 -4.96703 4.76476e-05 0.871332 0.00284201 -0.00654426 -0.362377 -0.0291254 1.63982 0.519904 -0.784867 3.29578 -0.342211 -0.0300122 0.00984613 0.0153618 -4.96703 -0.784867 -0.0300122 0.0153618 10.3323 3.36484 8.03724 735.268
1511 10.4669 0.241859 1025.88 0.0965336 -0.000862392 -0.000845571 0 -4.7827 5.06866e-05 0.825064 0.00300279 -0.00758408 -0.368721 -0.00553419 1.63287 0.629258 -0.66683 3.67794 -0.346998 -0.0314789 0.00975511 0.0148851 -4.7827 -0.66683 -0.0314789 0.0148851 8.96991 2.90516 8.03724 736.457
1512 8.66393 0.242066 1023.19 0.0907281 -0.000682452 -0.000690976 0 -3.53037 5.26068e-05 0.825706 0.00334613 -0.00964439 -0.379995 -0.00131173 1.61872 0.70935 -0.586716 3.83451 -0.356438 -0.0331323 0.00957558 0.0144639 -3.53037 -0.586716 -0.0331323 0.0144639 7.34595 2.52783 8.03724 738.529
1513 6.36815 0.241217 1020.93 0.0837364 -0.000547988 -0.000580923 0 -3.91315 5.34615e-05 0.861622 0.00384125 -0.0122756 -0.394139 -0.000493891 1.59972 0.758487 -0.527127 3.81252 -0.368519 -0.0349665 0.00934585 0.0139095 -3.91315 -0.527127 -0.0349665 0.0139095 6.77674 2.29146 8.03724 741.649
1514 3.86476 0.239817 1019.09 0.0763764 -0.000442624 -0.000499824 0 -3.07726 5.35302e-05 0.91622 0.00446027 -0.0151289 -0.409437 -0.000365684 1.57789 0.782426 -0.476208 3.67988 -0.381662 -0.0368709 0.0090959 0.0133837 -3.07726 -0.476208 -0.0368709 0.0133837 5.70232 1.97114 8.03724 745.556
1515 1.46815 0.23809 1017.62 0.0694431 -0.00035672 -0.000442558 0 -3.78712 5.31544e-05 0.985179 0.00514474 -0.0178589 -0.423715 -0.000448589 1.55576 0.78744 -0.474318 3.4905 -0.394288 -0.0382829 0.00885581 0.0130281 -3.78712 -0.474318 -0.0382829 0.0130281 5.63884 1.93094 8.03724 749.613
1516 -0.437091 0.236417 1016.51 0.0639568 -0.000283735 -0.000400187 0 -3.59285 5.29121e-05 1.0558 0.00575861 -0.0200109 -0.435 -0.000615703 1.53738 0.78412 -0.476314 3.29589 -0.404306 -0.0393596 0.0086653 0.0127993 -3.59285 -0.476314 -0.0393596 0.0127993 5.56021 1.85224 8.03724 753.89
1517 -3.01473 0.234311 1015.73 0.0567777 -0.000230081 -0.000400057 0 -3.58896 5.15885e-05 1.1204 0.00670214 -0.0229302 -0.450681 -0.000907507 1.51134 0.764602 -0.431723 3.0674 -0.417865 -0.0412231 0.00840744 0.0122349 -3.58896 -0.431723 -0.0412231 0.0122349 4.69605 1.59797 8.03724 758.363
1518 -5.14992 0.231862 1015.26 0.0508801 -0.000184407 -0.000431773 0 -2.60898 5.04366e-05 1.1918 0.00759172 -0.0253321 -0.463528 -0.00134029 1.4888 0.741585 -0.406754 2.85846 -0.429072 -0.0426502 0.00819432 0.0117764 -2.60898 -0.406754 -0.0426502 0.0117764 4.25805 1.52478 8.03724 763.498
1519 -7.74265 0.229111 1015.08 0.0438387 -0.00014992 -0.000530041 0 -2.78677 4.84737e-05 1.25773 0.0088267 -0.0282616 -0.47923 -0.00201145 1.4601 0.709338 -0.370697 2.64399 -0.442716 -0.0444488 0.00793486 0.0111394 -2.78677 -0.370697 -0.0444488 0.0111394 4.09745 1.40188 8.03724 768.685
1520 -9.85793 0.226457 1015.14 0.0381184 -0.000120461 -0.000691307 0 -3.24694 4.68216e-05 1.32812 0.00997391 -0.0306457 -0.491675 -0.00295181 1.43567 0.678464 -0.384522 2.45988 -0.453856 -0.0455419 0.007723 0.0108846 -3.24694 -0.384522 -0.0455419 0.0108846 4.13385 1.4027 8.03724 773.861
1521 -11.4521 0.22393 1015.44 0.0338028 -9.56279e-05 -0.000892262 0 -4.3874 4.56181e-05 1.39428 0.0109324 -0.0324386 -0.501049 -0.00408728 1.41661 0.651237 -0.402875 2.30625 -0.462274 -0.046338 0.00756293 0.010684 -4.3874 -0.402875 -0.046338 0.010684 4.80525 1.46574 8.03724 779.185
1522 -13.0035 0.221603 1015.97 0.0296699 -7.61423e-05 -0.00110312 0 -2.78409 4.43715e-05 1.44254 0.0119385 -0.0341668 -0.510261 -0.00532868 1.39775 0.624649 -0.383737 2.16644 -0.470393 -0.047276 0.00740853 0.0105891 -2.78409 -0.383737 -0.047276 0.0105891 3.53274 1.20107 8.03724 784.416
1523 -14.8197 0.218885 1016.69 0.0248468 -6.20414e-05 -0.0015026 0 -4.03065 4.26559e-05 1.48753 0.0132377 -0.0362142 -0.521308 -0.00699318 1.37489 0.595831 -0.356977 2.03101 -0.47998 -0.0485539 0.00722622 0.0100396 -4.03065 -0.356977 -0.0485539 0.0100396 3.92514 1.24223 8.03724 789.905
1524 -16.9636 0.216142 1017.58 0.0192578 -5.27992e-05 -0.00210349 0 -1.56984 4.04384e-05 1.52408 0.0149239 -0.0386149 -0.534081 -0.00915666 1.34736 0.565158 -0.346821 1.89915 -0.491194 -0.0499005 0.00701297 0.0095784 -1.56984 -0.346821 -0.0499005 0.0095784 2.82442 1.0625 8.03724 795.326
1525 -19.1677 0.213221 1018.63 0.0135079 -4.93074e-05 -0.00309541 0 -2.35313 3.80067e-05 1.56134 0.0168778 -0.0411043 -0.547332 -0.0119775 1.31797 0.534886 -0.324066 1.77741 -0.502808 -0.0513163 0.0067921 0.00909521 -2.35313 -0.324066 -0.0513163 0.00909521 3.01627 1.01379 8.03724 800.835
1526 -20.8202 0.210538 1019.82 0.00922438 -5.06771e-05 -0.0042542 0 -1.99778 3.61875e-05 1.60223 0.018489 -0.0429618 -0.557119 -0.0152368 1.29544 0.510145 -0.319507 1.6799 -0.511492 -0.0522538 0.00662696 0.00883806 -1.99778 -0.319507 -0.0522538 0.00883806 2.66183 0.978271 8.03724 806.507
1527 -23.0875 0.207589 1021.15 0.00337561 -6.55225e-05 -0.0061818 0 -2.39065 3.35071e-05 1.6257 0.0209321 -0.0455241 -0.570672 -0.0189419 1.26374 0.481835 -0.311104 1.57549 -0.523429 -0.0536428 0.00639996 0.00837724 -2.39065 -0.311104 -0.0536428 0.00837724 2.60966 0.919858 8.03724 812.113
1528 -24.6528 0.204926 1022.58 -0.00063526 -9.43973e-05 -0.00856151 0 -1.83467 3.16607e-05 1.6601 0.0227796 -0.0472852 -0.579596 -0.0229312 1.24144 0.459962 -0.345245 1.49571 -0.531649 -0.0541906 0.00624364 0.00835257 -1.83467 -0.345245 -0.0541906 0.00835257 2.68032 1.05674 8.03724 817.663
1529 -26.6734 0.202278 1024.11 -0.00580362 -0.000144687 -0.0117142 0 -2.21245 2.91787e-05 1.6734 0.0253855 -0.0495696 -0.591825 -0.0269852 1.21205 0.435648 -0.317736 1.4105 -0.542288 -0.0555784 0.00604133 0.00787935 -2.21245 -0.317736 -0.0555784 0.00787935 2.59538 0.879544 8.03724 823.215
1530 -28.5509 0.199752 1025.73 -0.0105735 -0.000224942 -0.0157755 0 -1.60155 2.68441e-05 1.68348 0.0280313 -0.0516867 -0.602985 -0.0308354 1.18433 0.413255 -0.310488 1.33355 -0.552148 -0.0566914 0.00585382 0.00755383 -1.60155 -0.310488 -0.0566914 0.00755383 2.2015 0.804171 8.03724 828.632
1531 -30.635 0.197005 1027.41 -0.0158545 -0.000373717 -0.0219933 0 -1.22288 2.42045e-05 1.68587 0.031247 -0.0540395 -0.615523 -0.0337441 1.15303 0.390041 -0.278109 1.25575 -0.5631 -0.0580681 0.00564553 0.00705244 -1.22288 -0.278109 -0.0580681 0.00705244 1.94652 0.747791 8.03724 834.26
1532 -32.6916 0.19429 1029.17 -0.0210534 -0.000576214 -0.0296525 0 -1.29115 2.157e-05 1.68229 0.0347262 -0.0563628 -0.627904 -0.0363572 1.12166 0.367486 -0.259728 1.18142 -0.573921 -0.0594233 0.00543976 0.00657677 -1.29115 -0.259728 -0.0594233 0.00657677 1.56339 0.614739 8.03724 840.067
1533 -33.8467 0.191927 1031 -0.0239529 -0.000823183 -0.0375815 0 -1.65801 2.00776e-05 1.69695 0.0368214 -0.057664 -0.634392 -0.0393938 1.10383 0.351278 -0.309311 1.12844 -0.580008 -0.0597081 0.005324 0.00667761 -1.65801 -0.309311 -0.0597081 0.00667761 2.01064 0.742409 8.03724 845.683
1534 -35.97 0.189329 1032.87 -0.0292861 -0.00108305 -0.0471116 0 -1.21767 1.7332e-05 1.67556 0.0409283 -0.0600554 -0.647071 -0.040704 1.07088 0.328806 -0.282916 1.0562 -0.591166 -0.0610166 0.00511182 0.00629234 -1.21767 -0.282916 -0.0610166 0.00629234 1.64056 0.65487 8.03724 851.029
1535 -37.9074 0.18682 1034.77 -0.0341276 -0.0013787 -0.0575174 0 -0.18115 1.48226e-05 1.65569 0.0449771 -0.0622258 -0.658636 -0.0411892 1.0406 0.307598 -0.264978 0.988874 -0.60133 -0.0622241 0.00491853 0.00590579 -0.18115 -0.264978 -0.0622241 0.00590579 1.26653 0.586034 8.03724 856.426
1536 -39.7809 0.184351 1036.7 -0.0388179 -0.00164965 -0.0673811 0 -0.758381 1.23833e-05 1.63306 0.049194 -0.0643224 -0.669763 -0.0410495 1.01102 0.286653 -0.261466 0.92322 -0.611202 -0.0632915 0.0047308 0.0056358 -0.758381 -0.261466 -0.0632915 0.0056358 1.24494 0.526569 8.03724 861.808
1537 -41.4002 0.181912 1038.66 -0.0428635 -0.00185437 -0.0752851 0 -1.76167 1.02706e-05 1.61398 0.0530702 -0.0661176 -0.679271 -0.0406813 0.98532 0.267118 -0.276289 0.862877 -0.619747 -0.0640924 0.0045683 0.00545108 -1.76167 -0.276289 -0.0640924 0.00545108 2.08067 0.638659 8.03724 867.188
1538 -42.9629 0.179678 1040.63 -0.046733 -0.00203739 -0.0817359 0 -0.608322 8.25199e-06 1.58958 0.0569787 -0.0678233 -0.688378 -0.0418314 0.960636 0.248149 -0.281546 0.804819 -0.627938 -0.0648519 0.00441253 0.00540263 -0.608322 -0.281546 -0.0648519 0.00540263 1.19342 0.506406 8.03724 872.3
1539 -44.5418 0.177426 1042.61 -0.0506648 -0.00206828 -0.0847502 0 -1.46243 6.21035e-06 1.56038 0.0611391 -0.0695311 -0.697662 -0.0413543 0.935523 0.229076 -0.294242 0.747032 -0.636268 -0.065648 0.00425413 0.00523596 -1.46243 -0.294242 -0.065648 0.00523596 1.79672 0.520677 8.03724 877.3
1540 -45.619 0.175492 1044.58 -0.0533111 -0.00218775 -0.0877447 0 -0.639577 4.82714e-06 1.54413 0.0640607 -0.0706408 -0.703672 -0.0426786 0.918508 0.213066 -0.330024 0.699503 -0.641915 -0.0659043 0.00414674 0.00538742 -0.639577 -0.330024 -0.0659043 0.00538742 1.64476 0.597783 8.03724 881.953
1541 -46.9834 0.17356 1046.53 -0.0566971 -0.00214462 -0.0874539 0 -1.31496 3.085e-06 1.51318 0.0678928 -0.0720494 -0.711916 -0.042714 0.89686 0.195875 -0.301633 0.648342 -0.64911 -0.0668165 0.00400992 0.00510548 -1.31496 -0.301633 -0.0668165 0.00510548 1.65695 0.550463 8.03724 886.666
1542 -48.2244 0.171585 1048.49 -0.0597579 -0.00210009 -0.0861308 0 -0.672702 1.52171e-06 1.48405 0.0714563 -0.0732668 -0.719321 -0.0427752 0.877316 0.179778 -0.287679 0.600944 -0.655621 -0.0675858 0.00388608 0.00486732 -0.672702 -0.287679 -0.0675858 0.00486732 1.37889 0.524544 8.03724 891.488
1543 -49.6558 0.169579 1050.44 -0.0633014 -0.00199042 -0.0829512 0 -0.230068 -2.62443e-07 1.44483 0.0756668 -0.0746418 -0.727898 -0.0422295 0.854829 0.163405 -0.270333 0.552582 -0.66314 -0.068501 0.00374311 0.00460208 -0.230068 -0.270333 -0.068501 0.00460208 1.08607 0.444669 8.03724 896.235
1544 -50.9702 0.167554 1052.38 -0.066569 -0.00184454 -0.0782414 0 -0.707757 -1.88614e-06 1.4082 0.0796183 -0.0757975 -0.735771 -0.0409852 0.834206 0.148154 -0.257904 0.507998 -0.670067 -0.0693153 0.00361138 0.00435122 -0.707757 -0.257904 -0.0693153 0.00435122 1.22927 0.466221 8.03724 901.125
1545 -52.1071 0.165623 1054.33 -0.0693834 -0.00176578 -0.0745133 0 0 -3.26296e-06 1.37609 0.0830573 -0.0766644 -0.742576 -0.040886 0.816545 0.134426 -0.241761 0.468253 -0.676029 -0.0700449 0.00349799 0.00414598 0 -0.241761 -0.0700449 0.00414598 0.807943 0.411773 8.03724 906.093
1546 -53.4485 0.163613 1056.28 -0.0727314 -0.00164272 -0.069691 0 -0.246849 -4.87383e-06 1.33386 0.0871524 -0.077641 -0.750784 -0.0398586 0.795746 0.120697 -0.212362 0.428041 -0.683092 -0.0710556 0.00336369 0.00376295 -0.246849 -0.212362 -0.0710556 0.00376295 0.717498 0.318162 8.03724 911.195
1547 -54.7727 0.161574 1058.25 -0.0760471 -0.00150411 -0.0643579 0 -0.252221 -6.43627e-06 1.29094 0.0911839 -0.0784154 -0.758709 -0.0382685 0.775381 0.107892 -0.20402 0.390552 -0.690058 -0.0718827 0.00323121 0.00352803 -0.252221 -0.20402 -0.0718827 0.00352803 0.775313 0.319582 8.03724 916.264
1548 -55.9464 0.159676 1060.21 -0.0790083 -0.00139771 -0.0598025 0 -0.772262 -7.794e-06 1.25226 0.0947296 -0.0788324 -0.765587 -0.0370755 0.757428 0.0964693 -0.205966 0.357263 -0.696246 -0.0724543 0.00311354 0.00346186 -0.772262 -0.205966 -0.0724543 0.00346186 1.04008 0.366653 8.03724 921.113
1549 -56.9363 0.157915 1062.17 -0.0815082 -0.00135963 -0.0571439 0 0 -8.90024e-06 1.21927 0.0976542 -0.0788949 -0.771469 -0.0371481 0.742487 0.0865071 -0.196137 0.328314 -0.701434 -0.0730501 0.00301489 0.00334656 0 -0.196137 -0.0730501 0.00334656 0.473823 0.262429 8.03724 926.051
1550 -58.0486 0.156069 1064.12 -0.0843482 -0.00127606 -0.0537236 0 -0.266928 -1.01335e-05 1.17999 0.100879 -0.0788444 -0.778114 -0.0359183 0.725745 0.076982 -0.188114 0.300027 -0.707292 -0.0737257 0.00290348 0.00316358 -0.266928 -0.188114 -0.0737257 0.00316358 0.562247 0.258696 8.03724 930.936
1551 -59.0361 0.154288 1066.08 -0.0868907 -0.00121913 -0.0512881 0 0 -1.11913e-05 1.14469 0.103642 -0.0784151 -0.783985 -0.0350811 0.711041 0.0685946 -0.183963 0.275005 -0.712479 -0.07431 0.00280483 0.00303262 0 -0.183963 -0.07431 0.00303262 0.46391 0.257168 8.03724 935.804
1552 -60.0323 0.152562 1068.03 -0.089483 -0.00116659 -0.0493439 0 0 -1.22361e-05 1.10793 0.106321 -0.0777389 -0.789929 -0.0341111 0.69631 0.0609305 -0.175452 0.251656 -0.71772 -0.0749133 0.00270516 0.00290154 0 -0.175452 -0.0749133 0.00290154 0.397577 0.236835 8.03724 940.581
1553 -60.9369 0.150869 1069.97 -0.0918713 -0.00112908 -0.0481211 0 0 -1.31503e-05 1.074 0.108633 -0.0767147 -0.795366 -0.0333032 0.683048 0.0541719 -0.166926 0.230777 -0.722479 -0.0755019 0.00261468 0.00273228 0 -0.166926 -0.0755019 0.00273228 0.396773 0.220796 8.03724 945.429
1554 -61.84 0.149225 1071.91 -0.0942847 -0.00109213 -0.0472517 0 0 -1.40391e-05 1.03932 0.110806 -0.0754347 -0.800705 -0.0323715 0.669918 0.0480587 -0.168557 0.211374 -0.72723 -0.0759993 0.00252432 0.00264998 0 -0.168557 -0.0759993 0.00264998 0.412442 0.220356 8.03724 950.143
1555 -62.604 0.147677 1073.85 -0.0963772 -0.00107159 -0.0470741 0 0 -1.47476e-05 1.00967 0.112522 -0.0737896 -0.805121 -0.0316791 0.658901 0.0427896 -0.179891 0.194435 -0.731249 -0.0763191 0.00244788 0.00266568 0 -0.179891 -0.0763191 0.00266568 0.471763 0.235055 8.03724 954.673
1556 -63.2859 0.14625 1075.76 -0.0982936 -0.00106547 -0.0475157 0 -0.290165 -1.53462e-05 0.982625 0.113949 -0.0719645 -0.808968 -0.0313871 0.649119 0.0381753 -0.198777 0.179231 -0.734845 -0.0765024 0.00237951 0.0027581 -0.290165 -0.198777 -0.0765024 0.0027581 0.564364 0.259562 8.03724 958.828
1557 -63.8308 0.144897 1077.65 -0.0998815 -0.0010741 -0.0485314 0 0 -1.57727e-05 0.960757 0.115004 -0.0699671 -0.812114 -0.0313759 0.641391 0.0342311 -0.200964 0.166017 -0.737704 -0.0767353 0.00232514 0.00276879 0 -0.200964 -0.0767353 0.00276879 0.529323 0.251377 8.03724 963.026
1558 -64.4419 0.143567 1079.52 -0.101667 -0.00106782 -0.0493343 0 0 -1.62576e-05 0.93564 0.116098 -0.0679843 -0.815753 -0.0310566 0.632756 0.0305849 -0.198603 0.153175 -0.740919 -0.077098 0.00226401 0.00269456 0 -0.198603 -0.077098 0.00269456 0.518318 0.239478 8.03724 967.145
1559 -64.9889 0.142299 1081.37 -0.103318 -0.00106554 -0.0503777 0 0 -1.66572e-05 0.912821 0.116988 -0.0659117 -0.818955 -0.030791 0.625076 0.0273887 -0.196537 0.141582 -0.743796 -0.0773683 0.00220928 0.00267643 0 -0.196537 -0.0773683 0.00267643 0.492769 0.24194 8.03724 971.105
1560 -65.5295 0.141048 1083.21 -0.10498 -0.00105897 -0.0514161 0 0 -1.70349e-05 0.890001 0.117778 -0.0638013 -0.822225 -0.0304035 0.617533 0.0245231 -0.190232 0.130778 -0.74664 -0.0777402 0.0021552 0.00256612 0 -0.190232 -0.0777402 0.00256612 0.494788 0.222797 8.03724 975.128
1561 -66.0071 0.139864 1085.03 -0.106509 -0.0010578 -0.0526964 0 0 -1.7332e-05 0.86955 0.118398 -0.0616425 -0.82499 -0.0301269 0.610907 0.0220161 -0.196712 0.121043 -0.749153 -0.0779445 0.00210742 0.00257199 0 -0.196712 -0.0779445 0.00257199 0.516093 0.24287 8.03724 978.955
1562 -66.2534 0.138811 1086.82 -0.107472 -0.00108711 -0.0549247 0 -0.302726 -1.73793e-05 0.858296 0.118689 -0.0594486 -0.82634 -0.0305347 0.607483 0.0199878 -0.215559 0.113184 -0.750457 -0.0779648 0.00208261 0.00265141 -0.302726 -0.215559 -0.0779648 0.00265141 0.759639 0.30675 8.03724 982.65
1563 -66.621 0.137813 1088.59 -0.108753 -0.00110061 -0.0567452 0 0 -1.75419e-05 0.841869 0.119079 -0.0575907 -0.828408 -0.0308765 0.602446 0.0180566 -0.222532 0.105177 -0.752383 -0.0780709 0.00204599 0.00269952 0 -0.222532 -0.0780709 0.00269952 0.702572 0.288246 8.03724 986.101
1564 -66.9836 0.136842 1090.32 -0.110049 -0.00110519 -0.0583262 0 0 -1.76917e-05 0.825501 0.119416 -0.0557769 -0.830517 -0.0308007 0.597478 0.016322 -0.228104 0.0977079 -0.754291 -0.0782357 0.0020097 0.00270479 0 -0.228104 -0.0782357 0.00270479 0.651146 0.278452 8.03724 989.474
1565 -67.31 0.135893 1092.02 -0.111274 -0.00111232 -0.0600183 0 0 -1.77967e-05 0.810533 0.119677 -0.0540147 -0.832348 -0.030795 0.593024 0.0147896 -0.240272 0.0909014 -0.756009 -0.0783158 0.00197704 0.00273565 0 -0.240272 -0.0783158 0.00273565 0.803182 0.305863 8.03724 992.681
1566 -67.5885 0.135011 1093.68 -0.112393 -0.00112435 -0.0618903 0 0 -1.78469e-05 0.797441 0.119866 -0.052328 -0.833813 -0.0309128 0.589239 0.0134446 -0.263124 0.0847585 -0.757475 -0.0782879 0.00194917 0.00285001 0 -0.263124 -0.0782879 0.00285001 0.935535 0.342978 8.03724 995.596
1567 -67.822 0.134241 1095.28 -0.113413 -0.00114151 -0.0639463 0 0 -1.78475e-05 0.786095 0.12 -0.0507533 -0.835076 -0.0311749 0.586075 0.0122632 -0.268098 0.079213 -0.758703 -0.0782979 0.0019258 0.00295817 0 -0.268098 -0.0782979 0.00295817 0.876871 0.354438 8.03724 998.253
1568 -68.0401 0.13344 1096.85 -0.114407 -0.0011588 -0.0660163 0 0 -1.78286e-05 0.775303 0.120105 -0.0493125 -0.836454 -0.0314645 0.583131 0.0112084 -0.251125 0.0741026 -0.75985 -0.0785081 0.00190399 0.0028598 0 -0.251125 -0.0785081 0.0028598 0.721563 0.306951 8.03724 1001.2
1569 -68.2434 0.132629 1098.38 -0.115377 -0.00117565 -0.0680758 0 0 -1.77918e-05 0.765052 0.120184 -0.0479865 -0.837678 -0.031739 0.580392 0.0102661 -0.253963 0.0693976 -0.76092 -0.078642 0.00188365 0.00282267 0 -0.253963 -0.078642 0.00282267 0.7586 0.293787 8.03724 1004.13
1570 -68.4217 0.131851 1099.88 -0.116294 -0.00119451 -0.0702057 0 0 -1.77283e-05 0.755767 0.120239 -0.0467669 -0.838638 -0.0320616 0.577996 0.00942954 -0.264821 0.0651089 -0.761858 -0.0786452 0.0018658 0.00285703 0 -0.264821 -0.0786452 0.00285703 1.01543 0.360058 8.03724 1006.84
1571 -68.564 0.131172 1101.34 -0.117128 -0.00121784 -0.0724909 0 0 -1.76293e-05 0.747888 0.120272 -0.0456561 -0.839322 -0.0324901 0.576086 0.00869226 -0.2914 0.0612435 -0.762608 -0.0785652 0.00185155 0.00298047 0 -0.2914 -0.0785652 0.00298047 1.13836 0.381703 8.03724 1009.19
1572 -68.6544 0.130633 1102.72 -0.117833 -0.00124934 -0.0750616 0 0 -1.74818e-05 0.742041 0.120289 -0.0446682 -0.839528 -0.033108 0.574873 0.00805023 -0.328745 0.0578193 -0.763085 -0.0782858 0.00184248 0.00323545 0 -0.328745 -0.0782858 0.00323545 1.25182 0.439322 8.03724 1010.96
1573 -68.7149 0.130119 1104.04 -0.118462 -0.00128585 -0.0778022 0 0 -1.73077e-05 0.737331 0.120298 -0.0438329 -0.839791 -0.0338744 0.574063 0.00748347 -0.33808 0.0547343 -0.763403 -0.0782243 0.00183642 0.0033086 0 -0.33808 -0.0782243 0.0033086 1.38341 0.454361 8.03724 1012.88
1574 -68.7348 0.129714 1105.29 -0.118986 -0.00132919 -0.0807731 0 0 -1.70991e-05 0.734172 0.1203 -0.0431401 -0.839559 -0.034785 0.573793 0.00698776 -0.372138 0.0519939 -0.763509 -0.0778843 0.00183441 0.00357038 0 -0.372138 -0.0778843 0.00357038 1.59201 0.538507 8.03724 1014.17
1575 -68.7251 0.129393 1106.46 -0.119428 -0.00137863 -0.0839442 0 0 -1.68669e-05 0.732131 0.120299 -0.0426038 -0.839392 -0.0358599 0.573923 0.00655161 -0.379535 0.0495438 -0.763458 -0.0777686 0.00183538 0.00366312 0 -0.379535 -0.0777686 0.00366312 1.61576 0.550039 8.03724 1015.34
1576 -68.5994 0.129085 1107.56 -0.119558 -0.00145012 -0.0878718 0 -0.313216 -1.65397e-05 0.734551 0.120279 -0.0421973 -0.838654 -0.0373488 0.575581 0.00619746 -0.382126 0.047583 -0.762806 -0.0776956 0.00184778 0.00367472 -0.313216 -0.382126 -0.0776956 0.00367472 1.74865 0.565613 8.03724 1016.65
1577 -68.4888 0.128837 1108.59 -0.119708 -0.00152902 -0.0920373 0 0 -1.62294e-05 0.736349 0.120256 -0.0420475 -0.837784 -0.0391879 0.577082 0.00587631 -0.409194 0.0457594 -0.762217 -0.0774261 0.00185899 0.00381329 0 -0.409194 -0.0774261 0.00381329 1.85695 0.61681 8.03724 1017.48
1578 -68.4214 0.128654 1109.55 -0.119972 -0.00159217 -0.0955583 0 0 -1.59628e-05 0.736311 0.120239 -0.0420493 -0.837243 -0.0406265 0.577984 0.00557461 -0.434049 0.0439882 -0.761863 -0.0772457 0.00186571 0.00395321 0 -0.434049 -0.0772457 0.00395321 2.01904 0.62565 8.03724 1018.09
1579 -68.3292 0.128522 1110.44 -0.120161 -0.00166263 -0.0992968 0 0 -1.56803e-05 0.73722 0.120213 -0.04213 -0.836633 -0.0421756 0.579221 0.00531101 -0.435551 0.0424313 -0.761378 -0.0771297 0.00187493 0.00403382 0 -0.435551 -0.0771297 0.00403382 1.85099 0.624919 8.03724 1018.65
1580 -68.2027 0.128341 1111.25 -0.120253 -0.00173749 -0.103119 0 -0.31149 -1.53764e-05 0.739372 0.120171 -0.0422762 -0.8358 -0.043787 0.580899 0.00508383 -0.447711 0.0410914 -0.760722 -0.0769655 0.00188742 0.00409764 -0.31149 -0.447711 -0.0769655 0.00409764 2.2269 0.675886 8.03724 1019.32
1581 -67.9865 0.128337 1112 -0.120073 -0.00185251 -0.108309 0 0 -1.50043e-05 0.745016 0.120082 -0.0425832 -0.834264 -0.0463849 0.58383 0.00490712 -0.485804 0.0400917 -0.759578 -0.0765952 0.00190917 0.00430359 0 -0.485804 -0.0765952 0.00430359 2.35286 0.751106 8.03724 1019.36
1582 -67.8264 0.128417 1112.65 -0.12004 -0.00194718 -0.112668 0 0 -1.46864e-05 0.748347 0.120004 -0.0430019 -0.833078 -0.0484625 0.585988 0.00473719 -0.521981 0.0390928 -0.758737 -0.0762663 0.00192516 0.00450391 0 -0.521981 -0.0762663 0.00450391 2.64401 0.817787 8.03724 1019
1583 -67.6463 0.128517 1113.21 -0.119938 -0.00205173 -0.117279 0 0 -1.43593e-05 0.752402 0.119903 -0.0434937 -0.831968 -0.0507634 0.588425 0.00459277 -0.525301 0.0382554 -0.75779 -0.0761215 0.00194317 0.004566 0 -0.525301 -0.0761215 0.004566 2.4745 0.785755 8.03724 1018.67
1584 -67.4771 0.128539 1113.69 -0.119852 -0.00215636 -0.1218 0 0 -1.40476e-05 0.755989 0.119796 -0.0440577 -0.831123 -0.0530806 0.590722 0.00446454 -0.502469 0.0375103 -0.7569 -0.0761835 0.0019601 0.0044655 0 -0.502469 -0.0761835 0.0044655 2.23964 0.738778 8.03724 1018.63
1585 -67.3135 0.128536 1114.12 -0.11977 -0.00226075 -0.126219 0 0 -1.37471e-05 0.75932 0.119681 -0.0446602 -0.830139 -0.0553537 0.592945 0.00435199 -0.508131 0.0368604 -0.75604 -0.0760755 0.00197646 0.00447672 0 -0.508131 -0.0760755 0.00447672 2.56549 0.796306 8.03724 1018.39
1586 -67.1467 0.128567 1114.48 -0.119667 -0.00236959 -0.130694 0 0 -1.34503e-05 0.762745 0.119554 -0.0452915 -0.829229 -0.057714 0.595218 0.00425581 -0.497578 0.0363168 -0.755162 -0.0760606 0.00199315 0.00446851 0 -0.497578 -0.0760606 0.00446851 2.1573 0.706446 8.03724 1018.4
1587 -66.9936 0.128508 1114.81 -0.119592 -0.00247528 -0.134976 0 0 -1.31702e-05 0.765622 0.119427 -0.0459417 -0.828322 -0.059988 0.597307 0.00417082 -0.503208 0.0358409 -0.754357 -0.075973 0.00200845 0.00445684 0 -0.503208 -0.075973 0.00445684 2.50175 0.759127 8.03724 1018.5
1588 -66.8214 0.128515 1115.1 -0.119452 -0.00259079 -0.139479 0 0 -1.28818e-05 0.769196 0.119274 -0.0465952 -0.827138 -0.0624285 0.59966 0.0041028 -0.528771 0.0354862 -0.753452 -0.0757111 0.00202566 0.00460973 0 -0.528771 -0.0757111 0.00460973 2.64907 0.807622 8.03724 1018.13
1589 -66.6023 0.128642 1115.31 -0.119167 -0.00272949 -0.144599 0 0 -1.25653e-05 0.77449 0.119063 -0.0472694 -0.825535 -0.0653319 0.602661 0.00405659 -0.564133 0.0352981 -0.752301 -0.0752814 0.00204755 0.00487058 0 -0.564133 -0.0752814 0.00487058 2.83852 0.883499 8.03724 1017.06
1590 -66.2714 0.128892 1115.45 -0.118553 -0.0029153 -0.150971 0 -0.302873 -1.21763e-05 0.783831 0.118713 -0.0479849 -0.823375 -0.0691681 0.607189 0.00404435 -0.594005 0.0353857 -0.75057 -0.0748862 0.00208048 0.00504634 -0.302873 -0.594005 -0.0748862 0.00504634 3.29094 1.00307 8.03724 1015.66
1591 -65.9407 0.12923 1115.51 -0.11791 -0.00313499 -0.15819 0 0 -1.17947e-05 0.79306 0.118321 -0.0489022 -0.821205 -0.0739903 0.611774 0.00404625 -0.617868 0.0355766 -0.748823 -0.0744956 0.00211368 0.00522145 0 -0.617868 -0.0744956 0.00522145 3.47473 1.03913 8.03724 1013.96
1592 -65.6479 0.129634 1115.46 -0.117361 -0.00333313 -0.164495 0 0 -1.14499e-05 0.800719 0.117944 -0.0498918 -0.819138 -0.0781429 0.615829 0.0040514 -0.661544 0.0357806 -0.747285 -0.0739956 0.00214294 0.0055 0 -0.661544 -0.0739956 0.0055 3.74214 1.1122 8.03724 1011.73
1593 -65.3199 0.130091 1115.32 -0.116694 -0.00356246 -0.171458 0 0 -1.10883e-05 0.809595 0.117489 -0.0509234 -0.816976 -0.0829081 0.620391 0.00407414 -0.676452 0.0361253 -0.74556 -0.0735914 0.00217574 0.0057367 0 -0.676452 -0.0735914 0.0057367 3.62375 1.14289 8.03724 1009.29
1594 -64.9428 0.130645 1115.06 -0.115869 -0.00383191 -0.17923 0 0 -1.07016e-05 0.820141 0.116924 -0.0520131 -0.814258 -0.0884807 0.625654 0.00411733 -0.748091 0.0366371 -0.743579 -0.0728921 0.00221342 0.00613485 0 -0.748091 -0.0728921 0.00613485 4.45161 1.30536 8.03724 1006.28
1595 -64.5246 0.131419 1114.66 -0.114905 -0.00414656 -0.187857 0 0 -1.0296e-05 0.832036 0.116247 -0.0531704 -0.811463 -0.0949223 0.631519 0.0041798 -0.789634 0.037307 -0.741381 -0.0723367 0.00225521 0.006458 0 -0.789634 -0.0723367 0.006458 4.39364 1.36064 8.03724 1002.53
1596 -64.0652 0.132294 1114.11 -0.113802 -0.00451187 -0.197356 0 0 -9.87218e-06 0.845241 0.115446 -0.0544026 -0.808332 -0.102357 0.637992 0.00426228 -0.855841 0.0381421 -0.738967 -0.071667 0.00230113 0.00673283 0 -0.855841 -0.071667 0.00673283 5.25852 1.58749 8.03724 998.185
1597 -63.5649 0.133333 1113.41 -0.11256 -0.00494183 -0.207953 0 0 -9.43111e-06 0.859709 0.114509 -0.0557149 -0.805298 -0.111051 0.645082 0.00436583 -0.88016 0.0391519 -0.736336 -0.0713126 0.00235115 0.00686738 0 -0.88016 -0.0713126 0.00686738 5.0174 1.50863 8.03724 994.108
1598 -63.0416 0.134283 1112.59 -0.111233 -0.00541638 -0.218994 0 -0.288692 -8.98608e-06 0.874726 0.113464 -0.0570902 -0.80213 -0.120548 0.652519 0.00448728 -0.8955 0.0403085 -0.733592 -0.0709407 0.00240333 0.00698176 -0.288692 -0.8955 -0.0709407 0.00698176 5.14893 1.54723 8.03724 989.969
1599 -62.5154 0.135304 1111.63 -0.109868 -0.00596618 -0.231181 0 0 -8.54774e-06 0.889693 0.112344 -0.058523 -0.798798 -0.131293 0.660078 0.00462448 -0.913979 0.0415922 -0.730818 -0.0704353 0.00245608 0.0071865 0 -0.913979 -0.0704353 0.0071865 5.51266 1.71718 8.03724 985.136
1600 -61.9782 0.136336 1110.55 -0.108455 -0.0065682 -0.243783 0 0 -8.11302e-06 0.904788 0.111141 -0.0599688 -0.795702 -0.142804 0.66782 0.00477818 -0.905704 0.0430102 -0.727993 -0.0702186 0.00250981 0.00721547 0 -0.905704 -0.0702186 0.00721547 5.37892 1.61576 8.03724 980.771
1601 -61.3857 0.137332 1109.37 -0.106868 -0.00726176 -0.257463 0 -0.281236 -7.65366e-06 0.921575 0.109752 -0.0613751 -0.79209 -0.15573 0.676384 0.00495753 -0.917191 0.0446442 -0.724885 -0.0697739 0.00256891 0.007349 -0.281236 -0.917191 -0.0697739 0.007349 5.81173 1.73765 8.03724 976.167
1602 -60.6554 0.138569 1108.05 -0.104854 -0.00821669 -0.275309 0 0 -7.11573e-06 0.942966 0.107947 -0.0627219 -0.787204 -0.173119 0.687047 0.00518408 -0.998993 0.0466847 -0.72104 -0.0688058 0.00264204 0.00782763 0 -0.998993 -0.0688058 0.00782763 6.40025 1.94777 8.03724 970.423
1603 -59.9955 0.140007 1106.56 -0.103028 -0.00925694 -0.293683 0 0 -6.63452e-06 0.961365 0.106247 -0.0641423 -0.782793 -0.191575 0.696725 0.00541845 -1.09747 0.0487753 -0.717572 -0.0679285 0.00270799 0.00825883 0 -1.09747 -0.0679285 0.00825883 6.88903 2.06003 8.03724 963.934
1604 -59.2243 0.141683 1104.86 -0.100861 -0.0105511 -0.31506 0 0 -6.09433e-06 0.983282 0.104184 -0.065447 -0.777559 -0.213588 0.708108 0.00569837 -1.18909 0.0512539 -0.713519 -0.0668243 0.00278505 0.00885576 0 -1.18909 -0.0668243 0.00885576 7.54095 2.3042 8.03724 956.18
1605 -58.39 0.143486 1102.94 -0.09849 -0.012208 -0.340781 0 0 -5.52605e-06 1.00685 0.101871 -0.0666789 -0.772553 -0.240617 0.720515 0.0060199 -1.19374 0.0540807 -0.709132 -0.0662894 0.00286848 0.00906263 0 -1.19374 -0.0662894 0.00906263 7.65658 2.30377 8.03724 948.556
1606 -57.5058 0.145331 1100.83 -0.0959581 -0.0142481 -0.370227 0 0 -4.93868e-06 1.03152 0.0993457 -0.0678163 -0.766962 -0.272096 0.73375 0.00638396 -1.24306 0.0572598 -0.704484 -0.0654343 0.00295687 0.00939106 0 -1.24306 -0.0654343 0.00939106 8.35526 2.5222 8.03724 940.628
1607 -56.4826 0.147464 1098.49 -0.0930071 -0.0170128 -0.407059 0 0 -4.27833e-06 1.06021 0.0963493 -0.068762 -0.760346 -0.312557 0.749175 0.00681648 -1.34049 0.0610183 -0.699107 -0.0642979 0.00305913 0.00993945 0 -1.34049 -0.0642979 0.00993945 9.07186 2.68911 8.03724 931.175
1608 -55.3974 0.149876 1095.85 -0.089861 -0.0206649 -0.451419 0 0 -3.59262e-06 1.09003 0.0931076 -0.069568 -0.753305 -0.361843 0.765654 0.00730936 -1.44264 0.065276 -0.693405 -0.0630678 0.00316757 0.010528 0 -1.44264 -0.0630678 0.010528 9.68517 2.92788 8.03724 920.66
1609 -54.0304 0.152615 1092.94 -0.0858833 -0.02623 -0.511532 0 0 -2.75008e-06 1.12807 0.0889657 -0.0700102 -0.744686 -0.431943 0.786581 0.00792734 -1.53166 0.0706007 -0.68622 -0.0617706 0.0033042 0.0110733 0 -1.53166 -0.0617706 0.0110733 10.6476 3.14623 8.03724 909.808
1610 -52.5702 0.155765 1089.73 -0.0816231 -0.0344362 -0.587832 0 0 -1.8654e-06 1.1673 0.084516 -0.0702483 -0.735456 -0.52461 0.809114 0.00864468 -1.64233 0.0767492 -0.678547 -0.0603591 0.00345011 0.0116477 0 -1.64233 -0.0603591 0.0116477 11.347 3.3948 8.03724 897.434
1611 -50.8751 0.159204 1086.22 -0.0766725 -0.0468483 -0.68251 0 0 -8.54274e-07 1.21203 0.0793725 -0.0700991 -0.724957 -0.650712 0.835478 0.00951343 -1.71942 0.0841707 -0.669639 -0.0589374 0.00361952 0.012188 0 -1.71942 -0.0589374 0.012188 11.9148 3.60698 8.03724 884.391
1612 -49.0184 0.162776 1082.43 -0.0712476 -0.0660152 -0.795199 0 0 2.3967e-07 1.25889 0.0738308 -0.0696125 -0.713875 -0.82687 0.864562 0.010539 -1.74449 0.0928962 -0.659882 -0.0577978 0.00380507 0.0124884 0 -1.74449 -0.0577978 0.0124884 12.031 3.66198 8.03724 871.679
1613 -46.6614 0.166516 1078.41 -0.064375 -0.0987079 -0.927161 0 0 1.61526e-06 1.31749 0.0670237 -0.0684104 -0.69987 -1.10122 0.901708 0.0118481 -1.77173 0.10402 -0.647497 -0.0564141 0.00404059 0.0128783 0 -1.77173 -0.0564141 0.0128783 12.1792 3.69768 8.03724 859.035
1614 -43.9203 0.170387 1074.2 -0.0563984 -0.151087 -1.03867 0 0 3.20489e-06 1.3813 0.0595338 -0.066598 -0.683127 -1.53054 0.945083 0.0134569 -1.859 0.117655 -0.633097 -0.0543451 0.00431443 0.0136228 0 -1.859 -0.0543451 0.0136228 12.89 3.98808 8.03724 846.384
1615 -40.48 0.174483 1069.86 -0.0464233 -0.228933 -1.04274 0 -0.384637 5.19474e-06 1.45565 0.0509072 -0.063821 -0.662345 -2.28108 0.9995 0.0155261 -1.95527 0.135166 -0.615035 -0.0519677 0.0046579 0.0144321 -0.384637 -1.95527 -0.0519677 0.0144321 13.4736 4.07989 8.03724 834.289
1616 -36.025 0.179514 1065.37 -0.03355 -0.285606 -0.778773 0 -0.522437 7.778e-06 1.54216 0.0411122 -0.0597074 -0.63457 -3.64288 1.06946 0.0182751 -2.22669 0.158392 -0.591644 -0.0480286 0.00510272 0.0155114 -0.522437 -2.22669 -0.0480286 0.0155114 16.1919 4.96798 8.03724 820.17
1617 -29.7509 0.186556 1060.68 -0.0154963 -0.20833 -0.325298 0 -0.597285 1.14454e-05 1.64466 0.0299216 -0.0533349 -0.595992 -6.30832 1.16564 0.0223632 -2.49326 0.192838 -0.558709 -0.043012 0.00572904 0.0163488 -0.597285 -2.49326 -0.043012 0.0163488 19.5023 6.2216 8.03724 803.271
1618 -20.4568 0.196737 1055.79 0.0111206 -0.0721237 -0.0810143 0 -1.74418 1.69728e-05 1.74755 0.018192 -0.0432713 -0.540474 -10.0236 1.29949 0.0302307 -2.53998 0.258585 -0.509945 -0.0371854 0.00665638 0.0166774 -1.74418 -2.53998 -0.0371854 0.0166774 23.3862 7.731 8.03724 784.476
1619 -8.35236 0.209792 1050.91 0.0456659 -0.0167505 -0.0178944 0 -4.08814 2.45151e-05 1.74879 0.0091823 -0.0295586 -0.470317 -9.19313 1.45232 0.0532958 -2.1986 0.446763 -0.446309 -0.0318748 0.00786653 0.016719 -4.08814 -2.1986 -0.0318748 0.016719 23.8504 8.01765 8.03724 767.671
1620 2.15756 0.222721 1046.26 0.0753819 -0.00504391 -0.00522165 0 -5.67832 3.19804e-05 1.54225 0.00495299 -0.0173253 -0.410505 -4.07462 1.56177 0.11803 -1.74072 0.945157 -0.390922 -0.0285029 0.00891981 0.0166254 -5.67832 -1.74072 -0.0285029 0.0166254 20.9135 7.07064 8.03724 754.312
1621 8.55473 0.232434 1041.92 0.0929207 -0.00242096 -0.00237556 0 -6.30067 3.82281e-05 1.24954 0.00337497 -0.00983509 -0.375259 -1.04368 1.61757 0.234045 -1.31607 1.7498 -0.357188 -0.0276328 0.00956132 0.0163539 -6.30067 -1.31607 -0.0276328 0.0163539 16.8627 5.57746 8.03724 745.772
1622 11.1036 0.23848 1037.94 0.0992237 -0.00156304 -0.00148543 0 -5.29986 4.31881e-05 1.01567 0.00289133 -0.00683856 -0.362409 -0.195577 1.63767 0.373917 -0.98992 2.58224 -0.343707 -0.0285201 0.00981769 0.0159012 -5.29986 -0.98992 -0.0285201 0.0159012 12.6028 4.24107 8.03724 741.45
1623 11.6071 0.241496 1034.38 0.0996507 -0.00113704 -0.00107423 0 -4.91788 4.73055e-05 0.885081 0.0028034 -0.00623013 -0.36091 -0.033857 1.64152 0.507976 -0.793903 3.23156 -0.341023 -0.0297559 0.00986873 0.0153899 -4.91788 -0.793903 -0.0297559 0.0153899 10.4581 3.51105 8.03724 740.575
1624 10.4846 0.242717 1031.25 0.0956171 -0.000879474 -0.000847297 0 -4.02607 5.02068e-05 0.828982 0.00299894 -0.00749826 -0.368579 -0.00638141 1.63304 0.618524 -0.664059 3.6271 -0.346886 -0.0314502 0.00975723 0.0148959 -4.02607 -0.664059 -0.0314502 0.0148959 8.7975 2.91832 8.03724 741.562
1625 9.0612 0.243129 1028.55 0.0908744 -0.000688928 -0.000682003 0 -4.44742 5.24773e-05 0.829061 0.00326799 -0.00911537 -0.377298 -0.00147063 1.62186 0.703116 -0.63825 3.81261 -0.354375 -0.0325375 0.00961481 0.0146227 -4.44742 -0.63825 -0.0325375 0.0146227 8.36373 2.74735 8.03724 743.373
1626 6.95824 0.242939 1026.26 0.0844509 -0.00055026 -0.000567914 0 -4.48622 5.36479e-05 0.857472 0.00370841 -0.0115029 -0.390123 -0.000505624 1.60467 0.758585 -0.600707 3.81996 -0.365432 -0.0340949 0.00940454 0.0142786 -4.48622 -0.600707 -0.0340949 0.0142786 7.72397 2.48057 8.03724 745.659
1627 4.72379 0.242192 1024.34 0.0778537 -0.000441192 -0.000481765 0 -3.78043 5.41341e-05 0.907457 0.00423832 -0.014027 -0.403701 -0.000336862 1.5855 0.789711 -0.556406 3.71415 -0.377164 -0.035718 0.00918144 0.0138612 -3.78043 -0.556406 -0.035718 0.0138612 6.76179 2.24788 8.03724 748.629
1628 2.40146 0.240836 1022.79 0.0711632 -0.000354757 -0.000420914 0 -3.90743 5.40097e-05 0.969302 0.0048676 -0.0166472 -0.417787 -0.00038612 1.56449 0.800532 -0.523801 3.53917 -0.389383 -0.0373535 0.00894909 0.0133852 -3.90743 -0.523801 -0.0373535 0.0133852 6.37171 2.08931 8.03724 752.176
1629 0.122589 0.239191 1021.59 0.0647234 -0.000285042 -0.000383973 0 -3.71641 5.34821e-05 1.03769 0.0055715 -0.019208 -0.431506 -0.000543151 1.54285 0.796542 -0.496348 3.33263 -0.401365 -0.0388621 0.00872121 0.0129566 -3.71641 -0.496348 -0.0388621 0.0129566 5.84444 1.97467 8.03724 756.165
1630 -2.46123 0.237162 1020.71 0.0576017 -0.000231114 -0.000381079 0 -2.99755 5.22279e-05 1.10617 0.00648671 -0.0221061 -0.447299 -0.000816519 1.51708 0.778228 -0.437362 3.10281 -0.414938 -0.0408247 0.00846311 0.0123487 -2.99755 -0.437362 -0.0408247 0.0123487 4.86627 1.72426 8.03724 760.534
1631 -4.34544 0.234992 1020.15 0.0523951 -0.000183926 -0.000400569 0 -3.34727 5.14142e-05 1.18232 0.00724499 -0.0242107 -0.458338 -0.0012032 1.49738 0.758166 -0.460284 2.89995 -0.424861 -0.0417519 0.00827441 0.0121601 -3.34727 -0.460284 -0.0417519 0.0121601 4.97967 1.70219 8.03724 765.249
1632 -6.59811 0.232516 1019.87 0.0463124 -0.000148011 -0.000463516 0 -2.67596 4.99318e-05 1.24727 0.00825975 -0.0267244 -0.472042 -0.0017421 1.47294 0.730016 -0.422017 2.69383 -0.436693 -0.0433983 0.00804939 0.0115885 -2.67596 -0.422017 -0.0433983 0.0115885 4.38011 1.54498 8.03724 770.299
1633 -8.94204 0.229852 1019.87 0.040045 -0.000119611 -0.000591401 0 -3.31615 4.80898e-05 1.30933 0.00946171 -0.0293468 -0.48622 -0.002522 1.44634 0.697697 -0.38762 2.49794 -0.449041 -0.0449941 0.00781458 0.011117 -3.31615 -0.38762 -0.0449941 0.011117 3.99909 1.35193 8.03724 775.49
1634 -10.9295 0.227087 1020.12 0.0347761 -9.59171e-05 -0.000777232 0 -2.59774 4.64787e-05 1.37131 0.0106047 -0.0315572 -0.498229 -0.00355109 1.423 0.667045 -0.353243 2.32841 -0.459477 -0.0463689 0.00761612 0.0106596 -2.59774 -0.353243 -0.0463689 0.0106596 3.35841 1.18742 8.03724 781.051
1635 -12.6722 0.224316 1020.61 0.0301589 -7.68358e-05 -0.00105414 0 -3.75937 4.49883e-05 1.43285 0.0117187 -0.0335024 -0.508448 -0.00489727 1.40178 0.637874 -0.374638 2.18021 -0.468676 -0.0472132 0.00744119 0.010422 -3.75937 -0.374638 -0.0472132 0.010422 4.0449 1.33384 8.03724 786.535
1636 -14.6139 0.221664 1021.3 0.0250959 -6.2615e-05 -0.00142005 0 -2.7352 4.31398e-05 1.47999 0.01308 -0.0356606 -0.519871 -0.00654805 1.37759 0.607436 -0.386369 2.03942 -0.478864 -0.0482545 0.00724743 0.0101873 -2.7352 -0.386369 -0.0482545 0.0101873 3.51363 1.21063 8.03724 791.816
1637 -16.1404 0.219088 1022.16 0.0211107 -5.19167e-05 -0.00192834 0 -3.27318 4.16789e-05 1.53124 0.0142575 -0.0373605 -0.528754 -0.00857266 1.35798 0.581012 -0.405033 1.92215 -0.486909 -0.0489387 0.00709444 0.0100613 -3.27318 -0.405033 -0.0489387 0.0100613 3.98929 1.33171 8.03724 797.095
1638 -17.7531 0.216715 1023.18 0.0169579 -4.49994e-05 -0.00251722 0 -1.82201 4.00369e-05 1.56935 0.0155986 -0.0391472 -0.53831 -0.0108958 1.33693 0.554862 -0.39532 1.81266 -0.495355 -0.0498895 0.00693384 0.00985609 -1.82201 -0.39532 -0.0498895 0.00985609 3.06018 1.16581 8.03724 802.189
1639 -19.6095 0.214117 1024.33 0.012193 -4.33852e-05 -0.00342144 0 -1.81346 3.79901e-05 1.59926 0.0172935 -0.0412181 -0.549704 -0.013657 1.31202 0.527731 -0.341067 1.70623 -0.505119 -0.0513337 0.00674815 0.00928231 -1.81346 -0.341067 -0.0513337 0.00928231 2.81644 1.0316 8.03724 807.574
1640 -21.1335 0.211534 1025.61 0.00829407 -4.80936e-05 -0.00465698 0 -2.02007 3.62865e-05 1.63479 0.0188105 -0.0429178 -0.558622 -0.0168175 1.29111 0.504268 -0.365729 1.61677 -0.513142 -0.0520753 0.00659558 0.00901127 -2.02007 -0.365729 -0.0520753 0.00901127 3.08004 1.1596 8.03724 812.95
1641 -22.8272 0.209018 1027.01 0.00398914 -5.96471e-05 -0.00614745 0 -1.99182 3.43078e-05 1.65759 0.0206359 -0.0448084 -0.568743 -0.0202983 1.26744 0.48055 -0.352136 1.53001 -0.522051 -0.0531182 0.00642616 0.00871757 -1.99182 -0.352136 -0.0531182 0.00871757 2.88133 1.0291 8.03724 818.292
1642 -24.5716 0.206497 1028.51 -0.0004149 -8.34097e-05 -0.00817259 0 -1.30924 3.22121e-05 1.67474 0.0226772 -0.0467538 -0.579123 -0.0239461 1.24264 0.457493 -0.344927 1.44839 -0.531209 -0.0541654 0.006252 0.00842989 -1.30924 -0.344927 -0.0541654 0.00842989 2.44455 0.936183 8.03724 823.592
1643 -26.8756 0.203669 1030.1 -0.00622495 -0.000142325 -0.0117651 0 -1.94527 2.93241e-05 1.67996 0.0256583 -0.0493371 -0.593135 -0.0274101 1.2091 0.431316 -0.305597 1.35979 -0.543345 -0.0558118 0.00602122 0.00773861 -1.94527 -0.305597 -0.0558118 0.00773861 2.62857 0.866166 8.03724 829.133
1644 -28.9425 0.200938 1031.76 -0.0113949 -0.00023825 -0.0164584 0 -0.881856 2.6707e-05 1.68814 0.0286082 -0.0516453 -0.605386 -0.0309667 1.17853 0.407795 -0.304459 1.28175 -0.55419 -0.057011 0.00581498 0.00741934 -0.881856 -0.304459 -0.057011 0.00741934 1.77241 0.700161 8.03724 834.708
1645 -30.8227 0.1982 1033.5 -0.0160988 -0.000395507 -0.0228471 0 -1.5371 2.42853e-05 1.69725 0.0315548 -0.0537529 -0.616515 -0.0339197 1.15016 0.386136 -0.296011 1.21124 -0.564098 -0.0580442 0.00562657 0.00712238 -1.5371 -0.296011 -0.0580442 0.00712238 2.13615 0.791402 8.03724 840.341
1646 -32.209 0.195858 1035.3 -0.0195502 -0.000572495 -0.0292518 0 -2.23063 2.24863e-05 1.70948 0.0338908 -0.0553055 -0.624618 -0.0374955 1.12898 0.368294 -0.315319 1.15373 -0.571409 -0.0586974 0.00548754 0.00700727 -2.23063 -0.315319 -0.0586974 0.00700727 2.41182 0.805325 8.03724 845.81
1647 -34.3751 0.193321 1037.15 -0.024921 -0.000800757 -0.0377639 0 -1.34012 1.96617e-05 1.69245 0.037809 -0.0577238 -0.637539 -0.0393062 1.09568 0.345529 -0.293796 1.08177 -0.58278 -0.0600304 0.00527129 0.00660375 -1.34012 -0.293796 -0.0600304 0.00660375 1.95297 0.68876 8.03724 851.033
1648 -36.401 0.190701 1039.03 -0.0299319 -0.0011109 -0.0483796 0 -0.877184 1.70035e-05 1.67676 0.0418025 -0.0599819 -0.649604 -0.0398491 1.06417 0.323758 -0.284046 1.01393 -0.593425 -0.0612475 0.00506886 0.00624626 -0.877184 -0.284046 -0.0612475 0.00624626 1.69608 0.63944 8.03724 856.428
1649 -38.1518 0.18817 1040.93 -0.0342558 -0.00144668 -0.0593274 0 -1.28011 1.46919e-05 1.66427 0.0455231 -0.0619286 -0.659762 -0.0403912 1.03667 0.30367 -0.301184 0.952212 -0.602646 -0.0620093 0.0048935 0.00618333 -1.28011 -0.301184 -0.0620093 0.00618333 1.79234 0.643104 8.03724 861.649
1650 -39.9003 0.185754 1042.86 -0.0385575 -0.00171168 -0.068903 0 -1.13963 1.23872e-05 1.64462 0.0494767 -0.0638605 -0.670202 -0.0410741 1.0091 0.283601 -0.287396 0.891234 -0.611841 -0.0630803 0.00471865 0.00586385 -1.13963 -0.287396 -0.0630803 0.00586385 1.55247 0.586819 8.03724 866.935
1651 -41.7042 0.183262 1044.82 -0.0429938 -0.00187798 -0.0763314 0 -1.37978 1.00129e-05 1.61737 0.053814 -0.065842 -0.681059 -0.0409945 0.980533 0.26315 -0.256715 0.82974 -0.621336 -0.0642606 0.00453807 0.00549138 -1.37978 -0.256715 -0.0642606 0.00549138 1.46223 0.523724 8.03724 872.392
1652 -43.3619 0.18081 1046.81 -0.0470539 -0.00198237 -0.0814079 0 -1.01967 7.84039e-06 1.59062 0.058015 -0.0676337 -0.690924 -0.0405348 0.954276 0.243542 -0.256264 0.771575 -0.630048 -0.0652484 0.00437241 0.0051617 -1.01967 -0.256264 -0.0652484 0.0051617 1.41213 0.518071 8.03724 877.938
1653 -44.7864 0.178503 1048.83 -0.0505287 -0.00208371 -0.0849955 0 -0.419867 5.98166e-06 1.56654 0.0617835 -0.0691387 -0.699334 -0.0410718 0.931729 0.22541 -0.255878 0.718549 -0.637526 -0.0660382 0.00423019 0.0049936 -0.419867 -0.255878 -0.0660382 0.0049936 1.02906 0.468338 8.03724 883.434
1654 -46.1225 0.176273 1050.86 -0.0537931 -0.00210579 -0.0862424 0 -0.645642 4.24409e-06 1.54071 0.0654569 -0.0705191 -0.707226 -0.0414321 0.910538 0.207992 -0.259415 0.668144 -0.644562 -0.0667602 0.0040964 0.00482691 -0.645642 -0.259415 -0.0667602 0.00482691 1.34494 0.518313 8.03724 888.779
1655 -47.7591 0.174054 1052.9 -0.0577965 -0.00201168 -0.0845504 0 -0.44535 2.14226e-06 1.49995 0.0701026 -0.072187 -0.716989 -0.0408098 0.884679 0.189472 -0.238802 0.614456 -0.653166 -0.0677555 0.00393278 0.00457737 -0.44535 -0.238802 -0.0677555 0.00457737 0.935959 0.419526 8.03724 893.987
1656 -49.282 0.171817 1054.94 -0.061521 -0.0018807 -0.0809127 0 -0.228513 2.05872e-07 1.46066 0.0745558 -0.073658 -0.725966 -0.0396847 0.860706 0.172031 -0.237157 0.564462 -0.661172 -0.0685751 0.00378054 0.00439155 -0.228513 -0.237157 -0.0685751 0.00439155 1.01933 0.436362 8.03724 899.159
1657 -50.715 0.169689 1056.97 -0.065031 -0.00176935 -0.0768077 0 -0.234839 -1.59609e-06 1.42166 0.0788403 -0.0749472 -0.734433 -0.0390081 0.838236 0.155674 -0.233857 0.517979 -0.668711 -0.0693592 0.00363717 0.00423751 -0.234839 -0.233857 -0.0693592 0.00423751 0.918573 0.384434 8.03724 904.223
1658 -51.7169 0.167761 1059 -0.0674913 -0.00170963 -0.073303 0 -0.956783 -2.84078e-06 1.39629 0.0818849 -0.075676 -0.740184 -0.0392345 0.822541 0.141868 -0.265421 0.479715 -0.674002 -0.0697193 0.00353655 0.00427548 -0.956783 -0.265421 -0.0697193 0.00427548 1.34285 0.452498 8.03724 909.127
1659 -52.825 0.165884 1061.02 -0.0702126 -0.00164809 -0.0697794 0 -0.975474 -4.19443e-06 1.36386 0.0852609 -0.0764391 -0.746761 -0.0394122 0.805329 0.128449 -0.253421 0.442183 -0.679832 -0.070355 0.00342569 0.00411633 -0.975474 -0.253421 -0.070355 0.00411633 1.3655 0.523262 8.03724 913.961
1660 -53.6011 0.164243 1063.04 -0.0721181 -0.00166845 -0.0681462 0 -0.742276 -5.11734e-06 1.3419 0.0876261 -0.0767783 -0.751328 -0.0411207 0.79335 0.117103 -0.257117 0.410976 -0.683909 -0.0707671 0.00334815 0.00407305 -0.742276 -0.257117 -0.0707671 0.00407305 1.09032 0.431335 8.03724 918.902
1661 -54.6968 0.162456 1065.06 -0.0748163 -0.00161915 -0.0652382 0 0 -6.4117e-06 1.30543 0.0909505 -0.0773725 -0.75784 -0.041198 0.776559 0.105453 -0.247269 0.377856 -0.689653 -0.071426 0.00323891 0.00389172 0 -0.247269 -0.071426 0.00389172 0.79314 0.355714 8.03724 923.631
1662 -55.8997 0.160591 1067.06 -0.0778041 -0.00149747 -0.0608052 0 0 -7.81709e-06 1.26384 0.0945789 -0.0778852 -0.765031 -0.0395876 0.758193 0.0942535 -0.233538 0.345612 -0.695981 -0.0721684 0.00311857 0.00371094 0 -0.233538 -0.0721684 0.00371094 0.730868 0.316988 8.03724 928.352
1663 -56.8599 0.158878 1069.05 -0.0802118 -0.00142862 -0.0576961 0 -0.261596 -8.90621e-06 1.23084 0.097434 -0.077959 -0.770786 -0.0389596 0.743619 0.0846115 -0.224572 0.318095 -0.701039 -0.0727694 0.00302238 0.00354151 -0.261596 -0.224572 -0.0727694 0.00354151 0.721744 0.305654 8.03724 933.156
1664 -57.6093 0.157216 1071.02 -0.082112 -0.00139458 -0.0556224 0 -0.26459 -9.72095e-06 1.20521 0.0996197 -0.0776582 -0.774935 -0.038911 0.732327 0.0763041 -0.258095 0.294528 -0.704983 -0.0728997 0.00294739 0.0036903 -0.26459 -0.258095 -0.0728997 0.0036903 0.973251 0.414559 8.03724 937.567
1665 -58.6813 0.155599 1072.97 -0.0848239 -0.00134094 -0.0535123 0 0 -1.08963e-05 1.16537 0.102661 -0.0775292 -0.781327 -0.0381014 0.716311 0.0679068 -0.244165 0.269439 -0.710615 -0.0735519 0.00284028 0.00354075 0 -0.244165 -0.0735519 0.00354075 0.776399 0.332083 8.03724 941.809
1666 -59.6831 0.154009 1074.88 -0.0873896 -0.00126587 -0.0511744 0 0 -1.19645e-05 1.12779 0.105397 -0.0770416 -0.787309 -0.0366461 0.701455 0.0603993 -0.230359 0.246755 -0.715885 -0.0741636 0.00274007 0.00338755 0 -0.230359 -0.0741636 0.00338755 0.72205 0.326238 8.03724 946.083
1667 -60.5873 0.152422 1076.77 -0.0897393 -0.00121302 -0.0496516 0 0 -1.28942e-05 1.09353 0.107755 -0.0761874 -0.792757 -0.0354997 0.688155 0.053777 -0.221608 0.226508 -0.720642 -0.0747653 0.00264961 0.0032111 0 -0.221608 -0.0747653 0.0032111 0.621054 0.289853 8.03724 950.525
1668 -61.4427 0.150845 1078.65 -0.091998 -0.0011705 -0.0486699 0 -0.281584 -1.37458e-05 1.06052 0.109872 -0.0750452 -0.79792 -0.0344684 0.675656 0.0478648 -0.209044 0.20805 -0.725149 -0.0753354 0.0025639 0.00304823 -0.281584 -0.209044 -0.0753354 0.00304823 0.655312 0.27131 8.03724 954.999
1669 -62.1189 0.149343 1080.52 -0.0938302 -0.00116387 -0.0488174 0 0 -1.43685e-05 1.03428 0.111447 -0.0735778 -0.801822 -0.0341643 0.665882 0.0428404 -0.223872 0.192246 -0.728699 -0.0756195 0.00249639 0.00303781 0 -0.223872 -0.0756195 0.00303781 0.705736 0.296999 8.03724 959.307
1670 -62.779 0.14796 1082.36 -0.0956542 -0.00115276 -0.0490911 0 -0.287664 -1.4958e-05 1.00796 0.112901 -0.0719764 -0.805595 -0.0337445 0.656365 0.0383206 -0.234535 0.177564 -0.732179 -0.0758458 0.0024302 0.0030979 -0.287664 -0.234535 -0.0758458 0.0030979 0.790442 0.315137 8.03724 963.259
1671 -63.2058 0.146694 1084.18 -0.0969096 -0.00118334 -0.0505722 0 0 -1.52684e-05 0.990747 0.113785 -0.0702026 -0.808049 -0.0343366 0.650279 0.0345959 -0.239261 0.165448 -0.734417 -0.0760199 0.00238764 0.00312124 0 -0.239261 -0.0760199 0.00312124 0.727632 0.313158 8.03724 967.233
1672 -63.8023 0.145453 1085.98 -0.0986145 -0.00117385 -0.0512242 0 0 -1.57549e-05 0.965999 0.114951 -0.0685568 -0.811524 -0.0340234 0.641791 0.0309974 -0.244281 0.152931 -0.737556 -0.0762968 0.00232796 0.00308767 0 -0.244281 -0.0762968 0.00308767 0.86759 0.338706 8.03724 970.936
1673 -64.3657 0.144267 1087.75 -0.100266 -0.00116177 -0.0519461 0 -0.294439 -1.61907e-05 0.942334 0.11597 -0.0667785 -0.814852 -0.0334945 0.633805 0.027794 -0.243806 0.141429 -0.740527 -0.0765962 0.00227145 0.0030594 -0.294439 -0.243806 -0.0765962 0.0030594 0.92822 0.330107 8.03724 974.565
1674 -64.8536 0.143138 1089.49 -0.101746 -0.00116408 -0.0531651 0 0 -1.65274e-05 0.921635 0.116776 -0.0649249 -0.817732 -0.0333259 0.626967 0.0250008 -0.241698 0.131134 -0.743086 -0.0768686 0.00222279 0.00301108 0 -0.241698 -0.0768686 0.00301108 0.817765 0.328419 8.03724 978.134
1675 -65.3401 0.142039 1091.2 -0.10325 -0.00115893 -0.0542806 0 0 -1.68509e-05 0.900735 0.117512 -0.0630401 -0.820596 -0.0329663 0.620165 0.0224846 -0.246013 0.1215 -0.745646 -0.0771238 0.00217411 0.00298385 0 -0.246013 -0.0771238 0.00298385 0.788524 0.31757 8.03724 981.631
1676 -65.7455 0.140921 1092.89 -0.104575 -0.00116245 -0.0557069 0 0 -1.70765e-05 0.883011 0.118068 -0.0611043 -0.823109 -0.0327701 0.614528 0.0202984 -0.231203 0.112923 -0.747778 -0.0774639 0.00213356 0.00284075 0 -0.231203 -0.0774639 0.00284075 0.688284 0.299961 8.03724 985.36
1677 -66.1682 0.139832 1094.57 -0.105965 -0.00116235 -0.0571003 0 0 -1.73096e-05 0.864376 0.11859 -0.0592472 -0.825598 -0.0326308 0.608677 0.0183151 -0.239208 0.104807 -0.750002 -0.0776873 0.00209127 0.00281012 0 -0.239208 -0.0776873 0.00281012 0.71215 0.29024 8.03724 988.943
1678 -66.4545 0.138809 1096.22 -0.107033 -0.00117953 -0.0590254 0 -0.303927 -1.73943e-05 0.85114 0.118909 -0.057403 -0.827194 -0.0328538 0.60471 0.0166416 -0.242296 0.0978648 -0.751517 -0.0777401 0.00206247 0.00287198 -0.303927 -0.242296 -0.0777401 0.00287198 0.944118 0.319378 8.03724 992.246
1679 -66.7184 0.13789 1097.84 -0.108053 -0.00120079 -0.0611129 0 0 -1.74469e-05 0.838758 0.119175 -0.0557108 -0.828538 -0.0332101 0.601105 0.0151532 -0.267549 0.0914767 -0.752897 -0.0776765 0.00203621 0.00302385 0 -0.267549 -0.0776765 0.00302385 0.987652 0.359973 8.03724 995.188
1680 -67.01 0.137052 1099.42 -0.109165 -0.00121071 -0.0628841 0 0 -1.75227e-05 0.825074 0.119439 -0.0541362 -0.830134 -0.033286 0.597112 0.0137905 -0.283381 0.0853765 -0.754432 -0.077709 0.00200702 0.00309977 0 -0.283381 -0.077709 0.00309977 1.0804 0.394851 8.03724 997.871
1681 -67.2606 0.136292 1100.94 -0.110189 -0.00122536 -0.0648216 0 0 -1.75516e-05 0.813003 0.119641 -0.0526364 -0.831527 -0.033471 0.593693 0.0125891 -0.292141 0.0798504 -0.755751 -0.0777585 0.00198195 0.00315155 0 -0.292141 -0.0777585 0.00315155 1.04855 0.395263 8.03724 1000.44
1682 -67.4891 0.135516 1102.42 -0.111171 -0.00124147 -0.06682 0 0 -1.75538e-05 0.801761 0.119803 -0.0512377 -0.832944 -0.0337139 0.590585 0.011519 -0.283241 0.0747808 -0.756953 -0.0779503 0.00195909 0.00306185 0 -0.283241 -0.0779503 0.00306185 1.00695 0.377386 8.03724 1003.18
1683 -67.6513 0.13479 1103.87 -0.111994 -0.001268 -0.0691615 0 0 -1.74881e-05 0.793152 0.119905 -0.0499343 -0.833892 -0.034188 0.588384 0.0105906 -0.288362 0.0702983 -0.757806 -0.078029 0.00194286 0.00307317 0 -0.288362 -0.078029 0.00307317 1.00634 0.376182 8.03724 1005.83
1684 -67.8378 0.134054 1105.29 -0.112892 -0.0012866 -0.0712465 0 0 -1.74431e-05 0.783485 0.120009 -0.0487779 -0.834974 -0.0345301 0.585859 0.00974016 -0.289084 0.0660388 -0.758787 -0.0781109 0.0019242 0.00308183 0 -0.289084 -0.0781109 0.00308183 1.03133 0.373932 8.03724 1008.4
1685 -67.9965 0.133377 1106.68 -0.11373 -0.00130815 -0.0734297 0 0 -1.73694e-05 0.774905 0.120086 -0.0477052 -0.835798 -0.0349051 0.583713 0.00898558 -0.310555 0.0621696 -0.759623 -0.0780831 0.00190831 0.00315548 0 -0.310555 -0.0780831 0.00315548 1.22938 0.419466 8.03724 1010.7
1686 -68.1187 0.132757 1108.01 -0.114481 -0.00133531 -0.0757992 0 0 -1.72599e-05 0.767764 0.120138 -0.0467299 -0.836393 -0.0354202 0.582064 0.00832054 -0.323927 0.0586904 -0.760267 -0.0780223 0.00189607 0.0032305 0 -0.323927 -0.0780223 0.0032305 1.35445 0.462379 8.03724 1012.82
1687 -68.2058 0.132251 1109.3 -0.115148 -0.00136795 -0.078347 0 0 -1.71176e-05 0.761986 0.120171 -0.0458652 -0.836696 -0.0360673 0.58089 0.00773447 -0.352283 0.055567 -0.760725 -0.077858 0.00188735 0.00339035 0 -0.352283 -0.077858 0.00339035 1.52766 0.498512 8.03724 1014.5
1688 -68.1955 0.131826 1110.51 -0.11556 -0.00142151 -0.0815987 0 0 -1.68883e-05 0.76005 0.120167 -0.0451228 -0.836421 -0.0371731 0.581026 0.00724332 -0.375168 0.0529497 -0.760672 -0.0776372 0.00188836 0.00356346 0 -0.375168 -0.0776372 0.00356346 1.50763 0.518806 8.03724 1015.85
1689 -68.221 0.131443 1111.67 -0.116067 -0.00146597 -0.0845109 0 0 -1.66939e-05 0.756585 0.120177 -0.044578 -0.836533 -0.0381772 0.580681 0.00678728 -0.37664 0.0504349 -0.760807 -0.0776116 0.0018858 0.00360963 0 -0.37664 -0.0776116 0.00360963 1.45897 0.513048 8.03724 1017.18
1690 -68.1452 0.131096 1112.78 -0.116301 -0.00153463 -0.088225 0 0 -1.64131e-05 0.757088 0.120148 -0.0441677 -0.836049 -0.0396892 0.581701 0.00641126 -0.383361 0.0483794 -0.760409 -0.0775334 0.00189337 0.00363568 0 -0.383361 -0.0775334 0.00363568 1.59082 0.533482 8.03724 1018.54
1691 -68.1519 0.130712 1113.84 -0.116751 -0.00158201 -0.0911717 0 0 -1.62085e-05 0.754247 0.120151 -0.0439153 -0.836108 -0.0407384 0.581611 0.00604574 -0.380473 0.0462877 -0.760444 -0.0775569 0.00189271 0.0036106 0 -0.380473 -0.0775569 0.0036106 1.64608 0.540525 8.03724 1019.93
1692 -68.1423 0.130348 1114.85 -0.117157 -0.00163255 -0.094203 0 0 -1.59926e-05 0.752038 0.120147 -0.0437206 -0.836017 -0.0418123 0.581739 0.00572092 -0.381184 0.0444055 -0.760394 -0.0775165 0.00189365 0.00365522 0 -0.381184 -0.0775165 0.00365522 1.49593 0.523163 8.03724 1021.24
1693 -68.1371 0.12997 1115.82 -0.117573 -0.00168165 -0.0971602 0 0 -1.57834e-05 0.749648 0.120145 -0.043589 -0.836049 -0.042877 0.58181 0.00542686 -0.36661 0.0426726 -0.760366 -0.0775773 0.00189418 0.00360938 0 -0.36661 -0.0775773 0.00360938 1.50673 0.521115 8.03724 1022.58
1694 -68.1261 0.129612 1116.76 -0.117972 -0.00173088 -0.100095 0 0 -1.55723e-05 0.747477 0.120141 -0.043496 -0.835911 -0.0439141 0.581956 0.00516322 -0.379364 0.0411006 -0.760309 -0.0774979 0.00189527 0.00365354 0 -0.379364 -0.0774979 0.00365354 1.56736 0.547231 8.03724 1023.87
1695 -68.0935 0.129307 1117.65 -0.11831 -0.00178595 -0.103204 0 0 -1.53464e-05 0.746145 0.120128 -0.0434438 -0.835654 -0.0450785 0.582394 0.00493148 -0.383845 0.0397137 -0.760138 -0.0774153 0.00189852 0.00372677 0 -0.383845 -0.0774153 0.00372677 1.6284 0.55352 8.03724 1024.97
1696 -68.0536 0.128996 1118.5 -0.118625 -0.00184296 -0.106348 0 0 -1.51182e-05 0.745078 0.120111 -0.0434438 -0.835425 -0.0462959 0.582932 0.00472503 -0.38502 0.03847 -0.759928 -0.0773999 0.00190251 0.00369482 0 -0.38502 -0.0773999 0.00369482 1.73732 0.568428 8.03724 1026.12
1697 -68.0042 0.128671 1119.31 -0.118914 -0.00190208 -0.109531 0 -0.31102 -1.48874e-05 0.744299 0.12009 -0.0434891 -0.835128 -0.0475494 0.583576 0.00454164 -0.389259 0.037361 -0.759677 -0.0773583 0.00190729 0.00372756 -0.31102 -0.389259 -0.0773583 0.00372756 1.67947 0.547338 8.03724 1027.26
1698 -67.7616 0.128472 1120.07 -0.118654 -0.00202528 -0.114828 0 0 -1.45058e-05 0.751034 0.119969 -0.0436397 -0.833434 -0.0502276 0.586872 0.004425 -0.419331 0.0367523 -0.758393 -0.0769725 0.00193169 0.00393811 0 -0.419331 -0.0769725 0.00393811 2.03511 0.653646 8.03724 1027.85
1699 -67.6581 0.128384 1120.77 -0.118769 -0.00210363 -0.118519 0 0 -1.42425e-05 0.752231 0.11991 -0.0439469 -0.832524 -0.0519315 0.58827 0.00429268 -0.463204 0.0359744 -0.75785 -0.0766159 0.00194202 0.00417348 0 -0.463204 -0.0766159 0.00417348 2.32809 0.737577 8.03724 1027.8
1700 -67.5112 0.128386 1121.36 -0.118755 -0.00219869 -0.122705 0 0 -1.39508e-05 0.755066 0.119818 -0.0442946 -0.83135 -0.0539479 0.590259 0.00418578 -0.501983 0.035374 -0.757079 -0.0762281 0.00195669 0.00443468 0 -0.501983 -0.0762281 0.00443468 2.43154 0.783823 8.03724 1027.3
1701 -67.3126 0.128556 1121.85 -0.118586 -0.00231456 -0.127485 0 0 -1.3626e-05 0.759814 0.119681 -0.0447134 -0.829763 -0.0564064 0.592954 0.00410461 -0.565435 0.0349597 -0.756036 -0.0757028 0.00197652 0.00473327 0 -0.565435 -0.0757028 0.00473327 3.09589 0.962762 8.03724 1025.99
1702 -67.0507 0.128954 1122.2 -0.118225 -0.0024592 -0.133069 0 0 -1.32609e-05 0.766871 0.119476 -0.0452384 -0.827722 -0.0594879 0.596518 0.00405059 -0.639419 0.0347486 -0.754661 -0.0750635 0.00200268 0.00510796 0 -0.639419 -0.0750635 0.00510796 3.75278 1.10149 8.03724 1023.89
1703 -66.7045 0.129647 1122.39 -0.117612 -0.00264545 -0.13978 0 0 -1.28419e-05 0.776972 0.119165 -0.0459034 -0.825027 -0.0634533 0.601247 0.00402735 -0.731776 0.0347763 -0.752843 -0.0742216 0.00203725 0.00565089 0 -0.731776 -0.0742216 0.00565089 4.18182 1.26034 8.03724 1020.82
1704 -66.18 0.130552 1122.4 -0.116473 -0.00292761 -0.149105 0 0 -1.23026e-05 0.793569 0.118608 -0.0467779 -0.821448 -0.069507 0.608457 0.0040547 -0.787391 0.0352162 -0.750086 -0.0734519 0.00208967 0.00608021 0 -0.787391 -0.0734519 0.00608021 4.45864 1.36928 8.03724 1017.11
1705 -65.7376 0.131435 1122.24 -0.115534 -0.00319309 -0.157504 0 0 -1.18362e-05 0.806781 0.118064 -0.0479266 -0.818609 -0.0753118 0.614575 0.00408075 -0.826717 0.0356239 -0.74776 -0.0729823 0.0021339 0.00629974 0 -0.826717 -0.0729823 0.00629974 4.64538 1.37353 8.03724 1013.58
1706 -65.2425 0.132466 1121.9 -0.114422 -0.00350666 -0.16684 0 0 -1.13438e-05 0.82175 0.117378 -0.0492086 -0.815181 -0.0819836 0.621458 0.00413122 -0.88721 0.0362258 -0.745158 -0.0722058 0.00218338 0.00674852 0 -0.88721 -0.0722058 0.00674852 5.17258 1.52626 8.03724 1009.12
1707 -64.7185 0.133622 1121.35 -0.113201 -0.0038665 -0.176935 0 0 -1.08431e-05 0.837553 0.116568 -0.0506287 -0.811735 -0.0896315 0.628787 0.00420218 -0.923525 0.0369895 -0.742404 -0.0715668 0.00223577 0.00707844 0 -0.923525 -0.0715668 0.00707844 5.48569 1.64096 8.03724 1004.32
1708 -64.1843 0.134773 1120.63 -0.111924 -0.00426736 -0.187536 0 0 -1.03474e-05 0.853491 0.11566 -0.0521605 -0.808539 -0.0980771 0.636305 0.00429034 -0.933096 0.0378877 -0.739595 -0.0712331 0.00228919 0.00716545 0 -0.933096 -0.0712331 0.00716545 5.39078 1.60423 8.03724 999.809
1709 -63.6249 0.135987 1119.74 -0.110556 -0.0047148 -0.19866 0 -0.291578 -9.84736e-06 0.870066 0.114628 -0.0537525 -0.804958 -0.107346 0.644203 0.00439825 -0.986811 0.0389444 -0.736662 -0.0706416 0.00234496 0.00737523 -0.291578 -0.986811 -0.0706416 0.00737523 6.12487 1.7749 8.03724 994.584
1710 -62.9754 0.137419 1118.65 -0.108898 -0.00529493 -0.212208 0 0 -9.2956e-06 0.88975 0.113325 -0.0553928 -0.800883 -0.119144 0.653479 0.00454154 -1.01767 0.040297 -0.733239 -0.0700538 0.00241004 0.00761412 0 -1.01767 -0.0700538 0.00761412 6.18208 1.86784 8.03724 988.755
1711 -62.3294 0.138771 1117.4 -0.107229 -0.00591057 -0.225617 0 0 -8.76004e-06 0.908948 0.111935 -0.0570755 -0.797058 -0.131505 0.662749 0.00470178 -1.03037 0.0417836 -0.729842 -0.0696908 0.00247465 0.00770376 0 -1.03037 -0.0696908 0.00770376 6.17069 1.82968 8.03724 983.363
1712 -61.673 0.140252 1115.99 -0.105507 -0.00665328 -0.240934 0 0 -8.23017e-06 0.92817 0.110434 -0.0587779 -0.79262 -0.145965 0.672224 0.00488335 -1.10805 0.043442 -0.726393 -0.0687675 0.00254025 0.00815917 0 -1.10805 -0.0687675 0.00815917 6.95708 2.09449 8.03724 976.665
1713 -60.861 0.1421 1114.35 -0.103321 -0.00760744 -0.259189 0 0 -7.60885e-06 0.952645 0.108466 -0.0603799 -0.787165 -0.164 0.68403 0.00511692 -1.20858 0.0455436 -0.722125 -0.0676618 0.0026214 0.00870746 0 -1.20858 -0.0676618 0.00870746 7.83269 2.34851 8.03724 968.879
1714 -60.0509 0.144086 1112.48 -0.101115 -0.00877797 -0.280245 0 0 -7.00253e-06 0.976461 0.106394 -0.0620189 -0.781998 -0.185677 0.695901 0.00537759 -1.25716 0.0478628 -0.717867 -0.0668335 0.00270238 0.00918969 0 -1.25716 -0.0668335 0.00918969 7.73297 2.33383 8.03724 960.717
1715 -59.1824 0.146175 1110.37 -0.0987201 -0.0101927 -0.303848 0 0 -6.37103e-06 1.00182 0.10407 -0.0635776 -0.776427 -0.210665 0.708723 0.00567879 -1.30555 0.0505178 -0.713301 -0.0659155 0.0027892 0.00959854 0 -1.30555 -0.0659155 0.00959854 8.38679 2.55117 8.03724 951.664
1716 -58.2451 0.148484 1107.99 -0.0961098 -0.0119776 -0.331494 0 0 -5.70824e-06 1.02899 0.101464 -0.065019 -0.770308 -0.240665 0.722664 0.00602701 -1.40808 0.0535624 -0.708375 -0.0648157 0.00288288 0.0100357 0 -1.40808 -0.0648157 0.0100357 9.59774 2.84892 8.03724 941.653
1717 -57.135 0.151247 1105.31 -0.0929876 -0.0144365 -0.366531 0 0 -4.94757e-06 1.06143 0.0982702 -0.0662402 -0.763331 -0.279949 0.739315 0.00645212 -1.47381 0.0572563 -0.70254 -0.0637849 0.00299385 0.0104398 0 -1.47381 -0.0637849 0.0104398 10.1703 3.07402 8.03724 930.556
1718 -56.0079 0.154258 1102.34 -0.0897977 -0.0177494 -0.409638 0 0 -4.19038e-06 1.09333 0.0949393 -0.0673571 -0.756453 -0.328607 0.756362 0.00693065 -1.52354 0.0613832 -0.696615 -0.0629446 0.00310652 0.0106329 0 -1.52354 -0.0629446 0.0106329 10.6333 3.25922 8.03724 918.85
1719 -54.7288 0.157606 1099.07 -0.0861598 -0.0223402 -0.462862 0 0 -3.35065e-06 1.12927 0.0910885 -0.0682018 -0.748415 -0.390593 0.775862 0.00750057 -1.6097 0.0662724 -0.689892 -0.0617573 0.00323436 0.0111068 0 -1.6097 -0.0617573 0.0111068 11.303 3.4343 8.03724 906.346
1720 -53.3202 0.160834 1095.54 -0.0821385 -0.0287824 -0.527962 0 0 -2.44297e-06 1.16817 0.0868014 -0.0687571 -0.740151 -0.469232 0.797522 0.00816864 -1.58981 0.0719741 -0.682487 -0.0610398 0.00337519 0.0114108 0 -1.58981 -0.0610398 0.0114108 10.57 3.24102 8.03724 895.116
1721 -51.8628 0.163859 1091.85 -0.0779711 -0.0380019 -0.606777 0 -0.239913 -1.51921e-06 1.20675 0.0823653 -0.0690829 -0.731448 -0.570502 0.820081 0.00892854 -1.60516 0.0784216 -0.674833 -0.0601354 0.00352074 0.0116852 -0.239913 -1.60516 -0.0601354 0.0116852 10.7415 3.27737 8.03724 884.436
1722 -50.2165 0.166747 1088.01 -0.0732558 -0.0516432 -0.70093 0 -0.233641 -4.8974e-07 1.2494 0.0773939 -0.0690183 -0.721608 -0.70627 0.845765 0.0098309 -1.61736 0.0860477 -0.66618 -0.0591128 0.00368529 0.0120226 -0.233641 -1.61736 -0.0591128 0.0120226 10.8319 3.29648 8.03724 874.154
1723 -48.2572 0.169613 1084.05 -0.0676517 -0.0721682 -0.807757 0 -0.448578 7.20536e-07 1.29947 0.0716042 -0.0684194 -0.709996 -0.891644 0.876515 0.0109295 -1.62833 0.0953069 -0.655889 -0.0579887 0.003881 0.0123099 -0.448578 -1.62833 -0.0579887 0.0123099 10.9503 3.37364 8.03724 864.067
1724 -45.9598 0.172595 1080 -0.0610839 -0.106561 -0.926758 0 -0.214527 2.12879e-06 1.35569 0.0650594 -0.0672612 -0.696195 -1.18402 0.912797 0.0122736 -1.67564 0.106605 -0.643811 -0.0564945 0.00411068 0.0128075 -0.214527 -1.67564 -0.0564945 0.0128075 11.2911 3.44279 8.03724 853.877
1725 -43.2649 0.175708 1075.87 -0.0534035 -0.159516 -1.01166 0 -0.407974 3.77028e-06 1.41736 0.0578235 -0.0654741 -0.679716 -1.64162 0.955446 0.0139216 -1.7873 0.12042 -0.62966 -0.0544356 0.00437979 0.0135528 -0.407974 -1.7873 -0.0544356 0.0135528 12.0338 3.65071 8.03724 843.26
1726 -39.7182 0.17958 1071.62 -0.0433276 -0.23234 -0.971903 0 -0.377596 5.92888e-06 1.49445 0.0491183 -0.062553 -0.657782 -2.43001 1.01154 0.0160844 -1.97057 0.138538 -0.61103 -0.0514855 0.00473406 0.014485 -0.377596 -1.97057 -0.0514855 0.014485 13.8813 4.25521 8.03724 830.826
1727 -35.144 0.184594 1067.21 -0.0303758 -0.267681 -0.664463 0 0 8.72229e-06 1.58151 0.0393539 -0.0582959 -0.62955 -3.93945 1.08322 0.0189679 -2.19743 0.162644 -0.587 -0.047741 0.00519104 0.0155217 0 -2.19743 -0.047741 0.0155217 15.7442 4.86014 8.03724 817.093
1728 -28.917 0.191566 1062.62 -0.0128387 -0.169576 -0.256219 0 -0.878787 1.25535e-05 1.67893 0.0286495 -0.0519843 -0.591047 -6.57337 1.17812 0.0232026 -2.49814 0.197914 -0.554335 -0.0425246 0.00581223 0.0163749 -0.878787 -2.49814 -0.0425246 0.0163749 20.0607 6.30733 8.03724 800.678
1729 -19.3035 0.202035 1057.86 0.0141357 -0.0549618 -0.0628261 0 -1.57637 1.85822e-05 1.78001 0.0170679 -0.0415891 -0.533949 -10.0158 1.31524 0.0318742 -2.48106 0.269518 -0.503871 -0.0368498 0.00677188 0.0166729 -1.57637 -2.48106 -0.0368498 0.0166729 22.6201 7.52111 8.03724 783.027
1730 -7.07343 0.214991 1053.18 0.048307 -0.0128946 -0.0142474 0 -4.73463 2.66388e-05 1.7656 0.00852679 -0.0278049 -0.463081 -8.46613 1.46682 0.0578015 -2.13199 0.47804 -0.439577 -0.0314985 0.00799454 0.0167057 -4.73463 -2.13199 -0.0314985 0.0167057 23.1811 7.89674 8.03724 767.64
1731 2.67806 0.227237 1048.74 0.0752622 -0.00418764 -0.00446588 0 -6.37011 3.4067e-05 1.53644 0.00480225 -0.0165511 -0.407825 -3.58731 1.5666 0.126408 -1.67784 0.996461 -0.388187 -0.0286099 0.00897182 0.0165885 -6.37011 -1.67784 -0.0286099 0.0165885 20.175 6.8228 8.03724 755.812
1732 8.46081 0.236424 1044.61 0.090731 -0.00212641 -0.00214884 0 -5.93917 4.02104e-05 1.24556 0.00339353 -0.00983994 -0.376045 -0.91824 1.61683 0.242475 -1.28414 1.78371 -0.357667 -0.0279296 0.00955221 0.0163071 -5.93917 -1.28414 -0.0279296 0.0163071 16.1693 5.36573 8.03724 748.107
1733 10.6851 0.242205 1040.8 0.0960227 -0.00140571 -0.00137968 0 -5.34743 4.50156e-05 1.02299 0.00296549 -0.00724966 -0.364673 -0.179655 1.63447 0.377769 -1.0268 2.56884 -0.34591 -0.0285389 0.0097758 0.0159156 -5.34743 -1.0268 -0.0285389 0.0159156 13.3338 4.31715 8.03724 743.695
1734 11.0439 0.245571 1037.35 0.0960836 -0.00103081 -0.00100766 0 -4.57938 4.89917e-05 0.898534 0.00290035 -0.00680982 -0.363883 -0.0325989 1.63728 0.506948 -0.846044 3.17822 -0.343978 -0.0297177 0.00981254 0.0154937 -4.57938 -0.846044 -0.0297177 0.0154937 10.9566 3.61021 8.03724 742.018
1735 10.0077 0.247128 1034.3 0.0923947 -0.000796316 -0.000793057 0 -4.23085 5.18385e-05 0.847776 0.00308684 -0.00796828 -0.37126 -0.00646423 1.62932 0.613353 -0.678973 3.54841 -0.349402 -0.0315675 0.00970938 0.0149333 -4.23085 -0.678973 -0.0315675 0.0149333 8.68359 2.97134 8.03724 742.478
1736 8.24762 0.246981 1031.67 0.0868952 -0.000629621 -0.000648023 0 -4.23534 5.3639e-05 0.850007 0.00343189 -0.00994846 -0.38253 -0.0016012 1.61531 0.690728 -0.58812 3.70048 -0.35865 -0.0334136 0.00953352 0.0143659 -4.23534 -0.58812 -0.0334136 0.0143659 7.66541 2.5175 8.03724 744.969
1737 6.10587 0.245998 1029.48 0.080544 -0.000503454 -0.00054233 0 -4.20319 5.45475e-05 0.883489 0.00390257 -0.0123538 -0.395816 -0.000588734 1.59747 0.740611 -0.518661 3.69217 -0.369908 -0.0352268 0.00931942 0.013835 -4.20319 -0.518661 -0.0352268 0.013835 6.78464 2.23956 8.03724 748.347
1738 3.91742 0.244672 1027.7 0.0742315 -0.000403216 -0.000462179 0 -3.80315 5.48742e-05 0.936081 0.0044474 -0.0148009 -0.408958 -0.000399017 1.57832 0.768133 -0.496309 3.58427 -0.381407 -0.0366519 0.00910075 0.013502 -3.80315 -0.496309 -0.0366519 0.013502 6.17375 2.09036 8.03724 752.063
1739 1.67413 0.243076 1026.29 0.0679138 -0.000323542 -0.000406728 0 -3.30997 5.46686e-05 0.998042 0.00508168 -0.0173011 -0.422303 -0.000446838 1.55772 0.777399 -0.493217 3.41661 -0.393194 -0.0379853 0.0088766 0.0131953 -3.30997 -0.493217 -0.0379853 0.0131953 5.78532 1.97557 8.03724 755.913
1740 -0.843829 0.241013 1025.23 0.0610052 -0.000261733 -0.000382823 0 -3.01943 5.37159e-05 1.06603 0.00589762 -0.0201052 -0.437586 -0.000633242 1.53339 0.769361 -0.451541 3.20746 -0.406431 -0.0397799 0.00862487 0.0126951 -3.01943 -0.451541 -0.0397799 0.0126951 5.07841 1.73674 8.03724 760.347
1741 -3.12149 0.238639 1024.5 0.0548134 -0.000210509 -0.000387515 0 -3.72758 5.2635e-05 1.14017 0.00674464 -0.022638 -0.451277 -0.000945535 1.51022 0.752493 -0.436476 2.99712 -0.418432 -0.0412422 0.00839666 0.0122437 -3.72758 -0.436476 -0.0412422 0.0122437 5.08639 1.66974 8.03724 765.229
1742 -5.20096 0.236225 1024.07 0.0492404 -0.000168468 -0.000420876 0 -2.47292 5.14936e-05 1.21161 0.0076142 -0.0249325 -0.463675 -0.00137894 1.48825 0.730663 -0.419914 2.79731 -0.429339 -0.0425262 0.00818925 0.0118875 -2.47292 -0.419914 -0.0425262 0.0118875 4.20863 1.57528 8.03724 770.252
1743 -7.4765 0.233402 1023.94 0.0432092 -0.000135746 -0.000509016 0 -3.3745 4.98479e-05 1.27838 0.00869333 -0.027457 -0.477581 -0.00201441 1.46307 0.702254 -0.38456 2.59977 -0.441333 -0.0442093 0.00796116 0.0112427 -3.3745 -0.38456 -0.0442093 0.0112427 4.26504 1.4183 8.03724 775.746
1744 -9.43601 0.230647 1024.07 0.038057 -0.000108572 -0.00065006 0 -3.35034 4.83626e-05 1.34513 0.00973512 -0.0296205 -0.489078 -0.00287076 1.4406 0.673965 -0.390728 2.42539 -0.451641 -0.0452023 0.00776513 0.0110286 -3.35034 -0.390728 -0.0452023 0.0110286 4.52947 1.49554 8.03724 781.087
1745 -11.4137 0.228083 1024.44 0.0329194 -8.71429e-05 -0.00084494 0 -2.37567 4.66906e-05 1.40108 0.0109023 -0.0317982 -0.500903 -0.00394876 1.41719 0.644495 -0.380723 2.26385 -0.462019 -0.0464512 0.00756777 0.0107046 -2.37567 -0.380723 -0.0464512 0.0107046 3.50573 1.27097 8.03724 786.297
1746 -13.3955 0.225318 1025.01 0.0277868 -7.05141e-05 -0.00116233 0 -3.65253 4.48384e-05 1.45442 0.0122106 -0.033994 -0.5126 -0.00539232 1.39283 0.614437 -0.394582 2.11535 -0.472479 -0.0474895 0.00736885 0.0104175 -3.65253 -0.394582 -0.0474895 0.0104175 4.18564 1.30453 8.03724 791.518
1747 -15.112 0.222761 1025.78 0.0233915 -5.75288e-05 -0.0015626 0 -2.58132 4.32033e-05 1.50486 0.0134525 -0.0358803 -0.522927 -0.00715839 1.37126 0.586988 -0.358542 1.98708 -0.48148 -0.0486444 0.00719769 0.0101261 -2.58132 -0.358542 -0.0486444 0.0101261 3.13305 1.13343 8.03724 796.933
1748 -16.7601 0.220108 1026.72 0.0191824 -4.84149e-05 -0.00209515 0 -2.71472 4.15411e-05 1.54919 0.0147597 -0.0376985 -0.532534 -0.00927045 1.34994 0.560684 -0.38665 1.87137 -0.490155 -0.0494116 0.00703272 0.00992454 -2.71472 -0.38665 -0.0494116 0.00992454 3.40959 1.18779 8.03724 802.27
1749 -18.5884 0.217483 1027.81 0.014551 -4.38727e-05 -0.00285357 0 -2.76208 3.95559e-05 1.58449 0.0163458 -0.0397187 -0.543513 -0.0118024 1.32573 0.533822 -0.375492 1.76088 -0.499774 -0.0505894 0.0068498 0.00951952 -2.76208 -0.375492 -0.0505894 0.00951952 3.34937 1.1084 8.03724 807.595
1750 -20.5371 0.214763 1029.03 0.00965812 -4.549e-05 -0.00398043 0 -1.87304 3.73314e-05 1.61522 0.0182027 -0.0418696 -0.555247 -0.0148416 1.29934 0.507099 -0.342263 1.65693 -0.51 -0.0519016 0.00665532 0.00905304 -1.87304 -0.342263 -0.0519016 0.00905304 2.64398 0.995017 8.03724 813.004
1751 -22.1953 0.212028 1030.38 0.00550246 -5.5479e-05 -0.00552537 0 -1.95593 3.53977e-05 1.64992 0.0199367 -0.0437038 -0.565023 -0.0183065 1.27633 0.483624 -0.35168 1.56837 -0.518726 -0.0527866 0.0064894 0.00877201 -1.95593 -0.35168 -0.0527866 0.00877201 2.92353 1.07477 8.03724 818.552
1752 -24.168 0.209374 1031.83 0.000585247 -7.77702e-05 -0.0076074 0 -2.06438 3.29923e-05 1.67001 0.0221931 -0.0458904 -0.576687 -0.0221054 1.24838 0.458852 -0.360974 1.47908 -0.529106 -0.0538731 0.006292 0.00849763 -2.06438 -0.360974 -0.0538731 0.00849763 2.98475 0.998221 8.03724 823.838
1753 -26.1734 0.206726 1033.37 -0.00438731 -0.000122715 -0.0106004 0 -1.91417 3.04877e-05 1.68556 0.0247162 -0.0481132 -0.588706 -0.0259753 1.21939 0.434871 -0.335555 1.39528 -0.539651 -0.0551465 0.00609147 0.00813256 -1.91417 -0.335555 -0.0551465 0.00813256 2.4749 0.849046 8.03724 829.188
1754 -27.8427 0.204154 1034.99 -0.00851599 -0.000195696 -0.0144112 0 -2.42456 2.83736e-05 1.70427 0.027011 -0.049966 -0.598535 -0.0297849 1.19479 0.414101 -0.340802 1.32394 -0.548445 -0.0560134 0.00592422 0.00789148 -2.42456 -0.340802 -0.0560134 0.00789148 2.85532 0.941074 8.03724 834.582
1755 -29.4855 0.201727 1036.7 -0.012536 -0.000290784 -0.0187177 0 -0.741526 2.6277e-05 1.71431 0.0294314 -0.0517777 -0.608358 -0.0336613 1.1704 0.394241 -0.319867 1.25699 -0.557043 -0.057076 0.00576073 0.00755964 -0.741526 -0.319867 -0.057076 0.00755964 1.96322 0.810962 8.03724 840.066
1756 -31.4272 0.199071 1038.47 -0.0173215 -0.000463722 -0.0254579 0 -2.50257 2.37324e-05 1.714 0.0325618 -0.0539412 -0.619889 -0.036068 1.14089 0.372687 -0.323953 1.18611 -0.567303 -0.0581511 0.00556561 0.0072099 -2.50257 -0.323953 -0.0581511 0.0072099 2.69759 0.869039 8.03724 845.527
1757 -32.9944 0.196664 1040.3 -0.0211329 -0.000663346 -0.0325499 0 -1.29639 2.16811e-05 1.7167 0.0352654 -0.0556704 -0.629088 -0.0390192 1.117 0.354127 -0.325899 1.12575 -0.575516 -0.0589818 0.00540943 0.00703494 -1.29639 -0.325899 -0.0589818 0.00703494 2.20616 0.809296 8.03724 850.894
1758 -34.8979 0.194163 1042.17 -0.0257728 -0.000921767 -0.0415368 0 -1.18795 1.91633e-05 1.70439 0.0388088 -0.0577778 -0.640406 -0.0406378 1.08758 0.333501 -0.31189 1.05977 -0.585526 -0.0600983 0.00521907 0.00674571 -1.18795 -0.31189 -0.0600983 0.00674571 1.86087 0.734049 8.03724 856.146
1759 -36.2074 0.191907 1044.08 -0.0289471 -0.00123396 -0.0511284 0 -1.39687 1.74163e-05 1.7051 0.0414124 -0.0592224 -0.648048 -0.0424287 1.06715 0.316744 -0.331974 1.00683 -0.592421 -0.0607142 0.00508794 0.00663111 -1.39687 -0.331974 -0.0607142 0.00663111 2.20207 0.806688 8.03724 861.491
1760 -38.582 0.189264 1046.04 -0.0347068 -0.00144721 -0.0606631 0 -0.370607 1.42724e-05 1.66544 0.0464632 -0.0618393 -0.662579 -0.0425954 1.02997 0.293455 -0.26229 0.933844 -0.604885 -0.0625448 0.00485093 0.00593265 -0.370607 -0.26229 -0.0625448 0.00593265 1.03654 0.449738 8.03724 866.933
1761 -40.276 0.186697 1048 -0.0388149 -0.00170744 -0.070015 0 -1.33745 1.2009e-05 1.64713 0.0503606 -0.0636955 -0.672411 -0.0413208 1.00315 0.274034 -0.290378 0.874065 -0.613823 -0.063269 0.00468096 0.0057784 -1.33745 -0.290378 -0.063269 0.0057784 1.99226 0.687619 8.03724 872.197
1762 -41.5715 0.18454 1050 -0.0419207 -0.00199657 -0.0784342 0 -0.590616 1.02842e-05 1.63472 0.0534771 -0.06509 -0.680122 -0.0429047 0.982696 0.257094 -0.283386 0.822674 -0.620618 -0.0640551 0.00455173 0.00560473 -0.590616 -0.283386 -0.0640551 0.00560473 1.26634 0.514633 8.03724 877.566
1763 -43.4608 0.182082 1052.02 -0.0464865 -0.00201135 -0.082552 0 -1.02125 7.78426e-06 1.59728 0.0582724 -0.0671287 -0.691559 -0.0418085 0.952707 0.236718 -0.252632 0.760938 -0.630568 -0.0653536 0.00436252 0.00510813 -1.02125 -0.252632 -0.0653536 0.00510813 1.47019 0.521989 8.03724 883.011
1764 -45.3416 0.179639 1054.06 -0.0510153 -0.00198186 -0.084083 0 -0.42437 5.31689e-06 1.55662 0.0632938 -0.0691172 -0.702709 -0.0404053 0.922929 0.216548 -0.241357 0.700476 -0.640447 -0.066437 0.00417466 0.00485209 -0.42437 -0.241357 -0.066437 0.00485209 1.0402 0.428723 8.03724 888.324
1765 -47.1764 0.177215 1056.09 -0.0554358 -0.00188187 -0.0825564 0 -0.220246 2.92567e-06 1.51391 0.0684257 -0.0710042 -0.713632 -0.0387465 0.893903 0.196864 -0.23488 0.642146 -0.650094 -0.0675293 0.0039912 0.00453319 -0.220246 -0.23488 -0.0675293 0.00453319 0.937666 0.387622 8.03724 893.664
1766 -48.7792 0.174927 1058.13 -0.0592991 -0.00178467 -0.0795113 0 -0.453381 8.52234e-07 1.47576 0.0730754 -0.0725687 -0.723021 -0.0376821 0.868598 0.178755 -0.244091 0.589321 -0.658532 -0.0683198 0.00383073 0.00442063 -0.453381 -0.244091 -0.0683198 0.00442063 1.10914 0.42458 8.03724 898.809
1767 -49.9398 0.172783 1060.17 -0.0620934 -0.00173864 -0.0765994 0 -0.926048 -6.35409e-07 1.45013 0.0765235 -0.0735758 -0.729784 -0.0378247 0.850323 0.16328 -0.249527 0.545253 -0.664651 -0.0688479 0.00371438 0.00439864 -0.926048 -0.249527 -0.0688479 0.00439864 1.27041 0.475254 8.03724 904.04
1768 -51.3058 0.170665 1062.21 -0.0653783 -0.00168988 -0.0735042 0 -0.237576 -2.35697e-06 1.41229 0.0806256 -0.0747378 -0.73795 -0.0383156 0.829009 0.147694 -0.234934 0.500491 -0.671818 -0.06971 0.00357807 0.00414409 -0.237576 -0.234934 -0.06971 0.00414409 0.882843 0.380084 8.03724 909.184
1769 -52.6329 0.168558 1064.26 -0.0685869 -0.00157698 -0.0687274 0 -0.242975 -4.01006e-06 1.37339 0.084663 -0.0757388 -0.745769 -0.0375673 0.808366 0.13302 -0.234638 0.458565 -0.678801 -0.0704141 0.00344529 0.00400472 -0.242975 -0.234638 -0.0704141 0.00400472 0.836914 0.38194 8.03724 914.308
1770 -53.8031 0.166599 1066.29 -0.0714246 -0.00150593 -0.0648125 0 -0.248137 -5.44189e-06 1.338 0.0882341 -0.0764499 -0.75253 -0.037461 0.790277 0.119823 -0.25773 0.421128 -0.684957 -0.0709014 0.00332821 0.00399653 -0.248137 -0.25773 -0.0709014 0.00399653 1.02807 0.408223 8.03724 919.113
1771 -54.794 0.164781 1068.31 -0.073838 -0.00146942 -0.0618265 0 -0.253141 -6.62789e-06 1.3073 0.0912489 -0.0768559 -0.758294 -0.0378898 0.775052 0.108137 -0.259755 0.388184 -0.690171 -0.0713529 0.00322907 0.00400341 -0.253141 -0.259755 -0.0713529 0.00400341 0.861906 0.389475 8.03724 923.792
1772 -55.9388 0.162877 1070.32 -0.0766391 -0.00140563 -0.0584753 0 -0.2575 -7.98143e-06 1.26857 0.0946994 -0.0772785 -0.765273 -0.0374875 0.757581 0.0967933 -0.22574 0.355565 -0.696193 -0.072195 0.00311455 0.00369688 -0.2575 -0.22574 -0.072195 0.00369688 0.749994 0.308654 8.03724 928.716
1773 -56.9978 0.160993 1072.32 -0.0792505 -0.00132364 -0.0549075 0 -0.262082 -9.20441e-06 1.23213 0.0978387 -0.0773888 -0.771468 -0.0365224 0.741539 0.0865535 -0.235413 0.326087 -0.701764 -0.0727127 0.0030086 0.00360641 -0.262082 -0.235413 -0.0727127 0.00360641 0.939603 0.377006 8.03724 933.517
1774 -58.0193 0.159253 1074.31 -0.0817856 -0.00128267 -0.0526559 0 0 -1.03557e-05 1.19576 0.100792 -0.0772845 -0.777541 -0.0362325 0.726201 0.0772687 -0.230287 0.299023 -0.707131 -0.0733166 0.00290653 0.00349071 0 -0.230287 -0.0733166 0.00349071 0.672107 0.311193 8.03724 938.144
1775 -59.0337 0.157494 1076.28 -0.0843286 -0.00122344 -0.0503104 0 0 -1.14746e-05 1.15859 0.103636 -0.0769308 -0.783551 -0.0353058 0.711075 0.0687875 -0.225502 0.273907 -0.712468 -0.0738883 0.00280506 0.00336963 0 -0.225502 -0.0738883 0.00336963 0.648085 0.300288 8.03724 942.775
1776 -59.9958 0.155779 1078.24 -0.0867731 -0.00116678 -0.048367 0 -0.275065 -1.25072e-05 1.12262 0.106229 -0.0762534 -0.789287 -0.0342306 0.696825 0.0611755 -0.219686 0.251039 -0.717536 -0.0744594 0.00270866 0.00323601 -0.275065 -0.219686 -0.0744594 0.00323601 0.824279 0.334708 8.03724 947.372
1777 -60.7978 0.15419 1080.17 -0.0888438 -0.00115526 -0.0478532 0 0 -1.33239e-05 1.09232 0.108287 -0.0752465 -0.793916 -0.034056 0.685076 0.0546219 -0.230535 0.231186 -0.721749 -0.0747957 0.00262856 0.00325735 0 -0.230535 -0.0747957 0.00325735 0.716152 0.300658 8.03724 951.812
1778 -61.5497 0.152739 1082.08 -0.0908207 -0.00113912 -0.0475299 0 0 -1.40623e-05 1.06327 0.110124 -0.0739998 -0.798243 -0.0336329 0.674122 0.0487758 -0.238216 0.213081 -0.725704 -0.075092 0.00255333 0.00328551 0 -0.238216 -0.075092 0.00328551 0.712196 0.329061 8.03724 955.95
1779 -62.3448 0.151223 1083.97 -0.0929295 -0.00111467 -0.0472942 0 0 -1.48296e-05 1.03175 0.111954 -0.0726121 -0.803118 -0.032957 0.662627 0.0434129 -0.216624 0.195844 -0.729887 -0.0757049 0.0024738 0.00307159 0 -0.216624 -0.0757049 0.00307159 0.586619 0.272003 8.03724 960.368
1780 -62.9863 0.14979 1085.85 -0.0946888 -0.00111166 -0.0478126 0 0 -1.54007e-05 1.00602 0.113334 -0.0709585 -0.806813 -0.0327158 0.653417 0.0388307 -0.234801 0.180917 -0.733262 -0.075961 0.00240961 0.00307045 0 -0.234801 -0.075961 0.00307045 0.758998 0.300498 8.03724 964.571
1781 -63.6628 0.148426 1087.7 -0.0965613 -0.0010966 -0.0482375 0 0 -1.59929e-05 0.978366 0.114686 -0.0692044 -0.810789 -0.0321457 0.643773 0.0346453 -0.225846 0.166714 -0.736821 -0.0763101 0.00234194 0.00304272 0 -0.225846 -0.0763101 0.00304272 0.6478 0.296644 8.03724 968.556
1782 -64.2438 0.147114 1089.52 -0.0982268 -0.00109313 -0.0491265 0 0 -1.64601e-05 0.954293 0.115755 -0.0672777 -0.814181 -0.0318099 0.635546 0.0310108 -0.232582 0.154091 -0.739877 -0.0765869 0.00228381 0.00301843 0 -0.232582 -0.0765869 0.00301843 0.725683 0.299487 8.03724 972.531
1783 -64.6915 0.145876 1091.32 -0.0995921 -0.00110186 -0.0504533 0 -0.295769 -1.67664e-05 0.935321 0.116518 -0.0652452 -0.816771 -0.0317706 0.629222 0.0279076 -0.242452 0.143117 -0.742241 -0.0767695 0.00223887 0.00302475 -0.295769 -0.242452 -0.0767695 0.00302475 0.861151 0.343321 8.03724 976.416
1784 -65.1819 0.144683 1093.1 -0.101078 -0.0011088 -0.0518656 0 0 -1.71036e-05 0.914315 0.117281 -0.06332 -0.819653 -0.0318021 0.622375 0.0250688 -0.235654 0.132575 -0.744813 -0.0770299 0.00218996 0.00300511 0 -0.235654 -0.0770299 0.00300511 0.713048 0.304417 8.03724 980.164
1785 -65.6711 0.143488 1094.86 -0.10259 -0.00110533 -0.0530736 0 0 -1.74277e-05 0.893096 0.11797 -0.0613828 -0.822596 -0.0315142 0.615562 0.0225147 -0.23492 0.122708 -0.747386 -0.0773509 0.00214102 0.00291907 0 -0.23492 -0.0773509 0.00291907 0.650308 0.272915 8.03724 983.978
1786 -66.0296 0.142345 1096.59 -0.103802 -0.00111728 -0.0547807 0 0 -1.76e-05 0.877127 0.118425 -0.0593886 -0.824672 -0.0315209 0.610593 0.0203467 -0.236098 0.114192 -0.749273 -0.0775045 0.00210514 0.00291898 0 -0.236098 -0.0775045 0.00291898 0.65034 0.307344 8.03724 987.672
1787 -66.2435 0.141298 1098.31 -0.104672 -0.00115244 -0.0571996 0 -0.302804 -1.76139e-05 0.866803 0.118678 -0.0575273 -0.825901 -0.0322362 0.607617 0.0185266 -0.247964 0.10694 -0.750406 -0.0775784 0.00208358 0.00290804 -0.302804 -0.247964 -0.0775784 0.00290804 0.957305 0.336744 8.03724 991.258
1788 -66.4509 0.140344 1100.01 -0.105529 -0.00119083 -0.059757 0 0 -1.76137e-05 0.856607 0.118904 -0.0559157 -0.826943 -0.033105 0.60478 0.0168946 -0.271187 0.100166 -0.75149 -0.0775162 0.00206298 0.00304921 0 -0.271187 -0.0775162 0.00304921 0.981294 0.352238 8.03724 994.5
1789 -66.7533 0.13948 1101.65 -0.106645 -0.00120177 -0.0615239 0 0 -1.77077e-05 0.842315 0.119208 -0.0544554 -0.82845 -0.0332314 0.600625 0.0153477 -0.300103 0.0933682 -0.753082 -0.0774008 0.00203271 0.00325723 0 -0.300103 -0.0774008 0.00325723 1.03715 0.385162 8.03724 997.21
1790 -67.0277 0.138629 1103.24 -0.107708 -0.00121501 -0.0633894 0 0 -1.77663e-05 0.829149 0.119454 -0.0530362 -0.830015 -0.0333835 0.59687 0.0139741 -0.297813 0.0871459 -0.754525 -0.0774948 0.00200525 0.0032773 0 -0.297813 -0.0774948 0.0032773 1.04055 0.39112 8.03724 1000.01
1791 -67.2839 0.137791 1104.78 -0.108741 -0.00122869 -0.0652902 0 0 -1.78005e-05 0.816697 0.119658 -0.0516786 -0.831704 -0.0335627 0.593378 0.0127483 -0.269386 0.0814183 -0.755873 -0.0778116 0.00197963 0.00313853 0 -0.269386 -0.0778116 0.00313853 0.710648 0.313076 8.03724 1003.04
1792 -67.5437 0.136879 1106.31 -0.1098 -0.00123817 -0.0670725 0 0 -1.78328e-05 0.804066 0.119838 -0.0503832 -0.833393 -0.0336497 0.589847 0.011641 -0.253241 0.0760679 -0.757239 -0.0781074 0.00195365 0.00295741 0 -0.253241 -0.0781074 0.00295741 0.80457 0.326976 8.03724 1006.19
1793 -67.736 0.13602 1107.81 -0.110702 -0.00125833 -0.0692095 0 0 -1.77943e-05 0.794168 0.119954 -0.049135 -0.83465 -0.0339756 0.58724 0.0106805 -0.243192 0.0713403 -0.758251 -0.0783338 0.00193441 0.00285594 0 -0.243192 -0.0783338 0.00285594 0.753707 0.307046 8.03724 1009.31
1794 -67.941 0.135179 1109.3 -0.111651 -0.00127249 -0.0711529 0 0 -1.77646e-05 0.783709 0.12006 -0.0479812 -0.835823 -0.0341753 0.584468 0.00980708 -0.255864 0.0668972 -0.759329 -0.0784081 0.0019139 0.00285853 0 -0.255864 -0.0784081 0.00285853 0.840029 0.329331 8.03724 1012.24
1795 -68.1282 0.134408 1110.75 -0.112567 -0.00128752 -0.0731259 0 0 -1.77147e-05 0.773946 0.120142 -0.046896 -0.836768 -0.0343985 0.58194 0.00902732 -0.278361 0.0628292 -0.760315 -0.0783485 0.00189515 0.00296766 0 -0.278361 -0.0783485 0.00296766 1.02306 0.372876 8.03724 1014.88
1796 -68.2637 0.133716 1112.17 -0.11336 -0.00131139 -0.0753972 0 0 -1.76136e-05 0.766257 0.120191 -0.0458907 -0.837471 -0.0348329 0.580115 0.00834691 -0.288604 0.0592192 -0.761028 -0.0783247 0.00188159 0.00305343 0 -0.288604 -0.0783247 0.00305343 0.974835 0.366306 8.03724 1017.36
1797 -68.389 0.133055 1113.56 -0.114137 -0.0013351 -0.0776582 0 0 -1.75017e-05 0.758944 0.12023 -0.0449826 -0.838032 -0.0352685 0.578431 0.00773657 -0.309576 0.0559023 -0.761688 -0.0782133 0.00186904 0.00316308 0 -0.309576 -0.0782133 0.00316308 1.28568 0.429862 8.03724 1019.62
1798 -68.487 0.132455 1114.89 -0.11485 -0.00136318 -0.0800644 0 0 -1.73642e-05 0.752698 0.120255 -0.0441716 -0.838579 -0.0358182 0.577115 0.00719602 -0.306832 0.0529095 -0.762204 -0.0782345 0.00185923 0.00321165 0 -0.306832 -0.0782345 0.00321165 1.07692 0.395368 8.03724 1021.83
1799 -68.5664 0.13187 1116.19 -0.11552 -0.00139364 -0.0825436 0 0 -1.72098e-05 0.747169 0.120273 -0.0434599 -0.838969 -0.0364279 0.576051 0.00671454 -0.309704 0.0501929 -0.762621 -0.0781992 0.00185129 0.00324649 0 -0.309704 -0.0781992 0.00324649 1.2286 0.434314 8.03724 1023.87
1800 -68.6162 0.131374 1117.43 -0.116117 -0.00142873 -0.0851726 0 0 -1.70301e-05 0.742784 0.120282 -0.04284 -0.839061 -0.0371308 0.575381 0.00628964 -0.345997 0.0477609 -0.762885 -0.0780228 0.00184628 0.00339734 0 -0.345997 -0.0780228 0.00339734 1.40639 0.479009 8.03724 1025.54
1801 -68.6444 0.130902 1118.61 -0.116659 -0.00146852 -0.0879544 0 0 -1.68328e-05 0.739235 0.120287 -0.0423289 -0.839265 -0.0379698 0.575004 0.00591318 -0.337764 0.0455748 -0.763033 -0.0780758 0.00184347 0.00337682 0 -0.337764 -0.0780758 0.00337682 1.25902 0.454242 8.03724 1027.24
1802 -68.5691 0.130456 1119.76 -0.116926 -0.0015327 -0.0915908 0 0 -1.65483e-05 0.739761 0.120273 -0.041903 -0.838874 -0.0392351 0.576012 0.00560519 -0.332657 0.0438117 -0.762637 -0.0780882 0.001851 0.00335045 0 -0.332657 -0.0780882 0.00335045 1.24371 0.4542 8.03724 1029.11
1803 -68.6025 0.129969 1120.89 -0.117477 -0.00157005 -0.0942255 0 0 -1.63616e-05 0.735875 0.12028 -0.0416752 -0.839273 -0.0401916 0.575565 0.0052969 -0.311423 0.0419524 -0.762813 -0.0783077 0.00184766 0.00318598 0 -0.311423 -0.0783077 0.00318598 1.16217 0.412151 8.03724 1031.13
1804 -68.6373 0.129477 1122 -0.118034 -0.00160481 -0.0967456 0 0 -1.6178e-05 0.731953 0.120286 -0.0414709 -0.839555 -0.0409089 0.575099 0.00501789 -0.305496 0.0402439 -0.762996 -0.0784039 0.00184417 0.00312915 0 -0.305496 -0.0784039 0.00312915 1.21609 0.4154 8.03724 1033.12
1805 -68.5364 0.128952 1123.1 -0.118229 -0.00167007 -0.100325 0 -0.31299 -1.5885e-05 0.733318 0.120267 -0.0412872 -0.839119 -0.0422328 0.576429 0.00480145 -0.290861 0.0389666 -0.762473 -0.0785005 0.00185412 0.00302994 -0.31299 -0.290861 -0.0785005 0.00302994 1.07663 0.370309 8.03724 1035.42
1806 -68.4708 0.128467 1124.18 -0.118501 -0.00173738 -0.103961 0 0 -1.56244e-05 0.7333 0.120251 -0.0412983 -0.838636 -0.0438059 0.577328 0.00460076 -0.306577 0.0377527 -0.76212 -0.0783768 0.00186082 0.00307675 0 -0.306577 -0.0783768 0.00307675 1.22502 0.434078 8.03724 1037.27
1807 -68.4895 0.128011 1125.24 -0.119003 -0.00177373 -0.106435 0 0 -1.54374e-05 0.729934 0.120256 -0.0413332 -0.838721 -0.0445519 0.577077 0.00439949 -0.315736 0.0364818 -0.762219 -0.0783613 0.00185895 0.00308981 0 -0.315736 -0.0783613 0.00308981 1.41686 0.470386 8.03724 1038.88
1808 -68.4358 0.127769 1126.22 -0.119308 -0.00182939 -0.109577 0 0 -1.51952e-05 0.729406 0.120243 -0.0413437 -0.837818 -0.0456424 0.577791 0.00423444 -0.392161 0.0354637 -0.761939 -0.0777441 0.00186427 0.00354546 0 -0.392161 -0.0777441 0.00354546 2.05187 0.651637 8.03724 1039.18
1809 -68.3143 0.127751 1127.1 -0.119422 -0.00190704 -0.113465 0 0 -1.49038e-05 0.731469 0.120208 -0.0414265 -0.83668 -0.0472937 0.579418 0.00410243 -0.442007 0.0346799 -0.761301 -0.0772554 0.00187639 0.00391491 0 -0.442007 -0.0772554 0.00391491 2.21073 0.726468 8.03724 1039.01
1810 -68.1661 0.127809 1127.87 -0.119451 -0.00199504 -0.117655 0 0 -1.45974e-05 0.734494 0.120157 -0.0416187 -0.835579 -0.0491798 0.581408 0.00399224 -0.479014 0.0340433 -0.760523 -0.0769479 0.0018912 0.00406589 0 -0.479014 -0.0769479 0.00406589 2.37135 0.764738 8.03724 1038.74
1811 -67.9865 0.127937 1128.53 -0.119381 -0.00209619 -0.122225 0 0 -1.42733e-05 0.738644 0.120082 -0.041924 -0.834267 -0.0513595 0.583827 0.00390338 -0.503678 0.0335561 -0.759579 -0.076597 0.00190915 0.00429838 0 -0.503678 -0.076597 0.00429838 2.43636 0.795792 8.03724 1038.17
1812 -67.7883 0.1281 1129.1 -0.119246 -0.00220696 -0.127031 0 0 -1.39423e-05 0.743413 0.119984 -0.0423444 -0.832857 -0.0537562 0.586501 0.00383192 -0.535445 0.0331897 -0.758538 -0.0762485 0.00192895 0.00447245 0 -0.535445 -0.0762485 0.00447245 2.88064 0.877402 8.03724 1037.36
1813 -67.5426 0.128424 1129.54 -0.118964 -0.00233873 -0.132429 0 0 -1.35832e-05 0.749905 0.119839 -0.0428704 -0.831027 -0.0565683 0.589826 0.00378265 -0.580049 0.0329903 -0.757247 -0.0757334 0.0019535 0.00476956 0 -0.580049 -0.0757334 0.00476956 3.11349 0.969139 8.03724 1035.91
1814 -67.2583 0.128846 1129.85 -0.118557 -0.00249146 -0.13837 0 0 -1.32039e-05 0.757744 0.119641 -0.0435221 -0.828881 -0.059843 0.593686 0.00375311 -0.637916 0.0329405 -0.755753 -0.0751096 0.0019819 0.00514083 0 -0.637916 -0.0751096 0.00514083 3.63949 1.11661 8.03724 1033.9
1815 -66.9196 0.129493 1130 -0.117978 -0.00267485 -0.145109 0 0 -1.2794e-05 0.767503 0.119364 -0.0443073 -0.826448 -0.0637622 0.598303 0.00374592 -0.699998 0.0330665 -0.753974 -0.0744897 0.00201574 0.00551002 0 -0.699998 -0.0744897 0.00551002 4.2184 1.26209 8.03724 1031.14
1816 -66.4996 0.130336 1129.97 -0.117153 -0.00289911 -0.152847 0 -0.30403 -1.23367e-05 0.780098 0.118961 -0.0452335 -0.823483 -0.0685335 0.604035 0.00376574 -0.774375 0.0334125 -0.751775 -0.0737658 0.00205756 0.00591382 -0.30403 -0.774375 -0.0737658 0.00591382 4.78489 1.37785 8.03724 1027.65
1817 -65.9922 0.13133 1129.75 -0.11605 -0.00318958 -0.162238 0 -0.301724 -1.18274e-05 0.795791 0.118387 -0.0463541 -0.820054 -0.0747306 0.611026 0.00381541 -0.829446 0.0340053 -0.749108 -0.0730542 0.00210827 0.00631217 -0.301724 -0.829446 -0.0730542 0.00631217 5.13869 1.49859 8.03724 1023.56
1818 -65.4181 0.132507 1129.34 -0.114725 -0.0035578 -0.173403 0 0 -1.12831e-05 0.813715 0.11763 -0.0477069 -0.816347 -0.0826014 0.61901 0.00389263 -0.867106 0.0348256 -0.746082 -0.0724313 0.00216582 0.00661817 0 -0.867106 -0.0724313 0.00661817 4.96781 1.52993 8.03724 1018.82
1819 -64.8704 0.133719 1128.74 -0.113453 -0.00392868 -0.183974 0 -0.297164 -1.0773e-05 0.830265 0.116814 -0.0492224 -0.812628 -0.0904409 0.626634 0.00397867 -0.936155 0.0357094 -0.743211 -0.0716373 0.00222042 0.00703278 -0.297164 -0.936155 -0.0716373 0.00703278 5.85957 1.72543 8.03724 1013.36
1820 -64.1511 0.135236 1127.91 -0.111658 -0.00446014 -0.198053 0 0 -1.01557e-05 0.85293 0.115602 -0.0508598 -0.807833 -0.101514 0.636767 0.00411375 -1.02762 0.0370156 -0.739423 -0.0707032 0.00229246 0.00745275 0 -1.02762 -0.0707032 0.00745275 6.60797 1.93477 8.03724 1006.85
1821 -63.3933 0.137041 1126.84 -0.109726 -0.00508147 -0.213316 0 0 -9.52855e-06 0.876517 0.114175 -0.0526526 -0.80267 -0.114322 0.647507 0.00427501 -1.12957 0.0385397 -0.73544 -0.0695979 0.00236819 0.00802838 0 -1.12957 -0.0695979 0.00802838 7.42621 2.14157 8.03724 999.136
1822 -62.5833 0.139156 1125.47 -0.107613 -0.00583224 -0.230414 0 0 -8.88141e-06 0.901551 0.112494 -0.0545482 -0.797207 -0.129548 0.659084 0.00446769 -1.22249 0.0403277 -0.731183 -0.0684738 0.00244915 0.00863651 0 -1.22249 -0.0684738 0.00863651 7.92244 2.39649 8.03724 989.989
1823 -61.6892 0.141433 1123.8 -0.105232 -0.00678379 -0.25047 0 0 -8.1936e-06 0.929098 0.110474 -0.0564946 -0.791449 -0.148439 0.671974 0.00470132 -1.30164 0.0424638 -0.726483 -0.0675042 0.00253852 0.00904157 0 -1.30164 -0.0675042 0.00904157 8.70303 2.58152 8.03724 980.408
1824 -60.7428 0.143987 1121.81 -0.102672 -0.00794894 -0.273118 0 0 -7.48703e-06 0.957926 0.108172 -0.0584504 -0.78535 -0.170904 0.685743 0.00497363 -1.38605 0.0449252 -0.721509 -0.0664742 0.00263312 0.00944806 0 -1.38605 -0.0664742 0.00944806 9.48229 2.84448 8.03724 969.711
1825 -59.7256 0.146888 1119.49 -0.099887 -0.00943794 -0.299833 0 -0.274373 -6.75078e-06 0.988539 0.105542 -0.0603566 -0.778947 -0.198537 0.700657 0.00529276 -1.46161 0.0477821 -0.716169 -0.0655126 0.00273466 0.00985119 -0.274373 -1.46161 -0.0655126 0.00985119 9.93692 2.95368 8.03724 958.261
1826 -58.5668 0.150056 1116.85 -0.0966657 -0.0114861 -0.333532 0 0 -5.93665e-06 1.0234 0.102372 -0.0621259 -0.771638 -0.234767 0.717854 0.0056816 -1.54396 0.0512346 -0.710071 -0.0644178 0.00285064 0.0102896 0 -1.54396 -0.0644178 0.0102896 10.3718 3.0988 8.03724 946.366
1827 -57.3439 0.153232 1113.91 -0.0932454 -0.0141296 -0.373031 0 -0.263559 -5.09934e-06 1.05942 0.098885 -0.0637388 -0.763958 -0.278486 0.736139 0.00613026 -1.61184 0.0551886 -0.703649 -0.0632819 0.00297276 0.0107829 -0.263559 -1.61184 -0.0632819 0.0107829 11.3103 3.29506 8.03724 934.149
1828 -56.054 0.156707 1110.65 -0.0896051 -0.0178277 -0.422879 0 0 -4.23349e-06 1.09662 0.095079 -0.0651499 -0.756009 -0.334667 0.755651 0.00665022 -1.63897 0.0597393 -0.696861 -0.0622498 0.00310184 0.0111843 0 -1.63897 -0.0622498 0.0111843 11.4772 3.49662 8.03724 920.869
1829 -54.7246 0.160111 1107.11 -0.0858377 -0.0227375 -0.481328 0 0 -3.35861e-06 1.13383 0.0910763 -0.0663185 -0.748188 -0.401854 0.775924 0.00724086 -1.62289 0.0648747 -0.689871 -0.0615516 0.00323476 0.011361 0 -1.62289 -0.0615516 0.011361 11.4549 3.4934 8.03724 908.308
1830 -53.2446 0.163446 1103.33 -0.0816299 -0.0298879 -0.554809 0 0 -2.40343e-06 1.17462 0.0865725 -0.0671174 -0.739332 -0.490278 0.798681 0.00793856 -1.65545 0.0709108 -0.682092 -0.0606223 0.00338269 0.0116609 0 -1.65545 -0.0606223 0.0116609 11.3741 3.39144 8.03724 896.115
1831 -51.6207 0.166694 1099.34 -0.0770029 -0.0403821 -0.644567 0 0 -1.37228e-06 1.21825 0.0816284 -0.0675325 -0.729512 -0.606013 0.823856 0.00875784 -1.69312 0.0779649 -0.673557 -0.0594999 0.003545 0.0119973 0 -1.69312 -0.0594999 0.0119973 11.5885 3.52913 8.03724 883.977
1832 -49.7808 0.169928 1095.16 -0.0717599 -0.0565903 -0.753931 0 -0.230805 -2.20746e-07 1.26635 0.0760938 -0.067483 -0.718564 -0.766566 0.852581 0.009737 -1.70568 0.0863625 -0.663893 -0.0583996 0.00372878 0.0123006 -0.230805 -1.70568 -0.0583996 0.0123006 11.7307 3.61984 8.03724 872.178
1833 -47.5671 0.173395 1090.81 -0.065454 -0.0838159 -0.885846 0 -0.221515 1.15033e-06 1.32278 0.0696068 -0.0668045 -0.705246 -1.01158 0.887394 0.0109511 -1.74964 0.0967487 -0.652261 -0.0569344 0.00394998 0.0127603 -0.221515 -1.74964 -0.0569344 0.0127603 12.2236 3.75412 8.03724 860.175
1834 -44.8804 0.177049 1086.32 -0.0578128 -0.129871 -1.01793 0 0 2.80241e-06 1.38842 0.0620996 -0.0653824 -0.688886 -1.40007 0.929877 0.0124725 -1.84297 0.109734 -0.638141 -0.0549636 0.00421851 0.0134997 0 -1.84297 -0.0549636 0.0134997 12.4423 3.82819 8.03724 848.407
1835 -41.7501 0.180968 1081.7 -0.0489336 -0.197758 -1.07261 0 0 4.7186e-06 1.45891 0.0539842 -0.0632382 -0.669832 -2.01769 0.979444 0.0143429 -1.94859 0.125653 -0.621698 -0.0526655 0.0045312 0.0142694 0 -1.94859 -0.0526655 0.0142694 13.1694 4.07803 8.03724 836.274
1836 -37.7912 0.185387 1076.96 -0.0377418 -0.271443 -0.91516 0 0 7.14301e-06 1.53971 0.0448022 -0.0599599 -0.645734 -3.13972 1.04187 0.016768 -2.08524 0.146255 -0.600906 -0.049755 0.00492659 0.0151065 0 -2.08524 -0.049755 0.0151065 14.6042 4.49075 8.03724 823.524
1837 -32.4069 0.190966 1072.11 -0.0225897 -0.248776 -0.484166 0 -0.480385 1.04565e-05 1.63548 0.0343011 -0.054885 -0.612592 -5.25219 1.12537 0.0201672 -2.3483 0.17507 -0.572649 -0.0454073 0.00546395 0.0160338 -0.480385 -2.3483 -0.0454073 0.0160338 16.7812 5.25594 8.03724 809.785
1838 -24.4093 0.199494 1067.14 -0.00017961 -0.112705 -0.140169 0 -0.779854 1.54411e-05 1.74531 0.0225549 -0.0466552 -0.563954 -8.93558 1.24408 0.0259908 -2.55858 0.224177 -0.530682 -0.0395339 0.00626203 0.0166003 -0.779854 -2.55858 -0.0395339 0.0166003 21.3387 6.99224 8.03724 792.967
1839 -12.7462 0.211909 1062.13 0.0323812 -0.0280052 -0.0306811 0 -2.46554 2.29352e-05 1.81049 0.0118131 -0.033932 -0.49563 -10.6159 1.40004 0.0411044 -2.34618 0.349588 -0.469417 -0.0336398 0.00742709 0.0167213 -2.46554 -2.34618 -0.0336398 0.0167213 23.6481 8.03773 8.03724 776.066
1840 -1.16323 0.225369 1057.32 0.0645178 -0.00719067 -0.0077243 0 -5.1719 3.10751e-05 1.67072 0.00603133 -0.0208156 -0.429345 -6.02385 1.5296 0.0878268 -1.8937 0.720702 -0.408431 -0.0295003 0.00858684 0.016669 -5.1719 -1.8937 -0.0295003 0.016669 22.0508 7.39516 8.03724 762.199
1841 6.16691 0.236148 1052.79 0.0844277 -0.00297117 -0.00306173 0 -5.78011 3.76563e-05 1.37868 0.00389618 -0.0123922 -0.388554 -1.9036 1.5977 0.183872 -1.4499 1.41949 -0.369765 -0.0281119 0.00932215 0.0164566 -5.78011 -1.4499 -0.0281119 0.0164566 17.8479 5.92446 8.03724 752.432
1842 9.85186 0.243395 1048.58 0.0938397 -0.0017658 -0.00175058 0 -6.76766 4.2993e-05 1.11956 0.00312047 -0.00815696 -0.368743 -0.419495 1.62792 0.312254 -1.14981 2.23673 -0.350346 -0.0280879 0.00969142 0.0161391 -6.76766 -1.14981 -0.0280879 0.0161391 15.0233 4.86564 8.03724 746.425
1843 11.186 0.248007 1044.73 0.0966036 -0.00123636 -0.00120433 0 -4.67236 4.75749e-05 0.948609 0.00287589 -0.00660083 -0.362642 -0.075506 1.63834 0.448881 -0.894031 2.96556 -0.343241 -0.0292271 0.00982654 0.015656 -4.67236 -0.894031 -0.0292271 0.015656 11.6518 3.83769 8.03724 743.749
1844 10.8776 0.250046 1041.3 0.0948259 -0.000931774 -0.000913861 0 -5.15537 5.11737e-05 0.863369 0.00292977 -0.00693054 -0.365803 -0.013656 1.636 0.570408 -0.72512 3.47273 -0.344856 -0.0307437 0.00979584 0.0151598 -5.15537 -0.72512 -0.0307437 0.0151598 9.60459 3.13892 8.03724 743.964
1845 9.50747 0.25069 1038.32 0.090305 -0.000727955 -0.000731772 0 -4.00292 5.36721e-05 0.840181 0.00318093 -0.00845057 -0.374552 -0.00286857 1.62542 0.665404 -0.643578 3.74097 -0.352019 -0.0321926 0.00965961 0.0147409 -4.00292 -0.643578 -0.0321926 0.0147409 8.40488 2.78065 8.03724 745.483
1846 7.27974 0.250181 1035.77 0.0836556 -0.000583228 -0.000611029 0 -3.73977 5.48399e-05 0.85905 0.00363671 -0.0109358 -0.38859 -0.000833019 1.60738 0.727937 -0.546399 3.79614 -0.363722 -0.0343053 0.00943707 0.0141257 -3.73977 -0.546399 -0.0343053 0.0141257 6.75399 2.28699 8.03724 748.404
1847 4.81732 0.248654 1033.67 0.0765699 -0.000470536 -0.000521878 0 -3.74885 5.51229e-05 0.908771 0.00421463 -0.0136766 -0.403645 -0.000433247 1.58632 0.762026 -0.493557 3.70957 -0.376671 -0.0361654 0.00919082 0.0135591 -3.74885 -0.493557 -0.0361654 0.0135591 6.40793 2.13205 8.03724 752.371
1848 2.16418 0.246813 1031.98 0.0691559 -0.000381761 -0.000460604 0 -3.41252 5.46244e-05 0.973004 0.00493594 -0.0166197 -0.419693 -0.000429126 1.56231 0.772776 -0.46065 3.53653 -0.390616 -0.0380018 0.00892562 0.0130815 -3.41252 -0.46065 -0.0380018 0.0130815 5.44761 1.85717 8.03724 756.597
1849 0.0411514 0.244891 1030.67 0.0632525 -0.000305433 -0.000414461 0 -3.08996 5.42254e-05 1.04537 0.00559731 -0.0189603 -0.432205 -0.000564699 1.54209 0.772478 -0.470669 3.34588 -0.401776 -0.0391418 0.00871339 0.0128302 -3.08996 -0.470669 -0.0391418 0.0128302 5.20317 1.83497 8.03724 761.045
1850 -1.94431 0.242805 1029.73 0.0577954 -0.00024358 -0.000392453 0 -3.3725 5.36264e-05 1.11608 0.00629325 -0.0211446 -0.444047 -0.000794055 1.52233 0.762701 -0.461051 3.14577 -0.412229 -0.0403325 0.00851462 0.0125639 -3.3725 -0.461051 -0.0403325 0.0125639 5.1812 1.77217 8.03724 765.774
1851 -3.90622 0.240587 1029.11 0.0524834 -0.000194234 -0.000399537 0 -3.44016 5.27612e-05 1.18368 0.00706139 -0.0232972 -0.455741 -0.00112593 1.50202 0.745468 -0.460614 2.94492 -0.422552 -0.0415067 0.0083183 0.0122087 -3.44016 -0.460614 -0.0415067 0.0122087 5.02618 1.72952 8.03724 770.555
1852 -5.75263 0.238366 1028.78 0.0475221 -0.000154509 -0.000438245 0 -4.61846 5.17725e-05 1.2488 0.00786794 -0.0253243 -0.466731 -0.00157833 1.48213 0.723896 -0.461503 2.75388 -0.432298 -0.0425664 0.00813298 0.0119443 -4.61846 -0.461503 -0.0425664 0.0119443 5.29867 1.68645 8.03724 775.334
1853 -7.48062 0.236141 1028.73 0.0429478 -0.000122567 -0.000506003 0 -3.53388 5.07369e-05 1.30798 0.00869598 -0.0272048 -0.476973 -0.00214679 1.46301 0.700316 -0.45981 2.57722 -0.44136 -0.0435732 0.00796064 0.0116961 -3.53388 -0.45981 -0.0435732 0.0116961 4.81972 1.60059 8.03724 780.219
1854 -8.6926 0.234033 1028.92 0.0397058 -9.59402e-05 -0.000591475 0 -4.06788 5.01578e-05 1.36689 0.00932887 -0.0285199 -0.484045 -0.00281137 1.44917 0.679299 -0.466563 2.42772 -0.447751 -0.0441328 0.0078391 0.0116089 -4.06788 -0.466563 -0.0441328 0.0116089 5.15805 1.69443 8.03724 785.004
1855 -10.2574 0.231766 1029.33 0.0356256 -7.60109e-05 -0.000719467 0 -3.21592 4.90236e-05 1.41213 0.0102058 -0.0302184 -0.49369 -0.00361648 1.43095 0.654361 -0.414083 2.2784 -0.455961 -0.0454119 0.00768298 0.0111693 -3.21592 -0.414083 -0.0454119 0.0111693 4.02945 1.47569 8.03724 790.094
1856 -12.5235 0.228859 1029.97 0.0298119 -6.18487e-05 -0.000974595 0 -3.28211 4.6845e-05 1.44913 0.0116185 -0.0326997 -0.507714 -0.00478802 1.40363 0.622671 -0.354141 2.12062 -0.467882 -0.0472875 0.00745627 0.0103759 -3.28211 -0.354141 -0.0472875 0.0103759 3.78211 1.21241 8.03724 795.623
1857 -14.2893 0.226059 1030.81 0.0252974 -5.03584e-05 -0.0013357 0 -3.18805 4.51487e-05 1.49773 0.0128438 -0.0346269 -0.518126 -0.00633791 1.38166 0.595015 -0.36823 1.98971 -0.47717 -0.0482361 0.00727966 0.0100775 -3.18805 -0.36823 -0.0482361 0.0100775 3.8199 1.21294 8.03724 801.155
1858 -16.0941 0.223362 1031.8 0.0207247 -4.24841e-05 -0.00185557 0 -2.65475 4.32813e-05 1.54383 0.0142181 -0.0365962 -0.52868 -0.00833103 1.35861 0.567451 -0.383149 1.86916 -0.48665 -0.0491289 0.00709937 0.00984945 -2.65475 -0.383149 -0.0491289 0.00984945 3.86128 1.28574 8.03724 806.4
1859 -17.2498 0.221182 1032.94 0.0177914 -3.65882e-05 -0.00235238 0 -2.53939 4.21695e-05 1.5904 0.0151693 -0.0378506 -0.535418 -0.0105089 1.34353 0.545797 -0.387127 1.77464 -0.492727 -0.0496748 0.00698381 0.00983512 -2.53939 -0.387127 -0.0496748 0.00983512 3.42924 1.23629 8.03724 811.529
1860 -18.9723 0.218543 1034.22 0.013465 -3.54303e-05 -0.00314274 0 -2.89403 4.02319e-05 1.62076 0.0166988 -0.0397356 -0.54584 -0.0130679 1.32056 0.520497 -0.364961 1.67402 -0.501797 -0.0508541 0.00681132 0.00937903 -2.89403 -0.364961 -0.0508541 0.00937903 3.52258 1.17524 8.03724 817.008
1861 -20.6017 0.215887 1035.64 0.0093988 -3.90032e-05 -0.00418584 0 -2.80611 3.8343e-05 1.64954 0.0182726 -0.0415169 -0.555516 -0.0159934 1.29839 0.496879 -0.364554 1.58366 -0.510367 -0.0517977 0.00664836 0.00911184 -2.80611 -0.364554 -0.0517977 0.00911184 3.29511 1.11978 8.03724 822.447
1862 -22.2622 0.213299 1037.16 0.0052823 -4.95588e-05 -0.00558502 0 -2.33035 3.63474e-05 1.67433 0.0200121 -0.0433318 -0.565363 -0.0192862 1.27536 0.474005 -0.358956 1.4996 -0.519089 -0.0527562 0.00648248 0.00886036 -2.33035 -0.358956 -0.0527562 0.00886036 2.97497 1.02181 8.03724 827.844
1863 -24.2242 0.210591 1038.77 0.000450595 -7.20797e-05 -0.00757669 0 -1.29751 3.38898e-05 1.6887 0.0222561 -0.0454778 -0.577155 -0.0228854 1.24763 0.449935 -0.33155 1.41502 -0.529382 -0.0540596 0.00628674 0.00844659 -1.29751 -0.33155 -0.0540596 0.00844659 2.28796 0.855394 8.03724 833.279
1864 -25.9555 0.207961 1040.46 -0.00381945 -0.000117112 -0.0104789 0 -2.44554 3.16693e-05 1.70874 0.024434 -0.0473826 -0.587375 -0.0265285 1.22253 0.428369 -0.340803 1.34111 -0.53852 -0.0549685 0.00611298 0.00815532 -2.44554 -0.340803 -0.0549685 0.00815532 2.83164 0.949744 8.03724 838.637
1865 -27.2359 0.205634 1042.22 -0.00694601 -0.000170769 -0.0133628 0 -1.96674 3.00314e-05 1.73054 0.0261547 -0.048782 -0.594785 -0.030506 1.20379 0.41074 -0.357792 1.28119 -0.545243 -0.0555268 0.00598512 0.00811265 -1.96674 -0.357792 -0.0555268 0.00811265 2.62738 0.947679 8.03724 843.908
1866 -29.3219 0.203018 1044.04 -0.0120355 -0.000269143 -0.0179423 0 -1.78202 2.72653e-05 1.72695 0.0291894 -0.0510722 -0.607405 -0.033706 1.17278 0.388208 -0.323219 1.20758 -0.556211 -0.0569709 0.00577655 0.0075872 -1.78202 -0.323219 -0.0569709 0.0075872 2.16238 0.812391 8.03724 849.268
1867 -31.4541 0.200316 1045.91 -0.017215 -0.000438926 -0.0247045 0 -1.24967 2.44036e-05 1.72194 0.0325964 -0.0534108 -0.620254 -0.0360274 1.14058 0.365928 -0.291041 1.13629 -0.567412 -0.0584055 0.00556354 0.00707781 -1.24967 -0.291041 -0.0584055 0.00707781 1.75247 0.686343 8.03724 854.784
1868 -33.3831 0.197563 1047.83 -0.0218923 -0.000682685 -0.0333583 0 -1.47217 2.17865e-05 1.7194 0.0359686 -0.0555282 -0.631617 -0.0377446 1.111 0.345279 -0.305251 1.07125 -0.577566 -0.0594209 0.00537044 0.00676196 -1.47217 -0.305251 -0.0594209 0.00676196 2.22735 0.768425 8.03724 860.325
1869 -35.4908 0.194984 1049.79 -0.0269802 -0.000962088 -0.0432503 0 -0.859108 1.89175e-05 1.70438 0.0399667 -0.0578348 -0.644293 -0.0391521 1.07838 0.323697 -0.275264 1.00425 -0.588637 -0.0608162 0.00515991 0.00630248 -0.859108 -0.275264 -0.0608162 0.00630248 1.57439 0.604716 8.03724 865.854
1870 -37.4922 0.192246 1051.79 -0.0318046 -0.00128877 -0.0543801 0 -0.899096 1.61785e-05 1.68783 0.0440902 -0.0600214 -0.656222 -0.0395424 1.04707 0.302742 -0.260482 0.940105 -0.599166 -0.0620158 0.00495968 0.00594902 -0.899096 -0.260482 -0.0620158 0.00594902 1.42176 0.562706 8.03724 871.528
1871 -39.4378 0.189557 1053.81 -0.0364737 -0.00158229 -0.0648403 0 -0.187748 1.35184e-05 1.66672 0.0483956 -0.0621328 -0.667727 -0.0396852 1.01649 0.282067 -0.260005 0.877633 -0.609382 -0.0631104 0.0047654 0.00565794 -0.187748 -0.260005 -0.0631104 0.00565794 1.18078 0.528239 8.03724 877.127
1872 -41.5914 0.18683 1055.86 -0.0416551 -0.00175022 -0.0728524 0 -0.787062 1.0573e-05 1.63259 0.0535282 -0.0644631 -0.680431 -0.0388101 0.982367 0.25998 -0.268652 0.811593 -0.620728 -0.0642532 0.00454965 0.00539666 -0.787062 -0.268652 -0.0642532 0.00539666 1.33682 0.505909 8.03724 882.526
1873 -43.1256 0.184449 1057.91 -0.0453193 -0.00192101 -0.0789539 0 -0.607903 8.47667e-06 1.61367 0.0573977 -0.0660866 -0.689332 -0.0389063 0.958055 0.241442 -0.276666 0.757303 -0.628794 -0.0649337 0.00439625 0.005352 -0.607903 -0.276666 -0.0649337 0.005352 1.46684 0.601532 8.03724 887.798
1874 -44.8516 0.182036 1059.97 -0.0494546 -0.00196195 -0.0818794 0 -1.26035 6.13016e-06 1.58106 0.0619712 -0.0678983 -0.699583 -0.0388698 0.930628 0.221931 -0.276433 0.700505 -0.637892 -0.0659142 0.00422325 0.00510924 -1.26035 -0.276433 -0.0659142 0.00510924 1.63453 0.542968 8.03724 893.056
1875 -46.3698 0.179775 1062.04 -0.0530705 -0.0019712 -0.082778 0 -0.648679 4.08603e-06 1.55083 0.0661489 -0.0694385 -0.708568 -0.0389677 0.906624 0.20381 -0.266988 0.648512 -0.645863 -0.0667767 0.00407166 0.00490949 -0.648679 -0.266988 -0.0667767 0.00490949 1.25866 0.521335 8.03724 898.298
1876 -48.0273 0.177458 1064.11 -0.0570311 -0.00189657 -0.0810987 0 -0.670053 1.87204e-06 1.51043 0.0708821 -0.0710855 -0.718502 -0.0386289 0.88043 0.185402 -0.248625 0.595879 -0.654582 -0.0678254 0.00390584 0.00458209 -0.670053 -0.248625 -0.0678254 0.00458209 1.23604 0.445031 8.03724 903.554
1877 -49.6658 0.17519 1066.17 -0.0609531 -0.00175278 -0.0768739 0 -0.922394 -2.95156e-07 1.46739 0.0757061 -0.0726319 -0.728088 -0.0373876 0.854622 0.167595 -0.265454 0.545432 -0.663209 -0.0686208 0.00374179 0.0044642 -0.922394 -0.265454 -0.0686208 0.0044642 1.38656 0.449297 8.03724 908.58
1878 -50.583 0.173284 1068.22 -0.0631311 -0.00174856 -0.0747473 0 -0.469111 -1.489e-06 1.44825 0.0784468 -0.0733252 -0.733209 -0.0384362 0.840279 0.153719 -0.293044 0.507584 -0.668024 -0.0688354 0.00365024 0.00460853 -0.469111 -0.293044 -0.0688354 0.00460853 1.34332 0.555997 8.03724 913.423
1879 -51.8075 0.171299 1070.26 -0.0660676 -0.00169986 -0.0717009 0 -0.959126 -3.07143e-06 1.41311 0.0821602 -0.0742905 -0.740586 -0.0390141 0.821131 0.139252 -0.270049 0.467386 -0.674478 -0.0696358 0.00352749 0.00440953 -0.959126 -0.270049 -0.0696358 0.00440953 1.23944 0.449423 8.03724 918.355
1880 -53.2088 0.16921 1072.3 -0.069422 -0.00159786 -0.0674256 0 0 -4.84907e-06 1.36875 0.0864168 -0.0753285 -0.749075 -0.038466 0.799469 0.124962 -0.237391 0.427264 -0.681824 -0.0706388 0.00338779 0.00403422 0 -0.237391 -0.0706388 0.00403422 0.723941 0.343391 8.03724 923.429
1881 -54.3025 0.167204 1074.34 -0.0720596 -0.00150968 -0.0632993 0 0 -6.21138e-06 1.3348 0.0897518 -0.0758913 -0.755495 -0.0380087 0.782612 0.11262 -0.250547 0.393228 -0.687578 -0.0711952 0.00327837 0.00394953 0 -0.250547 -0.0711952 0.00394953 0.75869 0.351732 8.03724 928.445
1882 -55.3101 0.165296 1076.37 -0.0745081 -0.00145581 -0.0601 0 -0.509583 -7.44402e-06 1.30207 0.0928138 -0.0762408 -0.761414 -0.0380101 0.767141 0.101411 -0.247014 0.362275 -0.692892 -0.0716987 0.00317732 0.00388111 -0.509583 -0.247014 -0.0716987 0.00388111 0.962124 0.366495 8.03724 933.29
1883 -56.171 0.163468 1078.39 -0.0766102 -0.00143689 -0.0579553 0 -0.517253 -8.46653e-06 1.27346 0.0953972 -0.0763274 -0.766458 -0.0385701 0.754032 0.0915007 -0.255363 0.334915 -0.697422 -0.0721272 0.00309117 0.0038183 -0.517253 -0.255363 -0.0721272 0.0038183 1.02174 0.376991 8.03724 938.07
1884 -57.0456 0.161736 1080.4 -0.078763 -0.00140124 -0.0557301 0 -0.78671 -9.48746e-06 1.2428 0.0979871 -0.0762984 -0.77153 -0.0385404 0.740775 0.0823157 -0.258654 0.309144 -0.702031 -0.0725031 0.00300353 0.00381334 -0.78671 -0.258654 -0.0725031 0.00381334 1.22198 0.426985 8.03724 942.546
1885 -57.9166 0.160021 1082.4 -0.0809127 -0.00138184 -0.0542024 0 -0.266663 -1.04777e-05 1.21119 0.100503 -0.0761377 -0.776798 -0.0387049 0.72772 0.0739089 -0.237207 0.285123 -0.706598 -0.0731161 0.00291667 0.00363157 -0.266663 -0.237207 -0.0731161 0.00363157 0.766802 0.340736 8.03724 947.154
1886 -58.8429 0.158305 1084.38 -0.083222 -0.00133296 -0.0523179 0 -0.270695 -1.15173e-05 1.1764 0.103113 -0.0758406 -0.782305 -0.0380132 0.713888 0.0660677 -0.233922 0.262162 -0.711472 -0.0736575 0.00282399 0.00348899 -0.270695 -0.233922 -0.0736575 0.00348899 0.730586 0.314945 8.03724 951.71
1887 -59.7759 0.156618 1086.35 -0.0855671 -0.00127261 -0.050469 0 0 -1.25389e-05 1.1408 0.105644 -0.0753014 -0.787871 -0.0368687 0.700087 0.0588984 -0.227037 0.240732 -0.716372 -0.0742291 0.0027308 0.00335045 0 -0.227037 -0.0742291 0.00335045 0.661182 0.308966 8.03724 956.253
1888 -60.5354 0.155019 1088.31 -0.0875229 -0.00124231 -0.0495801 0 -0.277446 -1.33309e-05 1.1116 0.107627 -0.0743872 -0.792427 -0.0362622 0.688896 0.052728 -0.227462 0.222204 -0.720376 -0.0747064 0.00265467 0.00321609 -0.277446 -0.227462 -0.0747064 0.00321609 0.867176 0.333512 8.03724 960.829
1889 -61.4004 0.153473 1090.25 -0.0897517 -0.00120567 -0.0488622 0 0 -1.42241e-05 1.07743 0.109767 -0.0733809 -0.797416 -0.035393 0.67629 0.0469387 -0.242673 0.204088 -0.724919 -0.0750652 0.00256827 0.00321212 0 -0.242673 -0.0750652 0.00321212 0.787266 0.324775 8.03724 965.04
1890 -62.1292 0.152023 1092.16 -0.0916808 -0.0011804 -0.0486416 0 0 -1.49347e-05 1.0484 0.11147 -0.0720313 -0.801649 -0.0346196 0.665733 0.0419328 -0.243927 0.188229 -0.728753 -0.0753911 0.00249535 0.00323736 0 -0.243927 -0.0753911 0.00323736 0.723002 0.317718 8.03724 969.147
1891 -62.7756 0.150623 1094.04 -0.0934422 -0.00116369 -0.0488361 0 -0.574961 -1.55321e-05 1.02215 0.112897 -0.0704684 -0.805432 -0.0340601 0.656392 0.0375355 -0.247128 0.173985 -0.732169 -0.0756931 0.00243039 0.00320105 -0.574961 -0.247128 -0.0756931 0.00320105 1.11301 0.376889 8.03724 973.146
1892 -63.3216 0.149281 1095.91 -0.0949708 -0.00117192 -0.049833 0 -0.289756 -1.59909e-05 0.999694 0.114021 -0.0687989 -0.808736 -0.0341066 0.648608 0.0337228 -0.234838 0.161356 -0.735033 -0.076078 0.00237592 0.00310459 -0.289756 -0.234838 -0.076078 0.00310459 0.796447 0.325761 8.03724 977.303
1893 -63.706 0.148037 1097.76 -0.0961308 -0.00119686 -0.0513836 0 -0.291443 -1.62522e-05 0.983521 0.114772 -0.0669797 -0.810901 -0.0343947 0.643137 0.0304921 -0.248787 0.150542 -0.737056 -0.0761825 0.00233746 0.00312632 -0.291443 -0.248787 -0.0761825 0.00312632 0.972909 0.391237 8.03724 981.269
1894 -64.2195 0.146826 1099.59 -0.0976203 -0.00120538 -0.052674 0 0 -1.66471e-05 0.961496 0.115712 -0.0653782 -0.813941 -0.0346186 0.635888 0.0274229 -0.24462 0.139577 -0.73975 -0.0764771 0.00228623 0.00309173 0 -0.24462 -0.0764771 0.00309173 0.750764 0.320565 8.03724 985.126
1895 -64.7009 0.145638 1101.39 -0.0990632 -0.00119896 -0.0536675 0 -0.295844 -1.6995e-05 0.940549 0.116533 -0.0636708 -0.816854 -0.0342048 0.62909 0.0246872 -0.236511 0.129483 -0.74229 -0.0768017 0.00223793 0.00301411 -0.295844 -0.236511 -0.0768017 0.00301411 0.876703 0.34555 8.03724 988.978
1896 -65.1039 0.144545 1103.17 -0.100326 -0.00121451 -0.0553408 0 0 -1.72407e-05 0.922736 0.117164 -0.0619755 -0.819197 -0.0344493 0.623463 0.0223093 -0.243783 0.120476 -0.744403 -0.0769919 0.00219775 0.0029865 0 -0.243783 -0.0769919 0.0029865 0.790315 0.325451 8.03724 992.744
1897 -65.5272 0.143401 1104.93 -0.101665 -0.00121449 -0.0566682 0 0 -1.74991e-05 0.903881 0.117776 -0.0602813 -0.821668 -0.0342129 0.617559 0.0201435 -0.249016 0.111927 -0.74663 -0.0771933 0.00215539 0.00298578 0 -0.249016 -0.0771933 0.00298578 0.73605 0.300641 8.03724 996.403
1898 -65.95 0.142323 1106.65 -0.103026 -0.00121006 -0.0579337 0 0 -1.77454e-05 0.884937 0.118328 -0.05859 -0.824016 -0.0339077 0.611693 0.0181931 -0.259886 0.103936 -0.748854 -0.0772749 0.0021131 0.00305541 0 -0.259886 -0.0772749 0.00305541 0.938896 0.360695 8.03724 999.66
1899 -66.2983 0.141348 1108.33 -0.104225 -0.00121596 -0.0595378 0 0 -1.79015e-05 0.869 0.118738 -0.0568734 -0.825992 -0.0337963 0.606881 0.0164964 -0.270412 0.0968204 -0.750687 -0.0773827 0.00207824 0.00309235 0 -0.270412 -0.0773827 0.00309235 1.00897 0.374593 8.03724 1002.81
1900 -66.6318 0.140468 1109.97 -0.105406 -0.00122112 -0.0611552 0 0 -1.80334e-05 0.853553 0.11909 -0.0552274 -0.827836 -0.033767 0.602292 0.0149788 -0.288484 0.0902356 -0.752442 -0.0774381 0.00204486 0.00318263 0 -0.288484 -0.0774381 0.00318263 1.0263 0.378103 8.03724 1005.69
1901 -66.912 0.139647 1111.55 -0.106473 -0.00123273 -0.0629895 0 0 -1.81018e-05 0.840226 0.119354 -0.0536355 -0.829244 -0.0338551 0.598451 0.0136479 -0.315379 0.0843115 -0.753917 -0.0773444 0.00201682 0.00332839 0 -0.315379 -0.0773444 0.00332839 1.29692 0.444421 8.03724 1008.2
1902 -67.1555 0.138893 1113.07 -0.107464 -0.00124869 -0.0649752 0 0 -1.81263e-05 0.828319 0.119559 -0.052142 -0.83061 -0.0340782 0.595125 0.0124714 -0.317868 0.0789269 -0.755198 -0.0774045 0.00199246 0.00339257 0 -0.317868 -0.0774045 0.00339257 1.22135 0.428204 8.03724 1010.63
1903 -67.374 0.138133 1114.54 -0.108407 -0.00126652 -0.0670319 0 0 -1.81204e-05 0.817355 0.119724 -0.050759 -0.831901 -0.0343579 0.592148 0.011425 -0.317213 0.0739975 -0.756348 -0.0775234 0.00197059 0.0033602 0 -0.317213 -0.0775234 0.0033602 1.20595 0.434138 8.03724 1013.12
1904 -67.5767 0.137402 1115.96 -0.109324 -0.00128463 -0.0691063 0 0 -1.80945e-05 0.806974 0.119859 -0.0494859 -0.833164 -0.0346541 0.589394 0.0104893 -0.310504 0.0694598 -0.757414 -0.0777001 0.00195031 0.00326887 0 -0.310504 -0.0777001 0.00326887 1.24367 0.439539 8.03724 1015.61
1905 -67.7594 0.136719 1117.35 -0.110202 -0.00130406 -0.0712267 0 0 -1.80453e-05 0.797363 0.119967 -0.0483127 -0.8343 -0.034982 0.586918 0.00965477 -0.306275 0.0653037 -0.758375 -0.077857 0.00193204 0.00323504 0 -0.306275 -0.077857 0.00323504 1.09169 0.398873 8.03724 1018.07
1906 -67.9257 0.136025 1118.71 -0.11105 -0.00132429 -0.0733743 0 0 -1.79772e-05 0.788382 0.120053 -0.0472364 -0.835303 -0.0353343 0.58467 0.00890891 -0.306848 0.0614919 -0.75925 -0.0779678 0.0019154 0.00320701 0 -0.306848 -0.0779678 0.00320701 1.08956 0.397067 8.03724 1020.48
1907 -68.0557 0.135387 1120.02 -0.111817 -0.00134943 -0.0756804 0 0 -1.78721e-05 0.780841 0.120112 -0.0462488 -0.835804 -0.0357882 0.582913 0.00825101 -0.343139 0.0580625 -0.759935 -0.0777706 0.00190237 0.00337903 0 -0.343139 -0.0777706 0.00337903 1.56649 0.508005 8.03724 1022.46
1908 -68.1389 0.134913 1121.27 -0.11247 -0.00138319 -0.0782691 0 0 -1.77216e-05 0.77516 0.120146 -0.0453722 -0.836104 -0.0364561 0.58179 0.00767604 -0.363749 0.0550183 -0.760374 -0.0776249 0.00189404 0.00356422 0 -0.363749 -0.0776249 0.00356422 1.49678 0.521828 8.03724 1024.03
1909 -68.1978 0.134437 1122.46 -0.113064 -0.00142089 -0.0809792 0 0 -1.7549e-05 0.770403 0.120168 -0.0446265 -0.836326 -0.0372371 0.580995 0.00716602 -0.380505 0.052266 -0.760684 -0.0775295 0.00188813 0.00364473 0 -0.380505 -0.0775295 0.00364473 1.57936 0.526523 8.03724 1025.67
1910 -68.2151 0.134053 1123.59 -0.113554 -0.00146677 -0.0839501 0 0 -1.73391e-05 0.767274 0.120175 -0.0440068 -0.83616 -0.038199 0.58076 0.00672055 -0.407126 0.0498322 -0.760776 -0.0772706 0.00188638 0.00384049 0 -0.407126 -0.0772706 0.00384049 1.86207 0.61652 8.03724 1026.75
1911 -68.1969 0.133776 1124.63 -0.11395 -0.00152033 -0.087159 0 0 -1.70996e-05 0.765507 0.120168 -0.0435234 -0.835832 -0.0393455 0.581002 0.0063307 -0.444382 0.0476779 -0.760682 -0.0770391 0.00188818 0.0040111 0 -0.444382 -0.0770391 0.0040111 2.08314 0.647049 8.03724 1027.47
1912 -68.1404 0.133614 1125.58 -0.114243 -0.00158342 -0.0906617 0 0 -1.68292e-05 0.765206 0.120147 -0.0431836 -0.835281 -0.0407184 0.58176 0.00599185 -0.462547 0.0457917 -0.760385 -0.0767892 0.00189381 0.00420192 0 -0.462547 -0.0767892 0.00420192 2.14024 0.688437 8.03724 1027.8
1913 -68.0661 0.133484 1126.45 -0.114482 -0.00165186 -0.0943056 0 0 -1.65475e-05 0.765547 0.120117 -0.0429908 -0.834834 -0.0422318 0.582762 0.00569278 -0.457256 0.0441082 -0.759994 -0.0767407 0.00190125 0.00423328 0 -0.457256 -0.0767407 0.00423328 1.9999 0.671589 8.03724 1028.29
1914 -68.0092 0.133272 1127.26 -0.114762 -0.00171626 -0.0977694 0 0 -1.62861e-05 0.765129 0.120092 -0.0429245 -0.834726 -0.0436715 0.58353 0.00541927 -0.429327 0.0425348 -0.759695 -0.0769382 0.00190695 0.00405229 0 -0.429327 -0.0769382 0.00405229 1.74989 0.595506 8.03724 1029.23
1915 -67.9625 0.132995 1128.05 -0.115064 -0.00177688 -0.101064 0 0 -1.6038e-05 0.764271 0.120071 -0.0429316 -0.834488 -0.0449922 0.584159 0.0051707 -0.431297 0.0410806 -0.75945 -0.0769499 0.00191161 0.00402043 0 -0.431297 -0.0769499 0.00402043 1.82145 0.599388 8.03724 1030.28
1916 -67.903 0.132723 1128.8 -0.115327 -0.00184133 -0.104451 0 0 -1.57831e-05 0.763908 0.120042 -0.0429914 -0.834149 -0.0463865 0.584962 0.00495093 -0.429297 0.039788 -0.759137 -0.0769299 0.00191756 0.0040305 0 -0.429297 -0.0769299 0.0040305 1.70463 0.576976 8.03724 1031.35
1917 -67.7882 0.132435 1129.52 -0.115435 -0.00192336 -0.10838 0 0 -1.54862e-05 0.765688 0.119983 -0.0431205 -0.833472 -0.0481797 0.586514 0.00476848 -0.429398 0.0387358 -0.758533 -0.076868 0.00192904 0.00403277 0 -0.429398 -0.076868 0.00403277 1.84614 0.608657 8.03724 1032.27
1918 -67.6975 0.132215 1130.2 -0.115601 -0.00199723 -0.111978 0 0 -1.52151e-05 0.766475 0.119933 -0.0433141 -0.832775 -0.0497353 0.587738 0.00460022 -0.449749 0.0377484 -0.758057 -0.0766563 0.00193809 0.00416866 0 -0.449749 -0.0766563 0.00416866 2.01671 0.669011 8.03724 1032.73
1919 -67.5643 0.131994 1130.83 -0.115644 -0.00208761 -0.116068 0 0 -1.49142e-05 0.76889 0.119852 -0.043576 -0.831972 -0.0517172 0.589544 0.00446117 -0.457139 0.0369549 -0.757356 -0.0765671 0.00195142 0.0041873 0 -0.457139 -0.0765671 0.0041873 2.12184 0.662152 8.03724 1033.34
1920 -67.4453 0.131881 1131.4 -0.11572 -0.00217141 -0.119868 0 -0.308442 -1.46323e-05 0.770637 0.119775 -0.0438953 -0.831051 -0.0535199 0.591135 0.00433522 -0.489042 0.0362312 -0.75674 -0.0762738 0.00196314 0.00436705 -0.308442 -0.489042 -0.0762738 0.00436705 2.4123 0.743342 8.03724 1033.29
1921 -67.2674 0.131924 1131.89 -0.115618 -0.00228311 -0.124511 0 0 -1.43065e-05 0.77474 0.119647 -0.0442792 -0.829602 -0.055901 0.593571 0.00423898 -0.548075 0.0357204 -0.755798 -0.0757851 0.00198106 0.00464566 0 -0.548075 -0.0757851 0.00464566 3.01518 0.912845 8.03724 1032.57
1922 -67.0413 0.132177 1132.27 -0.115376 -0.00241442 -0.129666 0 0 -1.39507e-05 0.780572 0.119468 -0.0447495 -0.827911 -0.0587085 0.596652 0.00416742 -0.579823 0.0353869 -0.754609 -0.075305 0.00200365 0.00499244 0 -0.579823 -0.075305 0.00499244 3.03059 0.939579 8.03724 1031.24
1923 -66.8166 0.1324 1132.54 -0.115122 -0.00255079 -0.134853 0 0 -1.36039e-05 0.786247 0.11927 -0.0453276 -0.8264 -0.0616521 0.599723 0.00410928 -0.598361 0.0351404 -0.753428 -0.0749977 0.00202612 0.00513086 0 -0.598361 -0.0749977 0.00513086 3.36505 1.0168 8.03724 1029.93
1924 -66.5657 0.132769 1132.71 -0.114781 -0.00270332 -0.140396 0 0 -1.32448e-05 0.792832 0.119026 -0.0459902 -0.824692 -0.064915 0.60316 0.00406933 -0.626493 0.0350255 -0.75211 -0.0746331 0.00205119 0.00532545 0 -0.626493 -0.0746331 0.00532545 3.47095 1.06464 8.03724 1028.28
1925 -66.2264 0.133181 1132.79 -0.114181 -0.00290343 -0.147182 0 0 -1.28267e-05 0.802677 0.118661 -0.0467494 -0.822541 -0.0691848 0.607827 0.00405993 -0.663572 0.0351515 -0.750326 -0.0743001 0.0020851 0.00544871 0 -0.663572 -0.0743001 0.00544871 3.50605 1.06953 8.03724 1026.77
1926 -65.9217 0.133672 1132.76 -0.113655 -0.00309779 -0.153568 0 0 -1.24445e-05 0.811051 0.118298 -0.047641 -0.820524 -0.0733488 0.612034 0.004056 -0.687383 0.0353057 -0.748725 -0.0739151 0.00211556 0.00564337 0 -0.687383 -0.0739151 0.00564337 3.806 1.1746 8.03724 1024.46
1927 -65.6004 0.134229 1132.62 -0.113065 -0.00331088 -0.160265 0 0 -1.20588e-05 0.819943 0.117881 -0.0486048 -0.818415 -0.0778551 0.616487 0.00406679 -0.723542 0.0355709 -0.747036 -0.0735272 0.00214768 0.00577537 0 -0.723542 -0.0735272 0.00577537 4.34907 1.30312 8.03724 1021.78
1928 -65.2501 0.134926 1132.34 -0.112377 -0.00355256 -0.1675 0 0 -1.16609e-05 0.829812 0.117388 -0.0496344 -0.816253 -0.0829251 0.621363 0.00409451 -0.739064 0.0359685 -0.745194 -0.0732413 0.0021827 0.00588805 0 -0.739064 -0.0732413 0.00588805 4.15492 1.2958 8.03724 1018.75
1929 -64.8821 0.135575 1131.95 -0.11162 -0.00381954 -0.175126 0 0 -1.12594e-05 0.840208 0.116829 -0.0507306 -0.8139 -0.0884908 0.626505 0.00413687 -0.767822 0.0364802 -0.74326 -0.0728601 0.00221949 0.00608689 0 -0.767822 -0.0728601 0.00608689 4.41854 1.32148 8.03724 1015.74
1930 -64.4955 0.136289 1131.45 -0.110792 -0.00411551 -0.183183 0 0 -1.0854e-05 0.851159 0.116198 -0.0518846 -0.811427 -0.0946072 0.63193 0.00419403 -0.791282 0.0371088 -0.741227 -0.0724583 0.00225814 0.00626865 0 -0.791282 -0.0724583 0.00626865 4.58849 1.39472 8.03724 1012.42
1931 -63.9512 0.137133 1130.83 -0.109506 -0.00454245 -0.194074 0 0 -1.03461e-05 0.867776 0.115238 -0.0530796 -0.807891 -0.103283 0.639608 0.00429414 -0.836224 0.0381025 -0.738366 -0.0718376 0.00231255 0.00659145 0 -0.836224 -0.0718376 0.00659145 4.84782 1.47811 8.03724 1008.59
1932 -63.3795 0.138128 1130.07 -0.108119 -0.00502779 -0.205726 0 0 -9.83124e-06 0.885097 0.114145 -0.0543894 -0.804017 -0.113065 0.647719 0.00441427 -0.917421 0.039259 -0.735362 -0.071025 0.00236968 0.00698655 0 -0.917421 -0.071025 0.00698655 5.64384 1.67413 8.03724 1004.12
1933 -62.7803 0.139361 1129.13 -0.106631 -0.00558567 -0.218327 0 0 -9.30938e-06 0.903104 0.112915 -0.0557999 -0.799811 -0.124276 0.656274 0.00455605 -1.00176 0.0405922 -0.732212 -0.0700281 0.00242957 0.00755722 0 -1.00176 -0.0700281 0.00755722 6.37897 1.88965 8.03724 998.346
1934 -61.9106 0.141009 1127.95 -0.104368 -0.00642068 -0.23579 0 -0.283542 -8.61448e-06 0.930569 0.11099 -0.0571889 -0.793967 -0.140544 0.668766 0.00476976 -1.09726 0.0425474 -0.727649 -0.0688346 0.00251635 0.00821773 -0.283542 -1.09726 -0.0688346 0.00821773 7.10791 2.12921 8.03724 991.369
1935 -61.1974 0.142759 1126.52 -0.102503 -0.0073222 -0.253607 0 0 -8.04051e-06 0.951773 0.109295 -0.0588178 -0.789275 -0.158132 0.679127 0.00497913 -1.17408 0.0444424 -0.723893 -0.067969 0.00258777 0.00863602 0 -1.17408 -0.067969 0.00863602 7.55738 2.23294 8.03724 983.739
1936 -60.3899 0.144916 1124.8 -0.100361 -0.00838257 -0.272959 0 -0.277484 -7.41765e-06 0.975888 0.107277 -0.0603872 -0.783646 -0.177815 0.690898 0.00522977 -1.30428 0.0466849 -0.719658 -0.0666568 0.00266832 0.00930588 -0.277484 -1.30428 -0.0666568 0.00930588 8.78129 2.59224 8.03724 974.36
1937 -59.3144 0.147442 1122.77 -0.0974353 -0.0100374 -0.301051 0 0 -6.62701e-06 1.00906 0.104431 -0.0618218 -0.77677 -0.207633 0.706764 0.00556794 -1.38306 0.0496805 -0.713997 -0.0655496 0.00277598 0.00984585 0 -1.38306 -0.0655496 0.00984585 9.23081 2.7241 8.03724 964.483
1938 -58.2922 0.15039 1120.39 -0.0946384 -0.0119663 -0.331141 0 0 -5.88939e-06 1.03934 0.101599 -0.0632924 -0.769927 -0.240577 0.721954 0.00593392 -1.51074 0.0528924 -0.708625 -0.0641802 0.00287812 0.010462 0 -1.51074 -0.0641802 0.010462 10.71 3.1731 8.03724 952.337
1939 -57.0542 0.153856 1117.61 -0.0912193 -0.0146565 -0.369377 0 -0.262134 -5.02512e-06 1.07633 0.0980398 -0.0645231 -0.761984 -0.283998 0.740503 0.0063898 -1.613 0.0568687 -0.702125 -0.0628603 0.00300173 0.0110417 -0.262134 -1.613 -0.0628603 0.0110417 11.6518 3.45346 8.03724 939.131
1940 -55.6479 0.157715 1114.46 -0.0872999 -0.0188826 -0.423511 0 0 -4.06559e-06 1.11776 0.093864 -0.0655515 -0.753159 -0.346888 0.761822 0.00694553 -1.70912 0.0616852 -0.694727 -0.0615746 0.00314242 0.0115567 0 -1.70912 -0.0615746 0.0115567 12.0552 3.60942 8.03724 925.241
1941 -54.0177 0.161899 1110.92 -0.0827426 -0.0251542 -0.493038 0 -0.249367 -2.97912e-06 1.16507 0.0889341 -0.0662462 -0.742892 -0.430625 0.786741 0.00762719 -1.80221 0.0675626 -0.686165 -0.0600323 0.00330524 0.0121685 -0.249367 -1.80221 -0.0600323 0.0121685 13.4799 4.04557 8.03724 909.923
1942 -52.2797 0.166231 1107 -0.0778674 -0.0348181 -0.582592 0 -0.481377 -1.84002e-06 1.21358 0.0836404 -0.0666611 -0.732473 -0.544003 0.81357 0.00842985 -1.84678 0.0744427 -0.677036 -0.0589156 0.00347884 0.0125497 -0.481377 -1.84678 -0.0589156 0.0125497 12.9856 3.95467 8.03724 894.819
1943 -50.3528 0.170483 1102.76 -0.0724468 -0.0499317 -0.693163 0 -0.233243 -5.94e-07 1.26561 0.0778058 -0.0666617 -0.720984 -0.700608 0.843615 0.0093918 -1.85304 0.0826498 -0.666902 -0.057753 0.00367156 0.0128429 -0.233243 -1.85304 -0.057753 0.0128429 13.387 4.1041 8.03724 879.813
1944 -48.0416 0.17508 1098.23 -0.0659495 -0.0759697 -0.830691 0 0 8.8217e-07 1.32627 0.070976 -0.066033 -0.706799 -0.94083 0.87992 0.0105948 -1.96301 0.0928828 -0.654753 -0.0559489 0.00390261 0.013368 0 -1.96301 -0.0559489 0.013368 14.6781 4.43431 8.03724 864.113
1945 -45.5015 0.180173 1093.39 -0.0588203 -0.116737 -0.963433 0 -0.212699 2.48908e-06 1.38851 0.0637983 -0.0649068 -0.69133 -1.28916 0.920017 0.0120314 -2.04653 0.105052 -0.641413 -0.0540726 0.00415627 0.0139684 -0.212699 -2.04653 -0.0540726 0.0139684 15.4225 4.69166 8.03724 847.613
1946 -42.1712 0.185382 1088.32 -0.0494983 -0.188052 -1.05317 0 -0.397684 4.58724e-06 1.46704 0.0550394 -0.0626966 -0.671602 -1.90436 0.972741 0.0139195 -2.07687 0.12103 -0.623923 -0.0521683 0.00448889 0.0145085 -0.397684 -2.07687 -0.0521683 0.0145085 14.6479 4.51253 8.03724 832.954
1947 -38.181 0.190623 1083.12 -0.0383584 -0.269596 -0.933819 0 -0.36559 7.1002e-06 1.5504 0.045656 -0.0595274 -0.647364 -2.99707 1.03571 0.0163111 -2.207 0.141211 -0.602965 -0.0492866 0.00488744 0.0152878 -0.36559 -2.207 -0.0492866 0.0152878 15.8547 4.9032 8.03724 818.713
1948 -32.6047 0.197147 1077.78 -0.0228651 -0.266724 -0.51804 0 -1.1239 1.0626e-05 1.65426 0.0346536 -0.0543921 -0.613366 -5.09381 1.12229 0.0197135 -2.41173 0.169867 -0.573705 -0.0451048 0.00544388 0.016094 -1.1239 -2.41173 -0.0451048 0.016094 18.1918 5.73823 8.03724 803.437
1949 -24.1434 0.206388 1072.37 0.00056175 -0.125412 -0.148408 0 -0.387453 1.60472e-05 1.77488 0.0222321 -0.0458233 -0.562287 -9.08754 1.24791 0.0256994 -2.56804 0.220024 -0.529277 -0.0392982 0.00628874 0.0166059 -0.387453 -2.56804 -0.0392982 0.0166059 21.9996 7.19771 8.03724 786.77
1950 -12.1852 0.219574 1066.96 0.0335256 -0.030151 -0.0314081 0 -2.4203 2.39464e-05 1.83925 0.0114416 -0.0329569 -0.492147 -10.6913 1.40693 0.0413461 -2.35835 0.348915 -0.466467 -0.033164 0.0074832 0.0167364 -2.4203 -2.35835 -0.033164 0.0167364 24.4273 8.37814 8.03724 769.547
1951 -0.580866 0.233855 1061.76 0.0652945 -0.00748802 -0.00766242 0 -6.22817 3.23563e-05 1.68447 0.00582928 -0.0199599 -0.425824 -5.89197 1.53534 0.0903792 -1.90415 0.734923 -0.405392 -0.0290763 0.00864463 0.0166863 -6.22817 -1.90415 -0.0290763 0.0166863 22.5849 7.57093 8.03724 755.469
1952 6.99642 0.245064 1056.88 0.0856097 -0.00298814 -0.00293868 0 -5.92879 3.93944e-05 1.38011 0.00370706 -0.0113336 -0.383659 -1.74449 1.60472 0.192587 -1.44995 1.47017 -0.3654 -0.0276639 0.00940515 0.0164736 -5.92879 -1.44995 -0.0276639 0.0164736 18.0169 5.99031 8.03724 746.117
1953 10.653 0.25229 1052.38 0.0947739 -0.00175413 -0.00166313 0 -6.29588 4.50644e-05 1.11039 0.00297253 -0.00717023 -0.364098 -0.351448 1.63416 0.32875 -1.13422 2.32349 -0.346116 -0.0277532 0.00977187 0.0161463 -6.29588 -1.13422 -0.0277532 0.0161463 15.0057 4.85306 8.03724 740.796
1954 12.2964 0.256692 1048.29 0.0982436 -0.00121341 -0.0011259 0 -6.0393 5.02523e-05 0.94068 0.0026899 -0.00529439 -0.355926 -0.0573182 1.64661 0.47329 -0.913106 3.08 -0.337434 -0.0284286 0.00993698 0.0157712 -6.0393 -0.913106 -0.0284286 0.0157712 12.6188 4.05589 8.03724 738.752
1955 11.7359 0.258822 1044.65 0.0957663 -0.000919656 -0.000862562 0 -5.0018 5.40423e-05 0.851856 0.00278128 -0.00589816 -0.360615 -0.00942348 1.64251 0.600269 -0.732713 3.59308 -0.340334 -0.0301621 0.00988182 0.01524 -5.0018 -0.732713 -0.0301621 0.01524 9.97071 3.26192 8.03724 738.905
1956 10.0022 0.259316 1041.46 0.0903061 -0.00072547 -0.000701534 0 -3.88902 5.64374e-05 0.831526 0.00308717 -0.00781236 -0.37163 -0.00190094 1.62931 0.695478 -0.64207 3.8395 -0.349411 -0.0319278 0.00970921 0.0147576 -3.88902 -0.64207 -0.0319278 0.0147576 8.36505 2.8174 8.03724 740.461
1957 7.73266 0.258739 1038.72 0.0836184 -0.000581861 -0.000587072 0 -3.55339 5.7662e-05 0.856363 0.0035388 -0.0103205 -0.385686 -0.000566399 1.61114 0.757909 -0.561124 3.87758 -0.361333 -0.0338356 0.0094825 0.014309 -3.55339 -0.561124 -0.0338356 0.014309 7.18861 2.45691 8.03724 743.178
1958 5.35289 0.257398 1036.42 0.0768233 -0.000468369 -0.000499048 0 -3.68566 5.81013e-05 0.907691 0.00408167 -0.0129437 -0.400161 -0.000328297 1.59101 0.793203 -0.526102 3.78331 -0.373851 -0.0355552 0.00924445 0.0138381 -3.68566 -0.526102 -0.0355552 0.0138381 6.45795 2.19885 8.03724 746.901
1959 3.06913 0.255558 1034.56 0.0704363 -0.000376162 -0.000432022 0 -3.68671 5.80636e-05 0.972896 0.00467763 -0.0154498 -0.413959 -0.000351926 1.57065 0.808203 -0.499363 3.61714 -0.385862 -0.0371126 0.00901602 0.0134223 -3.68671 -0.499363 -0.0371126 0.0134223 6.01306 2.05369 8.03724 751.247
1960 0.628135 0.253275 1033.11 0.0637773 -0.000303565 -0.000391447 0 -3.95612 5.73542e-05 1.04242 0.00540755 -0.0181236 -0.42878 -0.0004911 1.54774 0.805376 -0.466417 3.40522 -0.39871 -0.038842 0.00877171 0.0129214 -3.95612 -0.466417 -0.038842 0.0129214 5.559 1.81554 8.03724 756.098
1961 -1.66391 0.250733 1032.06 0.0576224 -0.000244101 -0.000374335 0 -3.34018 5.6404e-05 1.11405 0.00619004 -0.0206203 -0.442598 -0.000721465 1.52517 0.79196 -0.431226 3.18445 -0.410751 -0.0403896 0.00854273 0.0124872 -3.34018 -0.431226 -0.0403896 0.0124872 4.98074 1.69572 8.03724 761.175
1962 -4.23965 0.247801 1031.36 0.0508376 -0.000198029 -0.000399964 0 -3.62163 5.47287e-05 1.1868 0.00720069 -0.0234306 -0.458042 -0.0011047 1.49849 0.766461 -0.422492 2.95222 -0.424309 -0.0420177 0.0082849 0.0119765 -3.62163 -0.422492 -0.0420177 0.0119765 4.91641 1.59792 8.03724 766.411
1963 -6.406 0.245157 1030.98 0.0451731 -0.000158961 -0.000460155 0 -3.47123 5.3239e-05 1.26172 0.00816984 -0.025783 -0.470748 -0.00164475 1.47502 0.738886 -0.436074 2.74394 -0.435702 -0.0431138 0.00806823 0.0117648 -3.47123 -0.436074 -0.0431138 0.0117648 4.67243 1.57529 8.03724 771.437
1964 -8.81716 0.242207 1030.87 0.0389764 -0.000128656 -0.000588955 0 -2.25133 5.11901e-05 1.33045 0.0093908 -0.0283973 -0.485185 -0.00243617 1.44785 0.70555 -0.409337 2.54137 -0.448354 -0.0446584 0.00782763 0.0113481 -2.25133 -0.409337 -0.0446584 0.0113481 3.78353 1.42345 8.03724 776.802
1965 -11.0558 0.23911 1031.03 0.0332439 -0.000103925 -0.000804053 0 -3.20887 4.91155e-05 1.39831 0.0106835 -0.0308331 -0.49862 -0.00355037 1.42145 0.671847 -0.397691 2.36012 -0.460156 -0.0460668 0.0076032 0.0108845 -3.20887 -0.397691 -0.0460668 0.0108845 4.0354 1.3607 8.03724 782.342
1966 -12.5327 0.236334 1031.43 0.0294709 -8.25005e-05 -0.00104327 0 -2.55491 4.78698e-05 1.46519 0.0116219 -0.0324227 -0.507227 -0.00485843 1.40357 0.644665 -0.408245 2.2171 -0.467909 -0.0467736 0.00745576 0.010769 -2.55491 -0.408245 -0.0467736 0.010769 3.7572 1.37257 8.03724 787.935
1967 -14.1113 0.233525 1032.05 0.0254576 -6.62915e-05 -0.0013573 0 -3.44701 4.63663e-05 1.51711 0.0127156 -0.0341332 -0.516585 -0.00639154 1.38389 0.616876 -0.412822 2.0831 -0.476238 -0.0476445 0.00729738 0.0105308 -3.44701 -0.412822 -0.0476445 0.0105308 4.24164 1.40956 8.03724 793.392
1968 -16.3618 0.230447 1032.87 0.0198338 -5.57976e-05 -0.00189805 0 -2.98834 4.38639e-05 1.55311 0.0144342 -0.0365746 -0.530388 -0.00840582 1.35513 0.584148 -0.358758 1.94289 -0.488063 -0.0493972 0.00707249 0.00988359 -2.98834 -0.358758 -0.0493972 0.00988359 3.46488 1.11029 8.03724 799.099
1969 -18.1078 0.227481 1033.86 0.0154845 -4.90409e-05 -0.00263848 0 -2.72078 4.19109e-05 1.59803 0.0159139 -0.0384658 -0.540451 -0.0109044 1.33216 0.556548 -0.394768 1.82857 -0.497242 -0.0501063 0.00689794 0.00976074 -2.72078 -0.394768 -0.0501063 0.00976074 3.4929 1.16545 8.03724 804.589
1970 -19.8051 0.224698 1035 0.0112873 -4.7007e-05 -0.0035682 0 -1.94684 3.99395e-05 1.63584 0.0174822 -0.040302 -0.550474 -0.0138107 1.30935 0.530451 -0.392053 1.72529 -0.506151 -0.0510515 0.00672852 0.0095393 -1.94684 -0.392053 -0.0510515 0.0095393 2.94884 1.09365 8.03724 810.024
1971 -21.8588 0.221795 1036.27 0.006235 -5.34504e-05 -0.00498659 0 -1.69732 3.74022e-05 1.6614 0.0195715 -0.042533 -0.562841 -0.0171635 1.28106 0.502717 -0.361524 1.62184 -0.516947 -0.0524169 0.00652322 0.00908346 -1.69732 -0.361524 -0.0524169 0.00908346 2.74815 1.00558 8.03724 815.486
1972 -23.6708 0.218841 1037.66 0.00179045 -7.24653e-05 -0.00699751 0 -2.04078 3.51136e-05 1.69048 0.0216034 -0.0445045 -0.573591 -0.0208793 1.25548 0.478022 -0.366405 1.53242 -0.526488 -0.0534441 0.00634178 0.00875729 -2.04078 -0.366405 -0.0534441 0.00875729 2.93936 1.00894 8.03724 821.06
1973 -25.4125 0.216055 1039.16 -0.00245735 -0.000105859 -0.00948726 0 -2.00482 3.28679e-05 1.71322 0.0237302 -0.0463982 -0.584028 -0.0248212 1.23046 0.454917 -0.350107 1.45101 -0.535649 -0.0545461 0.00616757 0.00839718 -2.00482 -0.350107 -0.0545461 0.00839718 2.70848 0.945618 8.03724 826.744
1974 -27.2517 0.213247 1040.77 -0.00691735 -0.000165138 -0.012882 0 -1.40335 3.04447e-05 1.72769 0.0261718 -0.0483966 -0.594982 -0.0286857 1.20361 0.432035 -0.339172 1.37267 -0.545308 -0.0556577 0.00598389 0.00803888 -1.40335 -0.339172 -0.0556577 0.00803888 2.33305 0.867818 8.03724 832.381
1975 -29.132 0.210395 1042.47 -0.0114622 -0.000257952 -0.0173061 0 -1.03223 2.79241e-05 1.73481 0.0288943 -0.0504418 -0.606194 -0.0323337 1.17569 0.409637 -0.319667 1.29768 -0.555189 -0.0568012 0.00579598 0.00773091 -1.03223 -0.319667 -0.0568012 0.00773091 1.84042 0.759672 8.03724 838.035
1976 -30.9829 0.207462 1044.25 -0.015925 -0.000413992 -0.0235641 0 -1.08133 2.54066e-05 1.73987 0.0318128 -0.0524573 -0.617175 -0.0351496 1.14776 0.388013 -0.320245 1.22674 -0.564927 -0.0578586 0.00561079 0.00736115 -1.08133 -0.320245 -0.0578586 0.00736115 2.10648 0.823133 8.03724 843.857
1977 -33.0294 0.204601 1046.1 -0.0208498 -0.000623788 -0.0314003 0 -1.46157 2.25929e-05 1.73288 0.0353289 -0.0546873 -0.629402 -0.0374711 1.11645 0.365447 -0.303792 1.15404 -0.575702 -0.0591056 0.00540588 0.00699873 -1.46157 -0.303792 -0.0591056 0.00699873 2.06672 0.75251 8.03724 849.5
1978 -34.7176 0.201811 1048.01 -0.0248972 -0.000903147 -0.040734 0 -2.02722 2.02537e-05 1.73153 0.0384685 -0.0565243 -0.639384 -0.039259 1.09032 0.34551 -0.305491 1.09067 -0.584598 -0.0600225 0.00523672 0.0067326 -2.02722 -0.305491 -0.0600225 0.0067326 2.32103 0.78192 8.03724 855.265
1979 -36.4619 0.199034 1049.98 -0.0290483 -0.00118869 -0.0504289 0 -0.878184 1.784e-05 1.72032 0.0419274 -0.0584103 -0.649701 -0.0410657 1.06322 0.325397 -0.301862 1.02752 -0.593744 -0.0610197 0.00506278 0.00649117 -0.878184 -0.301862 -0.0610197 0.00649117 1.66373 0.664427 8.03724 860.958
1980 -38.2665 0.196355 1051.99 -0.0333488 -0.00148051 -0.0605946 0 -0.915793 1.53305e-05 1.70182 0.0457705 -0.0603621 -0.660418 -0.0417524 1.0349 0.304841 -0.303756 0.96376 -0.603239 -0.0620612 0.00488223 0.0061677 -0.915793 -0.303756 -0.0620612 0.0061677 1.74744 0.637676 8.03724 866.469
1981 -39.8799 0.193862 1054.01 -0.0371833 -0.00173919 -0.0698402 0 -1.1362 1.30825e-05 1.68421 0.0494289 -0.0620971 -0.66973 -0.0421175 1.00943 0.285441 -0.324026 0.904352 -0.611733 -0.0627178 0.0047207 0.00615583 -1.1362 -0.324026 -0.0627178 0.00615583 1.94807 0.721718 8.03724 871.614
1982 -41.5675 0.191366 1056.05 -0.041187 -0.00193037 -0.0774256 0 -1.18064 1.07393e-05 1.65894 0.0534741 -0.0638985 -0.679799 -0.0421448 0.982716 0.265545 -0.31021 0.844046 -0.620612 -0.063739 0.00455185 0.00589133 -1.18064 -0.31021 -0.063739 0.00589133 1.54713 0.593709 8.03724 877.044
1983 -43.4194 0.188818 1058.11 -0.0455698 -0.0019988 -0.0822165 0 -0.408077 8.18776e-06 1.62303 0.0581565 -0.0658545 -0.690776 -0.041542 0.953413 0.244771 -0.299412 0.781566 -0.630334 -0.0648092 0.00436697 0.00560642 -0.408077 -0.299412 -0.0648092 0.00560642 1.32688 0.525498 8.03724 882.321
1984 -45.4154 0.186157 1060.17 -0.050309 -0.00191565 -0.0828513 0 -0.849382 5.44822e-06 1.57872 0.0635015 -0.067934 -0.702888 -0.0393167 0.921728 0.223185 -0.259502 0.717259 -0.640845 -0.06621 0.00416708 0.00505948 -0.849382 -0.259502 -0.06621 0.00505948 1.4099 0.486854 8.03724 887.8
1985 -46.9139 0.183802 1062.24 -0.0538431 -0.00192669 -0.083169 0 -0.218438 3.40792e-06 1.54794 0.067678 -0.0694259 -0.711692 -0.0390988 0.898055 0.204655 -0.263817 0.663177 -0.648712 -0.0669978 0.00401748 0.00490435 -0.218438 -0.263817 -0.0669978 0.00490435 1.11182 0.476855 8.03724 893.202
1986 -48.4316 0.181447 1064.33 -0.0574357 -0.00185219 -0.0808687 0 -0.449823 1.35541e-06 1.51194 0.072056 -0.0708868 -0.720732 -0.0385332 0.874075 0.186412 -0.260664 0.610361 -0.656703 -0.0678946 0.00386552 0.00466972 -0.449823 -0.260664 -0.0678946 0.00466972 1.10429 0.456472 8.03724 898.569
1987 -49.7504 0.17915 1066.42 -0.060557 -0.00178524 -0.0778657 0 -0.69208 -4.09641e-07 1.47946 0.0759543 -0.0720669 -0.728466 -0.0384291 0.853314 0.169729 -0.262828 0.562717 -0.663647 -0.0685515 0.00373345 0.00458201 -0.69208 -0.262828 -0.0685515 0.00458201 1.18864 0.470318 8.03724 903.983
1988 -50.9569 0.176956 1068.52 -0.0634122 -0.00174749 -0.0751061 0 -0.70909 -2.00264e-06 1.44733 0.0795769 -0.073061 -0.735646 -0.0390458 0.83442 0.154308 -0.250955 0.518995 -0.669995 -0.0692634 0.00361275 0.00441033 -0.70909 -0.250955 -0.0692634 0.00441033 0.92149 0.416658 8.03724 909.371
1989 -52.1948 0.174743 1070.64 -0.0663476 -0.0016646 -0.0711984 0 -0.482353 -3.61352e-06 1.41109 0.0833308 -0.0739979 -0.742981 -0.0388992 0.815149 0.139535 -0.252168 0.477102 -0.676502 -0.0699688 0.00348901 0.00421789 -0.482353 -0.252168 -0.0699688 0.00421789 1.06235 0.418959 8.03724 914.67
1990 -53.3788 0.172615 1072.76 -0.0691637 -0.0015897 -0.0673731 0 -0.24623 -5.12989e-06 1.37451 0.0869391 -0.0747716 -0.750017 -0.0387779 0.796825 0.125833 -0.245178 0.438307 -0.682724 -0.0706631 0.00337068 0.0040605 -0.24623 -0.245178 -0.0706631 0.0040605 0.877319 0.385032 8.03724 919.89
1991 -54.4711 0.170522 1074.88 -0.0717786 -0.00151992 -0.0636923 0 -0.502507 -6.50624e-06 1.33944 0.0902718 -0.0753275 -0.756462 -0.0385791 0.779986 0.113332 -0.245287 0.40298 -0.688478 -0.0712451 0.00326126 0.00396271 -0.502507 -0.245287 -0.0712451 0.00396271 0.900214 0.356334 8.03724 925.031
1992 -55.579 0.168451 1077 -0.0744355 -0.00144457 -0.0600319 0 0 -7.87334e-06 1.30216 0.0936158 -0.0757457 -0.763032 -0.0380455 0.76308 0.101661 -0.239439 0.369756 -0.694293 -0.0718901 0.00315068 0.00380143 0 -0.239439 -0.0718901 0.00380143 0.757877 0.358767 8.03724 930.202
1993 -56.6283 0.166461 1079.12 -0.0769754 -0.00137985 -0.0568351 0 0 -9.14355e-06 1.26568 0.0967468 -0.0759321 -0.769098 -0.0375394 0.747142 0.0910369 -0.254134 0.339361 -0.699813 -0.0723307 0.0030457 0.00379545 0 -0.254134 -0.0723307 0.00379545 0.851131 0.371084 8.03724 935.075
1994 -57.8146 0.164553 1081.21 -0.079862 -0.0012955 -0.0534917 0 0 -1.05606e-05 1.22229 0.100206 -0.0760388 -0.776062 -0.036309 0.72927 0.0808727 -0.256127 0.309592 -0.706054 -0.0729345 0.00292702 0.0036993 0 -0.256127 -0.0729345 0.0036993 0.904969 0.366562 8.03724 939.662
1995 -58.9385 0.162692 1083.27 -0.0826239 -0.00121116 -0.050444 0 0 -1.18693e-05 1.18053 0.103374 -0.075794 -0.782799 -0.0348666 0.712489 0.0717329 -0.239233 0.282591 -0.711967 -0.0736473 0.00281458 0.00352491 0 -0.239233 -0.0736473 0.00352491 0.682105 0.316688 8.03724 944.356
1996 -59.962 0.160795 1085.32 -0.0851752 -0.00114639 -0.048202 0 -0.275286 -1.3025e-05 1.1419 0.10614 -0.0751577 -0.789029 -0.0336317 0.697327 0.0636462 -0.211528 0.258487 -0.717357 -0.0743837 0.00271207 0.00328036 -0.275286 -0.211528 -0.0743837 0.00328036 0.660567 0.279771 8.03724 949.292
1997 -60.7468 0.159007 1087.37 -0.0871728 -0.0011357 -0.0476222 0 0 -1.38573e-05 1.11222 0.108158 -0.0741052 -0.793706 -0.0334771 0.685827 0.0568494 -0.208129 0.238251 -0.721479 -0.0748609 0.0026337 0.00316564 0 -0.208129 -0.0748609 0.00316564 0.539881 0.267715 8.03724 954.212
1998 -61.5745 0.157297 1089.42 -0.0893025 -0.00111347 -0.0470997 0 0 -1.47213e-05 1.07973 0.110183 -0.0729134 -0.798592 -0.0329646 0.673766 0.0506 -0.210475 0.218987 -0.725833 -0.0753098 0.00255088 0.00309053 0 -0.210475 -0.0753098 0.00309053 0.564838 0.276093 8.03724 958.878
1999 -62.3395 0.155646 1091.45 -0.0913087 -0.00109582 -0.0469764 0 0 -1.54862e-05 1.04915 0.111941 -0.0714778 -0.803193 -0.0324317 0.662706 0.0450715 -0.200477 0.20154 -0.729858 -0.0758094 0.00247435 0.0029549 0 -0.200477 -0.0758094 0.0029549 0.482402 0.251227 8.03724 963.643
